original	renamed
14:24642348:C:T	1
14:24646469:T:C	2
14:24647522:G:T	3
14:70345205:A:G	4
14:70345713:C:T	5
14:70345932:C:T	6
14:70345979:T:A	7
14:70346154:C:G	8
14:70348554:G:A	9
14:70348639:C:T	10
14:70348931:C:T	11
14:70349413:C:T	12
14:70352158:G:A	13
14:70353617:A:G	14
14:70354847:G:A	15
14:70355319:C:T	16
14:70356047:C:T	17
14:70356126:G:A	18
14:70356234:G:A	19
14:70356362:A:G	20
14:70358280:C:G	21
14:70359255:T:C	22
14:70360186:A:G	23
14:70361410:G:A	24
14:70363861:C:G	25
14:70366674:G:A	26
14:70366990:G:T	27
14:70368677:G:T	28
14:70369925:T:G	29
14:70373113:G:T	30
14:70375623:C:T	31
14:70380889:G:C	32
14:70381658:G:T	33
14:70382672:T:G	34
14:70383891:T:C	35
14:70384955:T:A	36
14:70386403:T:G	37
14:70386500:C:T	38
14:70387376:A:C	39
14:70389365:T:C	40
14:70389870:G:A	41
14:70389951:T:C	42
14:70395335:G:T	43
14:70395939:T:G	44
14:70396747:G:T	45
14:70396994:C:T	46
14:70398134:G:A	47
14:70399679:G:T	48
14:70402819:T:C	49
14:70405241:G:A	50
14:70405714:A:G	51
14:70406020:G:A	52
14:70406059:G:T	53
14:70409776:T:C	54
14:70409941:T:C	55
14:70411090:T:C	56
14:70411355:C:T	57
14:70414018:C:G	58
14:70416351:G:A	59
14:70417479:C:A	60
14:70418798:G:A	61
14:70421435:A:G	62
14:70422580:C:G	63
14:70423327:T:C	64
14:70425506:A:G	65
14:70429125:C:T	66
14:70430674:A:G	67
14:70430738:G:A	68
14:70430791:A:G	69
14:70431495:A:G	70
14:70431924:A:G	71
14:70432220:A:G	72
14:70442987:A:G	73
14:70443834:C:A	74
14:70445267:G:A	75
14:70446782:G:T	76
14:70448907:C:T	77
14:70450170:A:G	78
14:70451688:G:A	79
14:70451742:C:A	80
14:70452238:A:G	81
14:70456609:G:C	82
14:70456699:T:G	83
14:70457070:T:C	84
14:70458366:C:G	85
14:70462855:T:C	86
14:70463104:A:G	87
14:70464703:T:C	88
14:70464853:G:T	89
14:70465702:T:A	90
14:70472812:C:G	91
14:70474613:A:T	92
14:70477702:G:C	93
14:70478098:T:G	94
14:70478844:T:C	95
14:70479523:G:A	96
14:70482181:A:C	97
14:70483276:A:G	98
14:70484014:G:A	99
14:70485264:C:T	100
14:70485908:A:C	101
14:70486548:A:G	102
14:70487779:C:A	103
14:70490431:A:G	104
14:70490799:G:A	105
14:70491189:G:A	106
14:70492777:C:T	107
14:70494198:T:C	108
14:70495839:T:C	109
14:70496867:C:T	110
14:70497381:C:A	111
14:70497535:G:A	112
14:70498407:C:T	113
