"","SNP","snpbetw_centr"
"1","3:193723624:G:C",35.2066576512383
"2","3:193723697:C:T",12.7955687330029
"3","3:193724534:T:C",26.7648406376556
"4","3:193725434:G:A",6.16405410926948
"5","3:193725592:G:A",17.6216702820021
"6","3:193725944:G:A",5.10231591431955
"7","3:193728274:C:A",12.1758256255692
"8","3:193728370:T:G",24.6206289919634
"9","3:193731389:G:A",4.83045216918955
"10","3:193731605:A:G",6.47844281833085
"11","3:193731656:C:T",10.4740197250713
"12","3:193731868:G:C",7.46861235244809
"13","3:193734362:A:G",17.2202222700274
"14","3:193736216:G:C",4.9209741712179
"15","3:193738327:G:A",14.3751246626826
"16","3:193739875:G:A",30.30122727905
"17","3:193742761:C:T",5.10231591431955
"18","3:193742989:T:C",5.10482087896848
"19","3:193744982:G:A",5.30039567448102
"20","3:193745891:C:T",7.67541525958574
"21","3:193747027:A:G",26.2713164891454
"22","3:193748520:G:C",10.7357764025213
"23","3:193749905:C:T",9.73882920861114
"24","3:193750201:T:A",3.84351492527155
"25","3:193750964:C:A",7.1363874238293
"26","3:193752822:C:T",22.8589923425288
"27","3:193754757:A:G",32.8979719674591
"28","3:193757813:C:A",30.7931592819269
"29","3:193758458:C:T",5.68815620836932
"30","3:193758761:C:T",2.47666405557172
"31","3:193758849:T:C",23.1760010570565
"32","3:193759302:G:A",18.7718887578826
"33","3:193761141:A:G",10.6731348776662
"34","3:193762759:C:G",12.2749123926635
"35","3:193763672:G:A",5.53017355461527
"36","3:193764632:A:G",24.0188406021726
"37","3:193765630:A:G",7.2999028914879
"38","3:193767201:C:T",6.16387688143351
"39","3:193768494:C:T",6.45234389333806
"40","3:193768560:A:G",40.2868071498779
"41","3:193770593:T:C",1.77475866804352
"42","3:193772142:C:T",12.4380673761933
"43","3:193776257:G:T",14.8193520566623
"44","3:193777628:G:A",3.38985656934953
"45","3:193778864:G:A",51.7980397088172
"46","3:193779569:A:G",12.8263735123832
"47","3:193780376:T:C",15.28852297842
"48","3:193780789:T:C",45.2156417670616
"49","3:193780843:C:T",34.0064700851567
"50","3:193781037:T:C",6.94389072672633
"51","3:193781690:C:T",16.5013101852804
"52","3:193782330:T:C",18.2561065354631
"53","3:193782853:T:A",5.546481125165
"54","3:193783178:T:C",24.8946257813324
"55","3:193783622:T:C",26.9052766855201
"56","3:193783919:T:C",22.2890360442591
"57","3:193783994:C:G",8.07392460283967
"58","3:193785198:A:G",41.0255621033896
"59","3:193785575:T:C",3.78487196285117
"60","3:193789235:G:A",31.4295960412639
