"","15:43623397:T:G","15:43623415:C:T","15:43623429:G:T","15:43626298:G:A","15:43629405:T:C","15:43631393:A:G","15:43633613:G:A","15:43633736:A:G","15:43634874:G:A","15:43635276:A:G","15:43638668:C:T","15:43640750:T:C","15:43643726:G:A","15:43645158:T:G","15:43645891:T:G"
"15:43623397:T:G",0.00949554665510099,0.000168836073921597,-0.000112068960267386,-0.0002576804553307,-0.00161195741106823,-0.000249443396713289,0.000312765425118045,-0.00136831114915292,-0.00118740659451788,-0.000689526228013548,-0.000175350513505812,-0.00431129961124732,-0.000191048820939343,8.10891269420466e-06,0.000168836073921597
"15:43623415:C:T",0.000168836073921597,0.00380256632008358,2.93550705494638e-05,7.27327901852703e-05,-0.000186284361313405,6.83029577661642e-05,-0.000107553113172898,-0.000981877907683781,-0.00192056242343686,-0.00171276041421908,-0.000208359250313706,-2.0342772184101e-05,-0.0021979366010374,-3.858148095226e-06,0.00319774177895038
"15:43623429:G:T",-0.000112068960267386,2.93550705494638e-05,0.00851492832924272,-4.3821231192176e-05,-0.000182601031096574,-0.0013677402638459,5.18856602784723e-05,2.83144501054267e-05,-0.0026107645423501,-0.0029134581317436,-0.00140256847566889,9.52984933366707e-06,-3.21812803498744e-05,1.83548645527054e-06,2.93550705494638e-05
"15:43626298:G:A",-0.0002576804553307,7.27327901852703e-05,-4.3821231192176e-05,0.0103041432447855,-0.000471312546741487,-0.000100569600431477,0.000132122617069186,7.0223350518539e-05,-0.000942124583845683,-8.1335990726572e-05,-0.00870309288870974,2.18263555318288e-05,-7.80214743576479e-05,4.17762305993108e-06,7.27327901852703e-05
"15:43629405:T:C",-0.00161195741106823,-0.000186284361313405,-0.000182601031096574,-0.000471312546741487,0.0325762885254854,-0.0011459951139452,0.000101912866401044,-0.00777408135578384,-0.00380921573886273,0.000134689488386019,-0.00165963232586019,-0.00289954513543655,-0.00628557016198084,-0.00660041133687006,-0.000186284361313405
"15:43631393:A:G",-0.000249443396713289,6.83029577661642e-05,-0.0013677402638459,-0.000100569600431477,-0.0011459951139452,0.0110734804748329,0.000123175752595017,-0.00227222068572441,-0.000266613281441508,-0.000230121414381834,-6.57158645305245e-05,-0.00168914925222019,-0.000967257361010887,-0.00297843590871505,6.83029577661642e-05
"15:43633613:G:A",0.000312765425118045,-0.000107553113172898,5.18856602784723e-05,0.000132122617069186,0.000101912866401044,0.000123175752595017,0.00730029036929913,-0.000102982470651547,-0.00213335058788111,-0.00261731205551818,-0.00173147255266137,-0.0013131161365445,9.86662086441825e-05,-7.47886980256851e-06,-0.000107553113172898
"15:43633736:A:G",-0.00136831114915292,-0.000981877907683781,2.83144501054267e-05,7.0223350518539e-05,-0.00777408135578384,-0.00227222068572441,-0.000102982470651547,0.0157177285137307,-7.13686654307821e-05,4.87400999862331e-05,-0.00234163792191566,-1.94901843206807e-05,5.25413771201855e-05,-3.6995431136333e-06,-0.000981877907683781
"15:43634874:G:A",-0.00118740659451788,-0.00192056242343686,-0.0026107645423501,-0.000942124583845683,-0.00380921573886273,-0.000266613281441508,-0.00213335058788111,-7.13686654307821e-05,0.0221969799071911,-0.00269086826963516,-0.00124989552770938,-0.00320036793613632,-0.000202122783997005,8.24345149030847e-06,-0.00192056242343686
"15:43635276:A:G",-0.000689526228013548,-0.00171276041421908,-0.0029134581317436,-8.1335990726572e-05,0.000134689488386019,-0.000230121414381834,-0.00261731205551818,4.87400999862331e-05,-0.00269086826963516,0.0125565123374165,-5.1920783685766e-05,1.61867245926928e-05,-5.9196660494365e-05,3.13171225574393e-06,-0.00171276041421908
"15:43638668:C:T",-0.000175350513505812,-0.000208359250313706,-0.00140256847566889,-0.00870309288870974,-0.00165963232586019,-6.57158645305245e-05,-0.00173147255266137,-0.00234163792191566,-0.00124989552770938,-5.1920783685766e-05,0.0178314246977607,1.46545747803373e-05,-5.08913463770355e-05,2.81742871077739e-06,-0.000208359250313706
"15:43640750:T:C",-0.00431129961124732,-2.0342772184101e-05,9.52984933366707e-06,2.18263555318288e-05,-0.00289954513543655,-0.00168914925222019,-0.0013131161365445,-1.94901843206807e-05,-0.00320036793613632,1.61867245926928e-05,1.46545747803373e-05,0.0133958647078449,1.67959435009024e-05,-1.20435531059115e-06,-2.0342772184101e-05
"15:43643726:G:A",-0.000191048820939343,-0.0021979366010374,-3.21812803498744e-05,-7.80214743576479e-05,-0.00628557016198084,-0.000967257361010887,9.86662086441825e-05,5.25413771201855e-05,-0.000202122783997005,-5.9196660494365e-05,-5.08913463770355e-05,1.67959435009024e-05,0.0120909438502972,3.21571201933324e-06,-0.0021979366010374
"15:43645158:T:G",8.10891269420466e-06,-3.858148095226e-06,1.83548645527054e-06,4.17762305993108e-06,-0.00660041133687006,-0.00297843590871505,-7.47886980256851e-06,-3.6995431136333e-06,8.24345149030847e-06,3.13171225574393e-06,2.81742871077739e-06,-1.20435531059115e-06,3.21571201933324e-06,0.00956741598331678,-3.858148095226e-06
"15:43645891:T:G",0.000168836073921597,0.00319774177895038,2.93550705494638e-05,7.27327901852703e-05,-0.000186284361313405,6.83029577661642e-05,-0.000107553113172898,-0.000981877907683781,-0.00192056242343686,-0.00171276041421908,-0.000208359250313706,-2.0342772184101e-05,-0.0021979366010374,-3.858148095226e-06,0.00380256632008358
