"","17:76186975:C:T","17:76188747:T:A","17:76189051:T:C","17:76189589:G:A","17:76191600:T:G","17:76192315:G:A","17:76192529:G:A","17:76192584:A:C","17:76194372:T:C","17:76195783:C:T","17:76197305:G:A","17:76198013:A:G","17:76198103:A:G","17:76198241:C:T","17:76198383:A:G","17:76200476:G:A","17:76204390:G:A","17:76204580:C:T","17:76204620:G:C"
"17:76186975:C:T",0.0118125066096622,3.67127475726647e-05,-6.51064476757668e-05,-0.000933007227438054,-7.38271003930535e-05,5.40624063565254e-05,-0.000160549837141311,-0.00547226064144279,-0.000795400353094777,-0.000933007227438054,-0.000203257770218457,-9.90551932158468e-05,-0.000401411123839068,0.000262561707594422,-0.000427871484935949,4.12189363405702e-05,-0.00209575152212249,-0.000621245509508483,7.4689030937769e-05
"17:76188747:T:A",3.67127475726647e-05,0.0208638504141057,-0.00224766377146679,5.60159762086343e-05,-0.00278127332386902,-2.66328036229169e-05,-0.00134096283674889,-0.00148283699741114,-0.00171362366317673,5.60159762086343e-05,-0.00407867795083927,3.67127475726647e-05,-0.00210335387717908,1.73805530723214e-05,-0.00187884118927784,-1.8137085120884e-05,-0.00343913064483647,7.75424380723422e-05,-3.30967092638801e-05
"17:76189051:T:C",-6.51064476757668e-05,-0.00224766377146679,0.0312045442532729,-0.00113690464785776,-0.00356651376366468,-0.00292411661903325,-0.00508375111171144,-0.000386806136694062,-0.000555051554646191,-0.00113690464785776,-0.00298411340765536,-0.00341178385042973,-0.00161781394710392,-2.97645581461836e-05,-0.00144886630812824,2.67565052993746e-05,-0.00177278301747386,-0.000805678861902415,-0.00205767810712487
"17:76189589:G:A",-0.000933007227438054,5.60159762086343e-05,-0.00113690464785776,0.0140643546819503,-0.000874090696187046,-0.000128652491657721,-0.000250130508056223,-0.00245557891300141,-0.000487098323760371,0.00176983164422939,-0.000242988089933505,-0.000155422518334447,-0.00279323851224333,-0.00102640887362337,-0.00437730508031464,6.25606470165962e-05,0.000202846306160076,-0.00140889816045942,0.000114114787302277
"17:76191600:T:G",-7.38271003930535e-05,-0.00278127332386902,-0.00356651376366468,-0.000874090696187046,0.0199668431628988,-0.00277344568333593,-0.000119817927466848,-0.000865582856834912,-0.000870626910891126,-0.000874090696187046,-0.00616351282991712,-7.38271003930535e-05,-0.000569814282111558,-3.42572729321589e-05,3.59318116860408e-05,3.13310873174544e-05,-0.000285993237379323,-0.00016410754273366,5.66751623942707e-05
"17:76192315:G:A",5.40624063565254e-05,-2.66328036229169e-05,-0.00292411661903325,-0.000128652491657721,-0.00277344568333593,0.0367491043015726,0.000488421747811607,-0.000711388084336573,-0.0028784093408869,-0.00012865249165861,-0.00344704081565972,0.000121558182333281,-0.0169229134060136,-0.000114396447356668,-0.00312943493882267,-0.000433335957959358,-0.000726564597377521,-0.00101924675606657,-0.00204891620428604
"17:76192529:G:A",-0.000160549837141311,-0.00134096283674889,-0.00508375111171144,-0.000250130508056223,-0.000119817927466848,0.000488421747811607,0.0264461775930789,-0.00401549923746103,0.00156491259936598,-0.000250130508056223,-0.00625510091778025,-0.000160549837141311,-0.00237398347748208,-7.52656836917609e-05,-0.00685058417984941,6.51584167794539e-05,-0.00139739298724439,-0.000350232855031329,0.000119281547826589
"17:76192584:A:C",-0.00547226064144279,-0.00148283699741114,-0.000386806136694062,-0.00245557891300141,-0.000865582856834912,-0.000711388084336573,-0.00401549923746103,0.0415783019286948,-0.00565639053100053,-0.00245557891300141,-0.00482528135186255,0.000126951876789683,-0.00200081996247192,-0.00240494078091213,-0.0023511810026271,-0.00329843939550845,7.06414694375823e-05,-0.000392950512666523,-0.00300035995768955
"17:76194372:T:C",-0.000795400353094777,-0.00171362366317673,-0.000555051554646191,-0.000487098323760371,-0.000870626910891126,-0.0028784093408869,0.00156491259936598,-0.00565639053100053,0.0219375317089621,-0.000487098323760371,-8.77159083882972e-05,-0.000795400353094777,-0.00171161363097116,-0.000566657148751482,-0.00155111088270043,0.000113606943547673,-0.00479997829887324,-0.000870521009668224,0.00021064498178891
"17:76195783:C:T",-0.000933007227438054,5.60159762086343e-05,-0.00113690464785776,0.00176983164422939,-0.000874090696187046,-0.00012865249165861,-0.000250130508056223,-0.00245557891300141,-0.000487098323760371,0.0140643546819512,-0.000242988089933505,-0.000155422518334447,-0.00279323851224333,-0.00102640887362337,-0.00437730508031464,6.25606470165962e-05,0.000202846306160076,-0.00140889816045942,0.000114114787302277
"17:76197305:G:A",-0.000203257770218457,-0.00407867795083927,-0.00298411340765536,-0.000242988089933505,-0.00616351282991712,-0.00344704081565972,-0.00625510091778025,-0.00482528135186255,-8.77159083882972e-05,-0.000242988089933505,0.0497216968566088,-0.000388735726276401,-0.00511495050460642,-0.00145946591939428,-0.00723031856003642,-0.00215374857194917,-0.001133405736371,-0.000768212772580767,-0.00294218193320628
"17:76198013:A:G",-9.90551932158468e-05,3.67127475726647e-05,-0.00341178385042973,-0.000155422518334447,-7.38271003930535e-05,0.000121558182333281,-0.000160549837141311,0.000126951876789683,-0.000795400353094777,-0.000155422518334447,-0.000388735726276401,0.0182795935242632,-0.00271693937522866,-4.59796587488626e-05,-0.00327691021426801,4.12189363405702e-05,0.000131638848360538,-0.000621245509508483,-0.00683640226068594
"17:76198103:A:G",-0.000401411123839068,-0.00210335387717908,-0.00161781394710392,-0.00279323851224333,-0.000569814282111558,-0.0169229134060136,-0.00237398347748208,-0.00200081996247192,-0.00171161363097116,-0.00279323851224333,-0.00511495050460642,-0.00271693937522866,0.0599071997778129,-0.000375432044460666,-0.0099841848891935,-0.00431361086817716,-0.000896746963801043,-0.00146446235418107,-0.00175267204650531
"17:76198241:C:T",0.000262561707594422,1.73805530723214e-05,-2.97645581461836e-05,-0.00102640887362337,-3.42572729321589e-05,-0.000114396447356668,-7.52656836917609e-05,-0.00240494078091213,-0.000566657148751482,-0.00102640887362337,-0.00145946591939428,-4.59796587488626e-05,-0.000375432044460666,0.00891274716447032,-0.00146867600378719,1.96035795143601e-05,6.13837255807326e-05,-0.00068125587895107,3.52324141470461e-05
"17:76198383:A:G",-0.000427871484935949,-0.00187884118927784,-0.00144886630812824,-0.00437730508031464,3.59318116860408e-05,-0.00312943493882267,-0.00685058417984941,-0.0023511810026271,-0.00155111088270043,-0.00437730508031464,-0.00723031856003642,-0.00327691021426801,-0.0099841848891935,-0.00146867600378719,0.0567182506148929,-0.000482049988257849,-0.000129168094654908,-0.00562521760138601,-0.0021651569280241
"17:76200476:G:A",4.12189363405702e-05,-1.8137085120884e-05,2.67565052993746e-05,6.25606470165962e-05,3.13310873174544e-05,-0.000433335957959358,6.51584167794539e-05,-0.00329843939550845,0.000113606943547673,6.25606470165962e-05,-0.00215374857194917,4.12189363405702e-05,-0.00431361086817716,1.96035795143601e-05,-0.000482049988257849,0.0114482500490665,-0.00126109292740662,8.60566640508154e-05,-3.79076179104487e-05
"17:76204390:G:A",-0.00209575152212249,-0.00343913064483647,-0.00177278301747386,0.000202846306160076,-0.000285993237379323,-0.000726564597377521,-0.00139739298724439,7.06414694375823e-05,-0.00479997829887324,0.000202846306160076,-0.001133405736371,0.000131638848360538,-0.000896746963801043,6.13837255807326e-05,-0.000129168094654908,-0.00126109292740662,0.0171059874856971,0.000285815885284535,-0.000123151999139814
"17:76204580:C:T",-0.000621245509508483,7.75424380723422e-05,-0.000805678861902415,-0.00140889816045942,-0.00016410754273366,-0.00101924675606657,-0.000350232855031329,-0.000392950512666523,-0.000870521009668224,-0.00140889816045942,-0.000768212772580767,-0.000621245509508483,-0.00146446235418107,-0.00068125587895107,-0.00562521760138601,8.60566640508154e-05,0.000285815885284535,0.0155942153770088,0.000158543120686971
"17:76204620:G:C",7.4689030937769e-05,-3.30967092638801e-05,-0.00205767810712487,0.000114114787302277,5.66751623942707e-05,-0.00204891620428604,0.000119281547826589,-0.00300035995768955,0.00021064498178891,0.000114114787302277,-0.00294218193320628,-0.00683640226068594,-0.00175267204650531,3.52324141470461e-05,-0.0021651569280241,-3.79076179104487e-05,-0.000123151999139814,0.000158543120686971,0.0201142279314501
