"","11:119082069:T:C","11:119083378:A:G","11:119093612:G:A","11:119094187:C:T","11:119095402:G:A","11:119095436:G:A","11:119095783:T:C","11:119096531:G:A","11:119099086:T:C","11:119099906:G:C","11:119101985:C:T","11:119104146:C:G","11:119105119:A:G","11:119107969:G:A","11:119114812:C:A","11:119115361:G:C","11:119116390:G:T","11:119119776:A:G","11:119121660:C:G","11:119122223:T:A","11:119126938:G:C","11:119131779:C:T","11:119144402:A:G","11:119146659:G:C","11:119150417:T:A","11:119153510:C:T","11:119167964:A:T","11:119173587:C:G","11:119176398:T:C"
"11:119082069:T:C",0.0478962698136782,-0.00191923096857227,-0.000277039085585074,-0.00189535394255547,-3.53369110062118e-05,-0.00350514321520912,-0.00183443712910325,7.22025025154949e-05,-0.00300738130595768,-0.000419799175351621,-5.5431827661323e-06,-0.00219357698362366,-0.0032358982445686,-0.00722899612921868,-0.00236345397727078,-6.88509424158212e-05,-0.00343741727041369,-2.94921565640038e-05,-9.76111384280998e-05,4.40144748212745e-05,-0.0020220027508282,-5.5431827661323e-06,-0.00219357698362366,-0.00248925210907691,-0.0032358982445686,-4.13793749842739e-05,-0.00258029785689651,4.40144748212745e-05,-0.00393398900448183
"11:119083378:A:G",-0.00191923096857227,0.0393467955411779,-0.00086418244745623,9.85707941936198e-08,-6.5040258814264e-06,-8.81495894766715e-06,-0.0015798036286867,9.80728463151337e-06,-0.00241287373575849,-0.00361451421767889,-0.00216873966468611,-0.00216563249897828,-0.000589654520702254,-0.00311112847179817,-0.00346216255539389,-0.00188316204531791,-0.000116537012912588,-5.43692486232317e-06,-1.70718520742241e-06,6.74837830239028e-06,-3.61623659372867e-06,-0.00216873966468611,-0.00216563249897828,-0.00492574635846799,-0.000589654520702254,-0.00250653992914707,-0.00306295550794111,6.74837830239028e-06,-3.72285738512446e-05
"11:119093612:G:A",-0.000277039085585074,-0.00086418244745623,0.0282484262469356,-0.000267560384406451,-6.45515703086019e-05,-8.8200112828396e-05,7.0332920005356e-05,0.000133035949532179,0.000165537618197487,-0.00222483005826923,-0.00265890780593647,-5.75811055387732e-05,-0.00103981913577833,-0.00543128760754463,7.0332920005356e-05,-8.2145985752291e-05,-0.00443046736621966,-5.32741945944437e-05,-0.00169804510767513,7.93500739044717e-05,-0.0024311475103902,-0.00265890780593647,-5.75811055387732e-05,0.000401301963560918,-0.00103981913577833,-7.61879661892451e-05,0.000116897157877105,7.93500739044717e-05,-0.00386302943219619
"11:119094187:C:T",-0.00189535394255547,9.85707941936198e-08,-0.000267560384406451,0.0286388608412533,-2.92308666161034e-09,-1.64220042897512e-07,-1.14430818154432e-06,-3.04989396493482e-06,-0.00335329962267839,-2.25760460814683e-06,9.00391361469133e-08,-0.000478542030330154,-0.00802288671554319,-3.13448531947813e-05,-1.14430818154432e-06,-0.00243398217036805,-0.000134761796209304,4.79797472863197e-08,7.96006025538532e-08,-1.32584484990872e-06,9.63597779346514e-08,9.00391361469133e-08,-0.000478542030330154,-0.0034600453251219,-0.00802288671554319,-7.32035267958508e-08,-2.56016557020899e-06,-1.32584484990872e-06,-4.71095273040234e-05
"11:119095402:G:A",-3.53369110062118e-05,-6.5040258814264e-06,-6.45515703086019e-05,-2.92308666161034e-09,0.00524503671959753,-1.56317577175713e-05,1.44469867153774e-05,2.64508302709743e-05,-0.0001743059913899,0.000111558627113872,-4.27576135386687e-06,-2.71473526058941e-06,8.63781922744167e-05,-0.000899605886799826,1.44469867153774e-05,-1.46692046607555e-05,-0.002214220773749,-1.00344951761144e-05,-3.39914714597711e-06,1.59467735638685e-05,-6.97328232845962e-06,-4.27576135386687e-06,-2.71473526058941e-06,-0.000242704559636486,8.63781922744167e-05,-1.37188200355354e-05,2.37242054810238e-05,1.59467735638685e-05,-0.00192467394541929
"11:119095436:G:A",-0.00350514321520912,-8.81495894766715e-06,-8.8200112828396e-05,-1.64220042897512e-07,-1.56317577175713e-05,0.0292893221598769,1.8624323292471e-05,3.39292307236505e-05,-0.00308505075022225,-0.000197799441778557,-5.66896171161346e-06,-0.00184818023907685,-0.00129413693341096,-0.00111314813531127,-0.00204989665472777,-1.94160957667222e-05,-0.0018450890156787,-1.31943672529999e-05,-4.50388659878342e-06,-0.00188204768853151,-9.26322777861088e-06,-5.66896171161346e-06,-0.00184818023907685,-0.00335556654150082,-0.00129413693341096,-1.8137085120884e-05,-0.00186351104995008,-0.00188204768853151,-0.00208927755199806
"11:119095783:T:C",-0.00183443712910325,-0.0015798036286867,7.0332920005356e-05,-1.14430818154432e-06,1.44469867153774e-05,1.8624323292471e-05,0.0209083293997026,-3.53196102089726e-05,-0.000176198828807372,-0.00392989020375722,4.89123470348574e-06,-0.00164837451045585,-0.000129543569378221,0.000119816245112148,-1.93468140450292e-05,-0.00236002635835497,-0.00271650531698864,1.24173278743811e-05,3.89390755106689e-06,-2.11433663155347e-05,-0.00160145870414752,4.89123470348574e-06,-0.00164837451045585,-0.000166396075723441,-0.000129543569378221,1.65156242726283e-05,-3.1971087394389e-05,-2.11433663155347e-05,-0.00312353824623468
"11:119096531:G:A",7.22025025154949e-05,9.80728463151337e-06,0.000133035949532179,-3.04989396493482e-06,2.64508302709743e-05,3.39292307236505e-05,-3.53196102089726e-05,0.0201674686872746,-0.00187325761721979,-0.000239760273996303,8.55480877071102e-06,2.33014507777796e-06,-0.000219439391334397,0.00024177076493892,-3.53196102089726e-05,3.2028334612022e-05,-0.000118317510151122,2.28334189147361e-05,6.80587809753774e-06,-0.00807645853950323,1.39206742018061e-05,8.55480877071102e-06,2.33014507777796e-06,-0.00179129940111178,-0.000219439391334397,3.01485338560781e-05,-5.76067266058189e-05,-0.00807645853950323,-6.64454921235347e-05
"11:119099086:T:C",-0.00300738130595768,-0.00241287373575849,0.000165537618197487,-0.00335329962267839,-0.0001743059913899,-0.00308505075022225,-0.000176198828807372,-0.00187325761721979,0.0383100555100175,-0.000158782292683401,-0.000440601432242005,-0.000144787637893717,-0.000184422279733365,6.38068345306664e-05,-0.000746125787315144,1.06452760801901e-05,-0.00423713805390902,1.32051257750732e-05,-0.00829684298996458,-0.00253218949658329,-0.00176701493319609,-0.000440601432242005,-0.000144787637893717,-0.000984771208250912,-0.000184422279733365,-0.00013059740390009,-8.11211345235208e-05,-0.00253218949658329,-0.00147448701591957
"11:119099906:G:C",-0.000419799175351621,-0.00361451421767889,-0.00222483005826923,-2.25760460814683e-06,0.000111558627113872,-0.000197799441778557,-0.00392989020375722,-0.000239760273996303,-0.000158782292683401,0.0411784285983927,-0.00133134892506526,-0.00246581428008597,-0.00121848081274845,0.00100775925311147,-0.00101984983297676,-0.00278272035291316,-0.000171725682980295,0.000100812139843143,-0.00716459171710415,-0.000862989497733224,-0.0010684617514185,-0.00133134892506526,-0.00246581428008597,-0.000467146515376715,-0.00121848081274845,-0.00614119998601392,-0.000947068347016078,-0.000862989497733224,-9.08941332724567e-05
"11:119101985:C:T",-5.5431827661323e-06,-0.00216873966468611,-0.00265890780593647,9.00391361469133e-08,-4.27576135386687e-06,-5.66896171161346e-06,4.89123470348574e-06,8.55480877071102e-06,-0.000440601432242005,-0.00133134892506526,0.0161002665300458,-8.40551349412522e-07,2.18354690746381e-05,-5.3058852025778e-05,-0.0026634891957924,-5.31148930882352e-06,-0.00167721624310424,-3.61447029373352e-06,-1.17236798580223e-06,5.35469331097715e-06,-2.42909641379185e-06,2.5033902224969e-05,-8.40551349412522e-07,-0.000363493351879463,2.18354690746381e-05,-4.96022646601091e-06,-0.00290126988451789,5.35469331097715e-06,-0.00190043482540414
"11:119104146:C:G",-0.00219357698362366,-0.00216563249897828,-5.75811055387732e-05,-0.000478542030330154,-2.71473526058941e-06,-0.00184818023907685,-0.00164837451045585,2.33014507777796e-06,-0.000144787637893717,-0.00246581428008597,-8.40551349412522e-07,0.0186849570121232,-1.45754640490381e-05,-6.58279096663605e-05,1.95295684068952e-06,-3.48673662831089e-06,-0.00270541816171832,-2.24430559114808e-06,-6.57969823514293e-07,2.05756113391686e-06,-0.00226746766189123,-8.40551349412522e-07,2.3451902801952e-06,-0.000222597045922424,-1.45754640490381e-05,-3.22020032328396e-06,2.34343670957315e-06,2.05756113391686e-06,-0.00239108781969399
"11:119105119:A:G",-0.0032358982445686,-0.000589654520702254,-0.00103981913577833,-0.00802288671554319,8.63781922744167e-05,-0.00129413693341096,-0.000129543569378221,-0.000219439391334397,-0.000184422279733365,-0.00121848081274845,2.18354690746381e-05,-1.45754640490381e-05,0.0155536746906768,0.000789606669751919,-0.000805164609451126,0.000100947515491612,-0.000935596971257446,7.69331730658962e-05,1.73698084653395e-05,-0.000647525343409505,-0.000904364436904892,2.18354690746381e-05,-1.45754640490381e-05,-0.000390996042825442,0.00521473927104665,9.60362942317161e-05,-0.00070700783541966,-0.000647525343409505,-0.000977743439180223
"11:119107969:G:A",-0.00722899612921868,-0.00311112847179817,-0.00543128760754463,-3.13448531947813e-05,-0.000899605886799826,-0.00111314813531127,0.000119816245112148,0.00024177076493892,6.38068345306664e-05,0.00100775925311147,-5.3058852025778e-05,-6.58279096663605e-05,0.000789606669751919,0.0339441799193794,-0.00165437436449167,-0.000151499142382328,-0.00500975612473198,-9.48588799012384e-05,-4.2167263042181e-05,-0.00209609969849645,-8.6618322497678e-05,-5.3058852025778e-05,-6.58279096663605e-05,-0.00317618339933601,0.000789606669751919,-0.00104487801910924,-0.00180959242788603,-0.00209609969849645,-0.00164113440895353
"11:119114812:C:A",-0.00236345397727078,-0.00346216255539389,7.0332920005356e-05,-1.14430818154432e-06,1.44469867153774e-05,-0.00204989665472777,-1.93468140450292e-05,-3.53196102089726e-05,-0.000746125787315144,-0.00101984983297676,-0.0026634891957924,1.95295684068952e-06,-0.000805164609451126,-0.00165437436449167,0.0229753309108398,1.75648969786835e-05,-6.70377648486209e-05,1.24173278743811e-05,3.89390755106689e-06,-2.11433663155347e-05,-0.00280980305109413,-0.0026634891957924,1.95295684068952e-06,-0.000717294606713104,-0.000805164609451126,1.65156242726283e-05,-0.00115248594859096,-2.11433663155347e-05,-3.65188689421814e-05
"11:119115361:G:C",-6.88509424158212e-05,-0.00188316204531791,-8.2145985752291e-05,-0.00243398217036805,-1.46692046607555e-05,-1.94160957667222e-05,-0.00236002635835497,3.2028334612022e-05,1.06452760801901e-05,-0.00278272035291316,-5.31148930882352e-06,-3.48673662831089e-06,0.000100947515491612,-0.000151499142382328,1.75648969786835e-05,0.0113833818518856,5.66604569618434e-05,-1.23904191751123e-05,-4.22045053483089e-06,1.93957690086677e-05,-8.67552465777521e-06,-5.31148930882352e-06,-3.48673662831089e-06,2.33447909590012e-05,0.000100947515491612,-1.70102532965899e-05,-0.00193947397711192,1.93957690086677e-05,3.15271981046195e-05
"11:119116390:G:T",-0.00343741727041369,-0.000116537012912588,-0.00443046736621966,-0.000134761796209304,-0.002214220773749,-0.0018450890156787,-0.00271650531698864,-0.000118317510151122,-0.00423713805390902,-0.000171725682980295,-0.00167721624310424,-0.00270541816171832,-0.000935596971257446,-0.00500975612473198,-6.70377648486209e-05,5.66604569618434e-05,0.0422764949985597,4.13713606404187e-05,-0.00172420946264218,-7.20899261423824e-05,-0.000110829315168814,-0.00167721624310424,-0.00270541816171832,-0.00387348933743903,-0.000935596971257446,5.35383662123579e-05,-0.000109128917052281,-7.20899261423824e-05,-0.0013307918568346
"11:119119776:A:G",-2.94921565640038e-05,-5.43692486232317e-06,-5.32741945944437e-05,4.79797472863197e-08,-1.00344951761144e-05,-1.31943672529999e-05,1.24173278743811e-05,2.28334189147361e-05,1.32051257750732e-05,0.000100812139843143,-3.61447029373352e-06,-2.24430559114808e-06,7.69331730658962e-05,-9.48588799012384e-05,1.24173278743811e-05,-1.23904191751123e-05,4.13713606404187e-05,-0.000129017035281009,-2.87469436344168e-06,1.37058518845379e-05,-5.88686617764012e-06,-3.61447029373352e-06,-2.24430559114808e-06,-4.76834854552521e-05,7.69331730658962e-05,-1.15959004727273e-05,2.0467961396875e-05,1.37058518845379e-05,2.26062790789072e-05
"11:119121660:C:G",-9.76111384280998e-05,-1.70718520742241e-06,-0.00169804510767513,7.96006025538532e-08,-3.39914714597711e-06,-4.50388659878342e-06,3.89390755106689e-06,6.80587809753774e-06,-0.00829684298996458,-0.00716459171710415,-1.17236798580223e-06,-6.57969823514293e-07,1.73698084653395e-05,-4.2167263042181e-05,3.89390755106689e-06,-4.22045053483089e-06,-0.00172420946264218,-2.87469436344168e-06,0.0289625795343822,4.26139990938879e-06,-1.92619806238525e-06,-1.17236798580223e-06,-6.57969823514293e-07,-0.00803086028399758,1.73698084653395e-05,-3.94192323227571e-06,6.18504468796743e-06,4.26139990938879e-06,-0.0019461381660042
"11:119122223:T:A",4.40144748212745e-05,6.74837830239028e-06,7.93500739044717e-05,-1.32584484990872e-06,1.59467735638685e-05,-0.00188204768853151,-2.11433663155347e-05,-0.00807645853950323,-0.00253218949658329,-0.000862989497733224,5.35469331097715e-06,2.05756113391686e-06,-0.000647525343409505,-0.00209609969849645,-2.11433663155347e-05,1.93957690086677e-05,-7.20899261423824e-05,1.37058518845379e-05,4.26139990938879e-06,0.0187436922393172,8.7044661425395e-06,5.35469331097715e-06,2.05756113391686e-06,-0.0025352743802074,-0.000647525343409505,1.8234182858734e-05,-3.4769546203961e-05,0.00050140844502522,-3.97045259266093e-05
"11:119126938:G:C",-0.0020220027508282,-3.61623659372867e-06,-0.0024311475103902,9.63597779346514e-08,-6.97328232845962e-06,-9.26322777861088e-06,-0.00160145870414752,1.39206742018061e-05,-0.00176701493319609,-0.0010684617514185,-2.42909641379185e-06,-0.00226746766189123,-0.000904364436904892,-8.6618322497678e-05,-0.00280980305109413,-8.67552465777521e-06,-0.000110829315168814,-5.88686617764012e-06,-1.92619806238525e-06,8.7044661425395e-06,0.0230504884612626,-2.42909641379185e-06,-0.00226746766189123,-0.00170750264977171,-0.000904364436904892,-8.09812459401371e-06,-0.00304592304143547,8.7044661425395e-06,-3.81905469666322e-05
"11:119131779:C:T",-5.5431827661323e-06,-0.00216873966468611,-0.00265890780593647,9.00391361469133e-08,-4.27576135386687e-06,-5.66896171161346e-06,4.89123470348574e-06,8.55480877071102e-06,-0.000440601432242005,-0.00133134892506526,2.5033902224969e-05,-8.40551349412522e-07,2.18354690746381e-05,-5.3058852025778e-05,-0.0026634891957924,-5.31148930882352e-06,-0.00167721624310424,-3.61447029373352e-06,-1.17236798580223e-06,5.35469331097715e-06,-2.42909641379185e-06,0.0161002665300458,-8.40551349412522e-07,-0.000363493351879463,2.18354690746381e-05,-4.96022646601091e-06,-0.00290126988451789,5.35469331097715e-06,-0.00190043482540414
"11:119144402:A:G",-0.00219357698362366,-0.00216563249897828,-5.75811055387732e-05,-0.000478542030330154,-2.71473526058941e-06,-0.00184818023907685,-0.00164837451045585,2.33014507777796e-06,-0.000144787637893717,-0.00246581428008597,-8.40551349412522e-07,2.3451902801952e-06,-1.45754640490381e-05,-6.58279096663605e-05,1.95295684068952e-06,-3.48673662831089e-06,-0.00270541816171832,-2.24430559114808e-06,-6.57969823514293e-07,2.05756113391686e-06,-0.00226746766189123,-8.40551349412522e-07,0.0186849570121232,-0.000222597045922424,-1.45754640490381e-05,-3.22020032328396e-06,2.34343670957315e-06,2.05756113391686e-06,-0.00239108781969399
"11:119146659:G:C",-0.00248925210907691,-0.00492574635846799,0.000401301963560918,-0.0034600453251219,-0.000242704559636486,-0.00335556654150082,-0.000166396075723441,-0.00179129940111178,-0.000984771208250912,-0.000467146515376715,-0.000363493351879463,-0.000222597045922424,-0.000390996042825442,-0.00317618339933601,-0.000717294606713104,2.33447909590012e-05,-0.00387348933743903,-4.76834854552521e-05,-0.00803086028399758,-0.0025352743802074,-0.00170750264977171,-0.000363493351879463,-0.000222597045922424,0.0443157914021768,-0.000390996042825442,-0.000101766223297162,-8.42060181476256e-05,-0.0025352743802074,-0.00209380241660284
"11:119150417:T:A",-0.0032358982445686,-0.000589654520702254,-0.00103981913577833,-0.00802288671554319,8.63781922744167e-05,-0.00129413693341096,-0.000129543569378221,-0.000219439391334397,-0.000184422279733365,-0.00121848081274845,2.18354690746381e-05,-1.45754640490381e-05,0.00521473927104665,0.000789606669751919,-0.000805164609451126,0.000100947515491612,-0.000935596971257446,7.69331730658962e-05,1.73698084653395e-05,-0.000647525343409505,-0.000904364436904892,2.18354690746381e-05,-1.45754640490381e-05,-0.000390996042825442,0.0155536746906768,9.60362942317161e-05,-0.00070700783541966,-0.000647525343409505,-0.000977743439180223
"11:119153510:C:T",-4.13793749842739e-05,-0.00250653992914707,-7.61879661892451e-05,-7.32035267958508e-08,-1.37188200355354e-05,-1.8137085120884e-05,1.65156242726283e-05,3.01485338560781e-05,-0.00013059740390009,-0.00614119998601392,-4.96022646601091e-06,-3.22020032328396e-06,9.60362942317161e-05,-0.00104487801910924,1.65156242726283e-05,-1.70102532965899e-05,5.35383662123579e-05,-1.15959004727273e-05,-3.94192323227571e-06,1.8234182858734e-05,-8.09812459401371e-06,-4.96022646601091e-06,-3.22020032328396e-06,-0.000101766223297162,9.60362942317161e-05,0.00972946614919046,2.70479430177772e-05,1.8234182858734e-05,2.97118714955857e-05
"11:119167964:A:T",-0.00258029785689651,-0.00306295550794111,0.000116897157877105,-2.56016557020899e-06,2.37242054810238e-05,-0.00186351104995008,-3.1971087394389e-05,-5.76067266058189e-05,-8.11211345235208e-05,-0.000947068347016078,-0.00290126988451789,2.34343670957315e-06,-0.00070700783541966,-0.00180959242788603,-0.00115248594859096,-0.00193947397711192,-0.000109128917052281,2.0467961396875e-05,6.18504468796743e-06,-3.4769546203961e-05,-0.00304592304143547,-0.00290126988451789,2.34343670957315e-06,-8.42060181476256e-05,-0.00070700783541966,2.70479430177772e-05,0.0239154706570623,-3.4769546203961e-05,-6.04831045372123e-05
"11:119173587:C:G",4.40144748212745e-05,6.74837830239028e-06,7.93500739044717e-05,-1.32584484990872e-06,1.59467735638685e-05,-0.00188204768853151,-2.11433663155347e-05,-0.00807645853950323,-0.00253218949658329,-0.000862989497733224,5.35469331097715e-06,2.05756113391686e-06,-0.000647525343409505,-0.00209609969849645,-2.11433663155347e-05,1.93957690086677e-05,-7.20899261423824e-05,1.37058518845379e-05,4.26139990938879e-06,0.00050140844502522,8.7044661425395e-06,5.35469331097715e-06,2.05756113391686e-06,-0.0025352743802074,-0.000647525343409505,1.8234182858734e-05,-3.4769546203961e-05,0.0187436922393172,-3.97045259266093e-05
"11:119176398:T:C",-0.00393398900448183,-3.72285738512446e-05,-0.00386302943219619,-4.71095273040234e-05,-0.00192467394541929,-0.00208927755199806,-0.00312353824623468,-6.64454921235347e-05,-0.00147448701591957,-9.08941332724567e-05,-0.00190043482540414,-0.00239108781969399,-0.000977743439180223,-0.00164113440895353,-3.65188689421814e-05,3.15271981046195e-05,-0.0013307918568346,2.26062790789072e-05,-0.0019461381660042,-3.97045259266093e-05,-3.81905469666322e-05,-0.00190043482540414,-0.00239108781969399,-0.00209380241660284,-0.000977743439180223,2.97118714955857e-05,-6.04831045372123e-05,-3.97045259266093e-05,0.0343318281633729
