"","4:77967392:G:A","4:77971882:G:A","4:77973107:G:T","4:77980330:A:T","4:77982700:T:C","4:77983013:G:A","4:77983583:C:T","4:77984155:C:A","4:77984617:C:T","4:77987351:A:G","4:77987719:A:G","4:77987848:T:C","4:77992014:G:T","4:77994397:C:T","4:77994734:T:C","4:77994889:T:C","4:77997549:G:T"
"4:77967392:G:A",0.0101325546271287,-0.00161183393950459,1.27056235088574e-05,2.89314396333396e-05,0,-0.000426055599172415,-0.000405938514894899,-0.000646111622701895,-5.38560156293499e-06,-0.00603784397427809,8.47959501086848e-05,-1.08361134536494e-05,-0.000174372849507165,-0.000705457702623313,-0.000578040002360503,0.00014001423129173,0.000202874048388146
"4:77971882:G:A",-0.00161183393950459,0.020960726898192,-0.00204630123377036,1.8715774631417e-05,0,-0.00132424249285013,-0.0111803175176659,-0.000225091873471861,-3.07765362883572e-06,-0.00386771987707224,-0.000571678861604141,-6.20148946239851e-06,-0.000110915152724544,-0.000352071479635896,0.000114383785009942,8.38663765456715e-05,0.000121758737011923
"4:77973107:G:T",1.27056235088574e-05,-0.00204630123377036,0.0125061792321097,-0.00268215363962288,0,-0.0015021019500292,-0.00141618266414056,1.27375243481609e-05,2.49982571531859e-07,-4.07049770165813e-05,-5.66792108003256e-06,5.00475974440917e-07,8.05764551969901e-06,-0.00205255480947253,-0.00139310918394475,-9.66942585378661e-06,-0.00139198467910173
"4:77980330:A:T",2.89314396333396e-05,1.8715774631417e-05,-0.00268215363962288,0.0119461875357416,0,-0.00310804225129324,-0.00164373461030465,4.28058139902987e-05,4.084350075928e-07,-0.00156112596038405,-8.80425685600983e-06,8.20164051340555e-07,1.51177623033405e-05,5.89505870873808e-06,-0.00301774539805599,-1.45320244060443e-05,-2.27438431448235e-05
"4:77982700:T:C",0,0,0,0,0,0,0,0,0,0,0,0,0,0,0,0,0
"4:77983013:G:A",-0.000426055599172415,-0.00132424249285013,-0.0015021019500292,-0.00310804225129324,0,0.0215099429622168,0.000111597668825958,0.000272389140969054,4.85895371671319e-06,-0.00273532270486943,-0.00120865905922951,-0.00695113679046599,-0.00239087981640385,-0.000325353264475581,-0.00140331860090459,-0.0003186534709263,-0.00020502272510825
"4:77983583:C:T",-0.000405938514894899,-0.0111803175176659,-0.00141618266414056,-0.00164373461030465,0,0.000111597668825958,0.0261749975549064,-0.00417997357088495,-6.0078396044716e-06,-0.00113980226296739,-0.00249909409216631,-1.20916996246834e-05,-0.000192583297462967,-0.000669067770261655,-0.00133893683551545,0.000152360312782207,-0.00175522486102064
"4:77984155:C:A",-0.000646111622701895,-0.000225091873471861,1.27375243481609e-05,4.28058139902987e-05,0,0.000272389140969054,-0.00417997357088495,0.0202680487465829,-9.95534796022213e-06,0.000180026126785471,-0.00257114368016076,-2.00644808723283e-05,0.000832423014545114,-0.00776917697906887,-0.00175487616700654,-0.00355209416150615,-0.00087994248358747
"4:77984617:C:T",-5.38560156293499e-06,-3.07765362883572e-06,2.49982571531859e-07,4.084350075928e-07,0,4.85895371671319e-06,-6.0078396044716e-06,-9.95534796022213e-06,3.9604878316446e-05,4.07762204979178e-06,1.04892504904086e-06,-1.11335618058206e-07,-2.35771771972537e-06,-3.19641479240573e-05,4.6231983281686e-06,1.63678255571398e-06,2.35086642330629e-06
"4:77987351:A:G",-0.00603784397427809,-0.00386771987707224,-4.07049770165813e-05,-0.00156112596038405,0,-0.00273532270486943,-0.00113980226296739,0.000180026126785471,4.07762204979178e-06,0.0196399011101196,-0.00012755288539168,8.19913451000076e-06,-0.000819441273713473,-0.000292854180442781,-0.00158983285398229,-0.00020391504587014,-0.00141608799747672
"4:77987719:A:G",8.47959501086848e-05,-0.000571678861604141,-5.66792108003256e-06,-8.80425685600983e-06,0,-0.00120865905922951,-0.00249909409216631,-0.00257114368016076,1.04892504904086e-06,-0.00012755288539168,0.0121104334328557,2.10868806149733e-06,4.2017981439102e-05,-0.00460544151628373,-0.000546913353145051,-3.74655423343029e-05,-5.7983809262474e-05
"4:77987848:T:C",-1.08361134536494e-05,-6.20148946239851e-06,5.00475974440917e-07,8.20164051340555e-07,0,-0.00695113679046599,-1.20916996246834e-05,-2.00644808723283e-05,-1.11335618058206e-07,8.19913451000076e-06,2.10868806149733e-06,0.0114831119223897,-4.74322883015077e-06,8.06683913001649e-06,9.29798949389493e-06,-0.00451164597220455,4.72589692090963e-06
"4:77992014:G:T",-0.000174372849507165,-0.000110915152724544,8.05764551969901e-06,1.51177623033405e-05,0,-0.00239087981640385,-0.000192583297462967,0.000832423014545114,-2.35771771972537e-06,-0.000819441273713473,4.2017981439102e-05,-4.74322883015077e-06,0.00617900804202698,-0.00382774500164196,0.000276081162819963,6.86333032513531e-05,0.000101699426098278
"4:77994397:C:T",-0.000705457702623313,-0.000352071479635896,-0.00205255480947253,5.89505870873808e-06,0,-0.000325353264475581,-0.000669067770261655,-0.00776917697906887,-3.19641479240573e-05,-0.000292854180442781,-0.00460544151628373,8.06683913001649e-06,-0.00382774500164196,0.0265825726651507,-0.00292508106215639,-0.00343672711100496,0.000396960462002216
"4:77994734:T:C",-0.000578040002360503,0.000114383785009942,-0.00139310918394475,-0.00301774539805599,0,-0.00140331860090459,-0.00133893683551545,-0.00175487616700654,4.6231983281686e-06,-0.00158983285398229,-0.000546913353145051,9.29798949389493e-06,0.000276081162819963,-0.00292508106215639,0.0164373277651695,-0.00155769309234621,-0.000736167351403694
"4:77994889:T:C",0.00014001423129173,8.38663765456715e-05,-9.66942585378661e-06,-1.45320244060443e-05,0,-0.0003186534709263,0.000152360312782207,-0.00355209416150615,1.63678255571398e-06,-0.00020391504587014,-3.74655423343029e-05,-0.00451164597220455,6.86333032513531e-05,-0.00343672711100496,-0.00155769309234621,0.0138366189770895,-0.000640734137063781
"4:77997549:G:T",0.000202874048388146,0.000121758737011923,-0.00139198467910173,-2.27438431448235e-05,0,-0.00020502272510825,-0.00175522486102064,-0.00087994248358747,2.35086642330629e-06,-0.00141608799747672,-5.7983809262474e-05,4.72589692090963e-06,0.000101699426098278,0.000396960462002216,-0.000736167351403694,-0.000640734137063781,0.00627552245032481
