"","5:137620690:G:A","5:137622388:C:G","5:137624513:C:T","5:137624587:T:C","5:137625228:C:G","5:137632300:T:A","5:137633835:G:C","5:137638588:G:A","5:137644225:G:A","5:137644330:A:G","5:137645631:A:C","5:137647252:C:T","5:137648753:A:T","5:137648960:C:T","5:137650675:G:A","5:137651094:G:A","5:137654218:C:T","5:137654728:A:G","5:137656709:G:A","5:137657783:C:T","5:137658386:G:A","5:137664241:A:G","5:137673007:G:A","5:137673108:T:C"
"5:137620690:G:A",0.0113695592714862,-0.00234661315355922,-0.00126451167341202,-0.000330879919937743,-0.000142989577854635,-0.000156130380314146,0.000129287933932076,8.83716124402412e-05,-0.000580230917864633,-0.0011443931404278,-0.000428502822302335,-2.17694778026356e-05,-2.93946847609305e-05,0.000120866109825535,-4.12027079814692e-05,-1.06837027837869e-05,-0.000286062626243755,0.000129287933932076,6.5730862318425e-05,-0.000197666826023735,8.22007328276086e-05,-0.00129069871146026,-0.00369180465623042,-2.17694778026356e-05
"5:137622388:C:G",-0.00234661315355922,0.0241761077056357,-0.00209709706239591,-0.000477956805063684,-0.00279231246901013,0.000396987463881615,-0.00162824365034808,-3.70277012509135e-05,-0.000178897980980253,-0.00194167877121298,-0.00152942793386313,-2.08242988763985e-05,-0.00389505506808963,-0.00139641718658279,4.05772818297123e-05,-1.97303791154013e-05,0.000460424308830643,-0.00162824365034808,-0.00107234130640954,-0.00145989535747404,3.42793454661816e-05,-0.00212952385600529,-2.6572981575157e-05,-0.000430516493483246
"5:137624513:C:T",-0.00126451167341202,-0.00209709706239591,0.0309933662382575,-0.000769205584481902,-0.00143083696926638,8.85987254468645e-05,-0.00420700209501401,-9.15534354621883e-05,-0.000633910192274989,-0.00108184815439127,-0.000710179930266008,-0.00191636725282596,-0.00032047191278739,-0.000127484045497006,-0.000224139376863164,-0.00207983671870693,-0.00376510918257544,-0.00420700209501401,-0.000118376679226984,3.05625712799795e-05,-0.00310741776567625,0.000785013552039082,-0.00189196005246295,-0.00185323090842271
"5:137624587:T:C",-0.000330879919937743,-0.000477956805063684,-0.000769205584481902,0.024802028756481,-0.000272617530873376,-0.000292470720327564,0.000236038015538398,0.000159092335735522,-0.000795822898842502,-0.000741295879928217,-0.0054033230831001,-0.00763375648207187,-0.00246459229068385,0.000218169239605714,-0.00111288870399928,-2.21509826978661e-05,0.000504455567168272,0.000236038015538398,0.000120510427247034,-0.00407905241563977,0.000146076628134928,-0.000782106758045131,-0.00119911889064639,-4.51700391099763e-05
"5:137625228:C:G",-0.000142989577854635,-0.00279231246901013,-0.00143083696926638,-0.000272617530873376,0.0178923101265545,-0.000127812922394277,0.000104639679125995,7.19283852088637e-05,-7.93805560386218e-05,-0.00143290319796119,-0.00442175997918692,-1.72672800724527e-05,-0.00145250244383099,9.8126632131823e-05,-3.27188960262959e-05,-8.46861784431496e-06,-7.42141290341891e-05,0.000104639679125995,5.33576150623105e-05,-0.00261491113310175,-0.00196190951137076,-0.00143376572354637,-1.1363899724337e-05,-1.72672800724527e-05
"5:137632300:T:A",-0.000156130380314146,0.000396987463881615,8.85987254468645e-05,-0.000292470720327564,-0.000127812922394277,-0.000843982880483374,0.000118170994231726,8.06701361772966e-05,-8.75601704510842e-05,7.93348251075798e-05,0.000595333366895545,-1.94093948442386e-05,-2.61908602636751e-05,0.000110530125205344,-3.66749612537021e-05,-9.53450988916416e-06,-1.3821158635352e-06,0.000118170994231726,5.98088926357931e-05,-0.000175528017562598,7.51023963783126e-05,8.61658373425556e-05,-1.27874290427599e-05,-1.94093948442386e-05
"5:137633835:G:C",0.000129287933932076,-0.00162824365034808,-0.00420700209501401,0.000236038015538398,0.000104639679125995,0.000118170994231726,0.0218114310880146,-7.57477469761625e-05,7.16117594921073e-05,-0.00412470304933077,-0.0020609482020717,1.3010740437025e-05,-0.00372243976522579,-0.00065790573405522,2.45332611976679e-05,6.39890507692087e-06,-0.000330628981927816,0.0019018056173028,-5.40495657368467e-05,-0.00329212956368252,-7.216129527432e-05,-0.00421255775850859,8.57867336545581e-06,1.3010740437025e-05
"5:137638588:G:A",8.83716124402412e-05,-3.70277012509135e-05,-9.15534354621883e-05,0.000159092335735522,7.19283852088637e-05,8.06701361772966e-05,-7.57477469761625e-05,0.00633355672718316,4.94891537092812e-05,-9.01433650275507e-05,-0.00173727498320986,9.37543464019086e-06,1.26338173807028e-05,-7.21214623853328e-05,1.76536467915156e-05,-0.00180048302388069,-0.00024237496717916,-7.57477469761625e-05,-3.75091018467444e-05,9.42051583656678e-05,-0.00258314784730906,-8.94055054567744e-05,6.18504468796743e-06,9.37543464019086e-06
"5:137644225:G:A",-0.000580230917864633,-0.000178897980980253,-0.000633910192274989,-0.000795822898842502,-7.93805560386218e-05,-8.75601704510842e-05,7.16117594921073e-05,4.94891537092812e-05,0.0100451597434059,-0.000564440183154602,-0.00178562346339639,-1.13886629806714e-05,-1.53858464484458e-05,-0.00209590792983505,-2.15838786603584e-05,-5.58487821855636e-06,-0.000419796177378196,7.16117594921073e-05,3.65458804241214e-05,-0.000108941840020194,4.63571842184152e-05,-0.00195375453747459,-0.000971176703742138,-1.13886629806714e-05
"5:137644330:A:G",-0.0011443931404278,-0.00194167877121298,-0.00108184815439127,-0.000741295879928217,-0.00143290319796119,7.93348251075798e-05,-0.00412470304933077,-9.01433650275507e-05,-0.000564440183154602,0.0308613409794285,-0.000708810639967083,-0.00195357628505821,-0.000294424798925164,-0.000114585882291074,-0.000257370929962697,-0.00211510720538133,-0.00205591309918773,-0.00412470304933077,-9.63998910057384e-05,3.87326053008508e-05,-0.00314504107883007,-0.00133027298187738,-0.0018545863583963,-0.00180721046818899
"5:137645631:A:C",-0.000428502822302335,-0.00152942793386313,-0.000710179930266008,-0.0054033230831001,-0.00442175997918692,0.000595333366895545,-0.0020609482020717,-0.00173727498320986,-0.00178562346339639,-0.000708810639967083,0.0344468335728028,-6.17744829645162e-05,-8.34626652839177e-05,-0.00170826781154609,-0.00116664856767379,-0.00357481949354899,-0.00192587292000646,-0.0020609482020717,0.00015382217835036,-0.000508048681945539,-0.00149921361752625,-0.000720561712162393,-0.00303874544299099,-6.17744829645162e-05
"5:137647252:C:T",-2.17694778026356e-05,-2.08242988763985e-05,-0.00191636725282596,-0.00763375648207187,-1.72672800724527e-05,-1.94093948442386e-05,1.3010740437025e-05,9.37543464019086e-06,-1.13886629806714e-05,-0.00195357628505821,-6.17744829645162e-05,0.0155690679391327,-2.94094014119395e-06,1.23921826986617e-05,-4.15547377308201e-06,-1.05520028981232e-06,-0.000316737990282867,1.3010740437025e-05,7.00144534171443e-06,-0.00173576769271833,8.87584697917276e-06,-0.00191235748376961,-1.41924713403796e-06,-2.1666840606116e-06
"5:137648753:A:T",-2.93946847609305e-05,-0.00389505506808963,-0.00032047191278739,-0.00246459229068385,-0.00145250244383099,-2.61908602636751e-05,-0.00372243976522579,1.26338173807028e-05,-1.53858464484458e-05,-0.000294424798925164,-8.34626652839177e-05,-2.94094014119395e-06,0.0228792948366658,-0.00153679591167766,-5.64204253539202e-06,-1.43203774705114e-06,-0.00250932077701993,-0.00372243976522579,9.44004542713373e-06,-0.00250071410732478,1.19553814288409e-05,-0.000325251024728246,-1.92619806149708e-06,-2.94094014119395e-06
"5:137648960:C:T",0.000120866109825535,-0.00139641718658279,-0.000127484045497006,0.000218169239605714,9.8126632131823e-05,0.000110530125205344,-0.00065790573405522,-7.21214623853328e-05,-0.00209590792983505,-0.000114585882291074,-0.00170826781154609,1.23921826986617e-05,-0.00153679591167766,0.0214184876043069,2.33458327025815e-05,6.09781872373816e-06,-0.000283032025687469,-0.00065790573405522,-0.007204970058444,-0.000350511777798879,-0.00111257139776111,-0.000125589453044306,-0.00164979890999017,-0.00291415022454888
"5:137650675:G:A",-4.12027079814692e-05,4.05772818297123e-05,-0.000224139376863164,-0.00111288870399928,-3.27188960262959e-05,-3.66749612537021e-05,2.45332611976679e-05,1.76536467915156e-05,-2.15838786603584e-05,-0.000257370929962697,-0.00116664856767379,-4.15547377308201e-06,-5.64204253539202e-06,2.33458327025815e-05,0.006102422957877,-2.02291903139695e-06,-0.00177128274840666,2.45332611976679e-05,-0.00111018904927196,-0.000241317625015114,1.6694325661426e-05,-0.000220949610574728,-2.72120485877991e-06,1.74812863029672e-06
"5:137651094:G:A",-1.06837027837869e-05,-1.97303791154013e-05,-0.00207983671870693,-2.21509826978661e-05,-8.46861784431496e-06,-9.53450988916416e-06,6.39890507692087e-06,-0.00180048302388069,-5.58487821855636e-06,-0.00211510720538133,-0.00357481949354899,-1.05520028981232e-06,-1.43203774705114e-06,6.09781872373816e-06,-2.02291903139695e-06,0.0123769322625282,-0.000663264210626124,6.39890507692087e-06,3.4433877154072e-06,-1.18014929233468e-05,4.37155594568139e-06,-0.00207592096226872,-6.91299823607494e-07,-1.05520028981232e-06
"5:137654218:C:T",-0.000286062626243755,0.000460424308830643,-0.00376510918257544,0.000504455567168272,-7.42141290341891e-05,-1.3821158635352e-06,-0.000330628981927816,-0.00024237496717916,-0.000419796177378196,-0.00205591309918773,-0.00192587292000646,-0.000316737990282867,-0.00250932077701993,-0.000283032025687469,-0.00177128274840666,-0.000663264210626124,0.0200065369887441,-0.000330628981927816,-0.00104277123286067,-0.00198889140932046,-0.000199759882090866,-0.00169086038643318,-9.90797657838272e-05,-0.00097443325490687
"5:137654728:A:G",0.000129287933932076,-0.00162824365034808,-0.00420700209501401,0.000236038015538398,0.000104639679125995,0.000118170994231726,0.0019018056173028,-7.57477469761625e-05,7.16117594921073e-05,-0.00412470304933077,-0.0020609482020717,1.3010740437025e-05,-0.00372243976522579,-0.00065790573405522,2.45332611976679e-05,6.39890507692087e-06,-0.000330628981927816,0.0218114310880146,-5.40495657368467e-05,-0.00329212956368252,-7.216129527432e-05,-0.00421255775850859,8.57867336545581e-06,1.3010740437025e-05
"5:137656709:G:A",6.5730862318425e-05,-0.00107234130640954,-0.000118376679226984,0.000120510427247034,5.33576150623105e-05,5.98088926357931e-05,-5.40495657368467e-05,-3.75091018467444e-05,3.65458804241214e-05,-9.63998910057384e-05,0.00015382217835036,7.00144534171443e-06,9.44004542713373e-06,-0.007204970058444,-0.00111018904927196,3.4433877154072e-06,-0.00104277123286067,-5.40495657368467e-05,0.0103535694711843,7.04788165171166e-05,-3.5546985174939e-05,-0.000119123418310885,4.61638645976592e-06,7.00144534171443e-06
"5:137657783:C:T",-0.000197666826023735,-0.00145989535747404,3.05625712799795e-05,-0.00407905241563977,-0.00261491113310175,-0.000175528017562598,-0.00329212956368252,9.42051583656678e-05,-0.000108941840020194,3.87326053008508e-05,-0.000508048681945539,-0.00173576769271833,-0.00250071410732478,-0.000350511777798879,-0.000241317625015114,-1.18014929233468e-05,-0.00198889140932046,-0.00329212956368252,7.04788165171166e-05,0.0225341289688528,8.76726074299228e-05,2.47451417516587e-05,-1.58491098201097e-05,-0.000307369255444279
"5:137658386:G:A",8.22007328276086e-05,3.42793454661816e-05,-0.00310741776567625,0.000146076628134928,-0.00196190951137076,7.51023963783126e-05,-7.216129527432e-05,-0.00258314784730906,4.63571842184152e-05,-0.00314504107883007,-0.00149921361752625,8.87584697917276e-06,1.19553814288409e-05,-0.00111257139776111,1.6694325661426e-05,4.37155594568139e-06,-0.000199759882090866,-7.216129527432e-05,-3.5546985174939e-05,8.76726074299228e-05,0.0163620795092623,-0.00310146863466176,5.85795023777536e-06,8.87584697917276e-06
"5:137664241:A:G",-0.00129069871146026,-0.00212952385600529,0.000785013552039082,-0.000782106758045131,-0.00143376572354637,8.61658373425556e-05,-0.00421255775850859,-8.94055054567744e-05,-0.00195375453747459,-0.00133027298187738,-0.000720561712162393,-0.00191235748376961,-0.000325251024728246,-0.000125589453044306,-0.000220949610574728,-0.00207592096226872,-0.00169086038643318,-0.00421255775850859,-0.000119123418310885,2.47451417516587e-05,-0.00310146863466176,0.0305912678974312,-0.00189868684899963,-0.00186177930272802
"5:137673007:G:A",-0.00369180465623042,-2.6572981575157e-05,-0.00189196005246295,-0.00119911889064639,-1.1363899724337e-05,-1.27874290427599e-05,8.57867336545581e-06,6.18504468796743e-06,-0.000971176703742138,-0.0018545863583963,-0.00303874544299099,-1.41924713403796e-06,-1.92619806149708e-06,-0.00164979890999017,-2.72120485877991e-06,-6.91299823607494e-07,-9.90797657838272e-05,8.57867336545581e-06,4.61638645976592e-06,-1.58491098201097e-05,5.85795023777536e-06,-0.00189868684899963,0.0163358915183007,-1.41924713403796e-06
"5:137673108:T:C",-2.17694778026356e-05,-0.000430516493483246,-0.00185323090842271,-4.51700391099763e-05,-1.72672800724527e-05,-1.94093948442386e-05,1.3010740437025e-05,9.37543464019086e-06,-1.13886629806714e-05,-0.00180721046818899,-6.17744829645162e-05,-2.1666840606116e-06,-2.94094014119395e-06,-0.00291415022454888,1.74812863029672e-06,-1.05520028981232e-06,-0.00097443325490687,1.3010740437025e-05,7.00144534171443e-06,-0.000307369255444279,8.87584697917276e-06,-0.00186177930272802,-1.41924713403796e-06,0.0102800289806577
