10:80008945:G:T,10:80010780:C:T,10:80012152:T:C,10:80012491:A:G,10:102992732:G:A,10:102993556:C:T,10:102995563:G:A,10:102995912:C:T,10:102997054:A:G
10:80008945:G:T,0.0104820459832617,3.40042905282445e-05,-0.000887528598445542,-0.00249630262225375,-6.51437351848472e-05,-0.000272743402324416,-0.0020147877431782,-2.31068169043169e-05,-0.00475643735549891
10:80010780:C:T,3.40042905282445e-05,5.68382215027086e-05,5.24862784825331e-05,-7.42702327345413e-05,1.55833532957672e-05,-2.92724335579919e-05,-3.20258793911066e-05,5.08393166676058e-06,-2.84275297923742e-05
10:80012152:T:C,-0.000887528598445542,5.24862784825331e-05,0.00681604575754147,-0.00245885018201797,-9.98484767471552e-05,-0.00215191281108407,0.000187256366238842,-3.70036621450964e-05,-0.00142064467182301
10:80012491:A:G,-0.00249630262225375,-7.42702327345413e-05,-0.00245885018201797,0.0127171703542679,-0.00011199427061559,-0.00087427281457586,-0.00222148581992521,-0.0048088295211155,0.000328835108970527
10:102992732:G:A,-6.51437351848472e-05,1.55833532957672e-05,-9.98484767471552e-05,-0.00011199427061559,0.000111244740227612,5.27470166131749e-05,5.7322506823887e-05,-9.9653490570617e-06,5.00542146442129e-05
10:102993556:C:T,-0.000272743402324416,-2.92724335579919e-05,-0.00215191281108407,-0.00087427281457586,5.27470166131749e-05,0.00438501488546894,-0.000112658220857931,1.64498931063406e-05,-0.00101335211278819
10:102995563:G:A,-0.0020147877431782,-3.20258793911066e-05,0.000187256366238842,-0.00222148581992521,5.7322506823887e-05,-0.000112658220857931,0.00728619084149074,-0.00192825282499598,-0.00122155922620504
10:102995912:C:T,-2.31068169043169e-05,5.08393166676058e-06,-3.70036621450964e-05,-0.0048088295211155,-9.9653490570617e-06,1.64498931063406e-05,-0.00192825282499598,0.00676979776017994,1.58265892649112e-05
10:102997054:A:G,-0.00475643735549891,-2.84275297923742e-05,-0.00142064467182301,0.000328835108970527,5.00542146442129e-05,-0.00101335211278819,-0.00122155922620504,1.58265892649112e-05,0.00804570498322788
