3:93614070:G:A,3:93618313:T:C,3:93628454:A:T,3:93631140:T:C,3:93631950:T:C,3:93636978:T:G,3:93639320:C:T,3:93646717:A:G,3:93656454:G:A,3:93657306:G:A,3:93659746:C:T,3:93660733:G:A,3:93663119:G:A,3:93669547:A:C,3:93672334:C:T,3:93675739:C:G,3:93688511:G:A,3:93693308:T:A,3:197783637:G:A,3:197784354:T:C,3:197784599:G:A,3:197785342:T:C,3:197786288:T:G,3:197792583:C:T,3:197799434:G:A,3:197801837:T:G,3:197806051:C:T,3:197807884:T:C,3:197807934:G:C
3:93614070:G:A,0.0196788409160997,7.88332158307981e-06,-0.00069154750206657,4.5452252939171e-06,-2.09744671382239e-05,5.17403477244827e-05,0.000130612764658977,-0.00349339104299506,-5.24605991705229e-05,-2.09744671382239e-05,-4.71337957996809e-05,3.90174192395065e-05,2.06864558771613e-05,-7.91428837159103e-05,-0.0013930617353175,-0.000971072573216603,-0.00107315684452569,-8.76744902216231e-05,-0.00155685796483773,0.00026123711655579,-0.00113415751980561,-0.00175164712012954,-0.00113279692373069,-0.000351376506685597,-0.00418807980800828,-0.000666586886196363,0.000404139652115276,-0.000644805263914972,-0.00124180482453351
3:93618313:T:C,7.88332158307981e-06,0.0160618508665813,-0.00075412138883113,-2.02434457818867e-06,7.22006821263221e-06,-2.58845082630188e-05,6.96507650577161e-05,-5.00137723244976e-05,1.64498931063406e-05,7.22006821263221e-06,-0.000994730486835849,-1.827870603055e-05,-0.000202411998474261,-0.00149680816714959,3.91405086785923e-05,-0.00139510053743575,-0.000747725194399251,2.48327098990586e-05,-1.37794909731426e-05,-0.00254133382945199,1.55588045078758e-05,-0.0025918735098065,-0.00194282974595694,2.14274506822321e-05,6.78625804173549e-06,4.23658808834659e-06,2.2344276088937e-05,-0.00354119793229746,1.35120340676309e-05
3:93628454:A:T,-0.00069154750206657,-0.00075412138883113,0.0501084199087422,-0.00535113688347932,-0.000272327533774153,-0.00715327997565218,-0.00195023082926982,-0.00112281269891845,-0.00150118718735115,-0.000425977129421717,-0.000452075551390152,-8.93690828775995e-05,-0.000545488235204949,-0.00259178988675446,-7.50277477936656e-05,0.00106340590849197,-0.00207722620112127,0.000709481148935431,-0.00245686697392422,-0.000585009140182446,-0.00101174052874065,-0.000390521175873459,-0.00337856324053565,-6.89295433855541e-05,-0.0013580901792567,-0.0112684027023544,-0.000400835805916877,-0.00484352720236902,-0.00106522263972408
3:93631140:T:C,4.5452252939171e-06,-2.02434457818867e-06,-0.00535113688347932,0.0256375341676693,4.16241504463954e-06,-0.00513663873824566,-5.15893710337778e-05,-0.00360455775876289,8.64377961917739e-06,4.16241504463954e-06,8.05764552058719e-06,-0.00283370494573809,-5.66792108092073e-06,1.1060358952264e-05,1.34073138209345e-05,-3.25839363615188e-05,-0.00157899015649487,1.16813509922764e-05,-9.12664691998799e-06,8.18269929059312e-06,8.25441374896485e-06,-5.39888570649794e-06,3.18119715547738e-06,-0.0031135208068358,3.92553746397795e-06,2.51852280008791e-06,-0.000154200900020385,-0.00385751348192898,7.33773477001876e-06
3:93631950:T:C,-2.09744671382239e-05,7.22006821263221e-06,-0.000272327533774153,4.16241504463954e-06,0.0196450361227036,-0.00164753383184557,-0.000467485395783562,-0.00274634331255097,-0.000818400502526906,-1.82049118979677e-05,-3.95541241777764e-05,3.81734842598291e-05,1.93957690086677e-05,-6.38522197133895e-05,-0.000127656825867462,-0.00194716883173562,-0.000283631725963573,-7.02319668199891e-05,-0.00224915135188919,-4.11176971431004e-05,-0.00239175351585441,1.84864800312212e-05,-0.00019170445875627,-5.91183569866871e-05,-0.00124812218996073,-0.00152936637661849,-6.22517015367308e-05,-0.00340103734265718,-3.5485698062665e-05
3:93636978:T:G,5.17403477244827e-05,-2.58845082630188e-05,-0.00715327997565218,-0.00513663873824566,-0.00164753383184557,0.0383502284893451,-0.000639312808391246,-0.000329327246090472,-0.00405821434958753,5.25438690157642e-05,0.000117698766927354,-0.000131907558369448,-6.50838668621034e-05,0.000181291130571637,0.000345638957788275,-0.000289630098031068,-0.00768622412494224,0.000201887252383237,-0.000100067079997324,-0.00102685770468103,0.000120969994513942,-6.2771865422917e-05,-0.00320104164928026,0.000170242187533809,4.96002809988738e-05,-0.000881431901802898,0.000177566410418883,-0.00596805963015878,-0.00141614074959762
3:93639320:C:T,0.000130612764658977,6.96507650577161e-05,-0.00195023082926982,-5.15893710337778e-05,-0.000467485395783562,-0.000639312808391246,0.0784613838550232,-0.000590839507689012,-0.00095848037791324,-0.00194660459317486,-0.00266110608640879,-0.000615728066940768,0.000156088875170823,-0.012005097244602,-0.00418666231670528,-0.00322982289465301,-0.00283836991360298,-0.000749514277761598,-0.00553856364226668,-0.00141668157000652,-0.00455903430427362,-0.00621972762863798,-0.00461340237351182,-0.00602572422567071,-0.00248420855190545,-0.0128581714992393,-0.0013263372584591,-0.000598792796777214,-0.000286248725232419
3:93646717:A:G,-0.00349339104299506,-5.00137723244976e-05,-0.00112281269891845,-0.00360455775876289,-0.00274634331255097,-0.000329327246090472,-0.000590839507689012,0.0432301169393114,0.000224944866773491,-0.00359912730218603,0.000209309901137544,-0.000246366633816386,-0.000120644250765523,-0.00160817396981372,0.000604648910695893,-0.00139923612834725,-0.000456804799985999,-0.00280543056876947,-0.000185407015216299,-0.00294237310989143,0.000214464078721832,-0.000117220675725171,-0.00890158008522413,-0.00202596629628715,8.6029867394366e-05,-0.0011897168664472,-0.00171130000663489,-0.00365698474982068,-0.00166589676577189
3:93656454:G:A,-5.24605991705229e-05,1.64498931063406e-05,-0.00150118718735115,8.64377961917739e-06,-0.000818400502526906,-0.00405821434958753,-0.00095848037791324,0.000224944866773491,0.0218476060101658,-4.36861197403715e-05,-9.2399793543585e-05,9.09599277409967e-05,4.5820242115191e-05,-0.000838402598911436,-0.000288698324516723,0.000199360863318176,-0.00140813927825612,-0.000162072879784425,-0.00200375408151832,-0.00110292304934845,-9.5670012981941e-05,4.34537633378085e-05,-0.000140491843209745,-0.000137490861872536,-4.07309218344309e-05,-2.76338265443599e-05,-0.0042273949033298,-0.00361873592707074,-0.000860271907164645
3:93657306:G:A,-2.09744671382239e-05,7.22006821263221e-06,-0.000425977129421717,4.16241504463954e-06,-1.82049118979677e-05,5.25438690157642e-05,-0.00194660459317486,-0.00359912730218603,-4.36861197403715e-05,0.0240099688122974,-3.95541241795527e-05,-0.00203797716888854,1.93957690077795e-05,-6.38522197133895e-05,-0.000127656825867462,8.08363033746318e-05,-0.000437281321612915,-7.02319668217655e-05,2.95754322268138e-05,-4.11176971422123e-05,-4.09125606770644e-05,-0.00542180064010545,-0.000206567244537048,-0.0010546314323836,-1.70102532965899e-05,-1.09971152779664e-05,-0.00118964799843813,-0.0073544038786153,-3.54856980635532e-05
3:93659746:C:T,-4.71337957996809e-05,-0.000994730486835849,-0.000452075551390152,8.05764552058719e-06,-3.95541241777764e-05,0.000117698766927354,-0.00266110608640879,0.000209309901137544,-9.2399793543585e-05,-3.95541241795527e-05,0.0104830824681148,8.37376595290706e-05,4.2017981439102e-05,-0.000133664187043969,-0.00025704696105322,-0.00208458928132504,-0.00035378487590787,-0.000145748532459855,6.46446026157932e-05,-8.8159022346268e-05,-8.64743254052058e-05,3.98659272287105e-05,-0.00251830285991783,-0.000123805616668804,-3.69042470058645e-05,-2.4889735093403e-05,-0.00013033722525968,-0.00122052004997197,0.000482365929281414
3:93660733:G:A,3.90174192395065e-05,-1.827870603055e-05,-8.93690828775995e-05,-0.00283370494573809,3.81734842598291e-05,-0.000131907558369448,-0.000615728066940768,-0.000246366633816386,9.09599277409967e-05,-0.00203797716888854,8.37376595290706e-05,0.0271192041816302,-4.694206811795e-05,0.000128470649250367,-0.00358084023287386,-0.00419484828221783,-0.000269167670317483,0.000142024947296981,-0.00127615165038275,8.29550680823132e-05,8.61206858973063e-05,-0.001507430439732,-0.00568992293156256,0.000120568703009027,-0.00230809798426979,2.07375390202102e-05,0.000125809600217686,-0.00120882162798841,-0.00202222481504943
3:93663119:G:A,2.06864558771613e-05,-0.000202411998474261,-0.000545488235204949,-5.66792108092073e-06,1.93957690086677e-05,-6.50838668621034e-05,0.000156088875170823,-0.000120644250765523,4.5820242115191e-05,1.93957690077795e-05,4.2017981439102e-05,-4.694206811795e-05,0.0121093592011778,-0.00201121887668787,0.000120687154398169,-0.00104971501655804,-0.000626248107046479,7.15045075461163e-05,-3.56779031882581e-05,-0.00210654080835404,4.3272569993924e-05,-0.00316150985652897,5.60698803369064e-05,6.07851433231943e-05,1.82341828578458e-05,1.09977524953564e-05,6.35409880134219e-05,-0.00291778634838202,3.70787844898857e-05
3:93669547:A:C,-7.91428837159103e-05,-0.00149680816714959,-0.00259178988675446,1.1060358952264e-05,-6.38522197133895e-05,0.000181291130571637,-0.012005097244602,-0.00160817396981372,-0.000838402598911436,-6.38522197133895e-05,-0.000133664187043969,0.000128470649250367,-0.00201121887668787,0.0522729472899166,-0.00445165096863676,0.000281563354192826,-0.00123114045014772,-0.000507726915804696,9.97340672164171e-05,-0.000275845034200195,-0.000520434335701481,6.13837255807326e-05,-0.00875220738154336,-0.00419209361767869,-5.94000786984239e-05,-0.00506602766089603,-0.0039014522483285,-0.00059278236477267,-0.00259368726516662
3:93672334:C:T,-0.0013930617353175,3.91405086785923e-05,-7.50277477936656e-05,1.34073138209345e-05,-0.000127656825867462,0.000345638957788275,-0.00418666231670528,0.000604648910695893,-0.000288698324516723,-0.000127656825867462,-0.00025704696105322,-0.00358084023287386,0.000120687154398169,-0.00445165096863676,0.0389548773056663,-0.00182841914926524,0.000244210787464283,-0.000452466327374168,0.000186308906173771,-0.000288176588560951,-0.000361656785925923,-0.00147776761487695,-0.0022460203549759,-0.000729259687911821,-0.00243543874177199,-0.00251646968646746,-0.00088347757315077,-0.0121765088781345,-0.000624956517638608
3:93675739:C:G,-0.000971072573216603,-0.00139510053743575,0.00106340590849197,-3.25839363615188e-05,-0.00194716883173562,-0.000289630098031068,-0.00322982289465301,-0.00139923612834725,0.000199360863318176,8.08363033746318e-05,-0.00208458928132504,-0.00419484828221783,-0.00104971501655804,0.000281563354192826,-0.00182841914926524,0.0289046124797165,0.00102045391768746,-0.0019265016971648,-0.000892406930275591,-0.00297976624476792,0.000189786960747895,-0.000102528177531092,-0.0028031502152146,-0.00233599434895027,-0.00164078987962846,3.87666867514014e-05,-0.000317723717889962,-0.000514276367998168,0.000156537834286929
3:93688511:G:A,-0.00107315684452569,-0.000747725194399251,-0.00207722620112127,-0.00157899015649487,-0.000283631725963573,-0.00768622412494224,-0.00283836991360298,-0.000456804799985999,-0.00140813927825612,-0.000437281321612915,-0.00035378487590787,-0.000269167670317483,-0.000626248107046479,-0.00123114045014772,0.000244210787464283,0.00102045391768746,0.0462469911519032,7.5276443064709e-05,-0.00216755897834142,-0.00170356705231045,-0.00142090225349012,-7.61502704946793e-05,-0.00325254593083368,9.62880881072437e-05,-0.00113986072854377,-0.00766038751897824,-0.000325970257884833,-0.00779802675546604,-0.00107035997755922
3:93693308:T:A,-8.76744902216231e-05,2.48327098990586e-05,0.000709481148935431,1.16813509922764e-05,-7.02319668199891e-05,0.000201887252383237,-0.000749514277761598,-0.00280543056876947,-0.000162072879784425,-7.02319668217655e-05,-0.000145748532459855,0.000142024947296981,7.15045075461163e-05,-0.000507726915804696,-0.000452466327374168,-0.0019265016971648,7.5276443064709e-05,0.0127016065070587,0.000110138912282842,-0.000157237505261421,-0.000151123229752415,6.74856249229805e-05,-0.00182105238234787,-0.00136135781427438,-6.53193081889825e-05,-4.62395780260749e-05,-0.000454949348887013,-0.00258750347079495,-0.000493537143866796
3:197783637:G:A,-0.00155685796483773,-1.37794909731426e-05,-0.00245686697392422,-9.12664691998799e-06,-0.00224915135188919,-0.000100067079997324,-0.00553856364226668,-0.000185407015216299,-0.00200375408151832,2.95754322268138e-05,6.46446026157932e-05,-0.00127615165038275,-3.56779031882581e-05,9.97340672164171e-05,0.000186308906173771,-0.000892406930275591,-0.00216755897834142,0.000110138912282842,0.02257029440957,6.44977361563548e-05,6.65331888098919e-05,-3.42572729321589e-05,-0.00163770040828837,9.34507250258676e-05,2.78383291405504e-05,-0.00274735187999031,9.76175355678066e-05,-0.000562629736237774,5.66751623933825e-05
3:197784354:T:C,0.00026123711655579,-0.00254133382945199,-0.000585009140182446,8.18269929059312e-06,-4.11176971431004e-05,-0.00102685770468103,-0.00141668157000652,-0.00294237310989143,-0.00110292304934845,-4.11176971422123e-05,-8.8159022346268e-05,8.29550680823132e-05,-0.00210654080835404,-0.000275845034200195,-0.000288176588560951,-0.00297976624476792,-0.00170356705231045,-0.000157237505261421,6.44977361563548e-05,0.0225367180638938,-9.13465128000723e-05,-0.00215287065723135,-0.000141744299169133,-0.000132614477532655,-3.83143424977916e-05,-2.57963939196415e-05,-0.000139996663318875,-0.00164247613056956,-0.00129172515329135
3:197784599:G:A,-0.00113415751980561,1.55588045078758e-05,-0.00101174052874065,8.25441374896485e-06,-0.00239175351585441,0.000120969994513942,-0.00455903430427362,0.000214464078721832,-9.5670012981941e-05,-4.09125606770644e-05,-8.64743254052058e-05,8.61206858973063e-05,4.3272569993924e-05,-0.000520434335701481,-0.000361656785925923,0.000189786960747895,-0.00142090225349012,-0.000151123229752415,6.65331888098919e-05,-9.13465128000723e-05,0.0150045018870957,4.10502918013478e-05,-0.00206357138124158,-0.000128309736631138,-0.00075618086043594,-0.000563585664846933,-0.000470187431070634,0.000135260800910864,-7.87327171147822e-05
3:197785342:T:C,-0.00175164712012954,-0.0025918735098065,-0.000390521175873459,-5.39888570649794e-06,1.84864800312212e-05,-6.2771865422917e-05,-0.00621972762863798,-0.000117220675725171,4.34537633378085e-05,-0.00542180064010545,3.98659272287105e-05,-0.001507430439732,-0.00316150985652897,6.13837255807326e-05,-0.00147776761487695,-0.000102528177531092,-7.61502704946793e-05,6.74856249229805e-05,-3.42572729321589e-05,-0.00215287065723135,4.10502918013478e-05,0.0302190707484513,5.31856450809443e-05,5.74909167427862e-05,1.73805530723214e-05,1.05171214990207e-05,6.00734530307179e-05,-0.00565120087419047,3.52324141452698e-05
3:197786288:T:G,-0.00113279692373069,-0.00194282974595694,-0.00337856324053565,3.18119715547738e-06,-0.00019170445875627,-0.00320104164928026,-0.00461340237351182,-0.00890158008522413,-0.000140491843209745,-0.000206567244537048,-0.00251830285991783,-0.00568992293156256,5.60698803369064e-05,-0.00875220738154336,-0.0022460203549759,-0.0028031502152146,-0.00325254593083368,-0.00182105238234787,-0.00163770040828837,-0.000141744299169133,-0.00206357138124158,5.31856450809443e-05,0.0754212649953141,-0.00496456475649598,-0.00164166220045825,-0.00152558946881154,-0.00482836937267006,-0.00782323288903575,-0.000115087320578411
3:197792583:C:T,-0.000351376506685597,2.14274506822321e-05,-6.89295433855541e-05,-0.0031135208068358,-5.91183569866871e-05,0.000170242187533809,-0.00602572422567071,-0.00202596629628715,-0.000137490861872536,-0.0010546314323836,-0.000123805616668804,0.000120568703009027,6.07851433231943e-05,-0.00419209361767869,-0.000729259687911821,-0.00233599434895027,9.62880881072437e-05,-0.00136135781427438,9.34507250258676e-05,-0.000132614477532655,-0.000128309736631138,5.74909167427862e-05,-0.00496456475649598,0.026282752529641,-5.50329833375329e-05,-3.82817529827051e-05,0.000376698999247083,-0.000267828727767316,-0.000113803192973272
3:197799434:G:A,-0.00418807980800828,6.78625804173549e-06,-0.0013580901792567,3.92553746397795e-06,-0.00124812218996073,4.96002809988738e-05,-0.00248420855190545,8.6029867394366e-05,-4.07309218344309e-05,-1.70102532965899e-05,-3.69042470058645e-05,-0.00230809798426979,1.82341828578458e-05,-5.94000786984239e-05,-0.00243543874177199,-0.00164078987962846,-0.00113986072854377,-6.53193081889825e-05,2.78383291405504e-05,-3.83143424977916e-05,-0.00075618086043594,1.73805530723214e-05,-0.00164166220045825,-5.50329833375329e-05,0.0225351836443561,-0.00172549706208613,-5.79240400382375e-05,-0.00141521758283769,-3.30967092647683e-05
3:197801837:T:G,-0.000666586886196363,4.23658808834659e-06,-0.0112684027023544,2.51852280008791e-06,-0.00152936637661849,-0.000881431901802898,-0.0128581714992393,-0.0011897168664472,-2.76338265443599e-05,-1.09971152779664e-05,-2.4889735093403e-05,2.07375390202102e-05,1.09977524953564e-05,-0.00506602766089603,-0.00251646968646746,3.87666867514014e-05,-0.00766038751897824,-4.62395780260749e-05,-0.00274735187999031,-2.57963939196415e-05,-0.000563585664846933,1.05171214990207e-05,-0.00152558946881154,-3.82817529827051e-05,-0.00172549706208613,0.052020633020081,-0.00137230867227522,-0.000341580297687383,-2.20946841933412e-05
3:197806051:C:T,0.000404139652115276,2.2344276088937e-05,-0.000400835805916877,-0.000154200900020385,-6.22517015367308e-05,0.000177566410418883,-0.0013263372584591,-0.00171130000663489,-0.0042273949033298,-0.00118964799843813,-0.00013033722525968,0.000125809600217686,6.35409880134219e-05,-0.0039014522483285,-0.00088347757315077,-0.000317723717889962,-0.000325970257884833,-0.000454949348887013,9.76175355678066e-05,-0.000139996663318875,-0.000470187431070634,6.00734530307179e-05,-0.00482836937267006,0.000376698999247083,-5.79240400382375e-05,-0.00137230867227522,0.0204317638862608,0.000315101683370234,-0.000119991359221139
3:197807884:T:C,-0.000644805263914972,-0.00354119793229746,-0.00484352720236902,-0.00385751348192898,-0.00340103734265718,-0.00596805963015878,-0.000598792796777214,-0.00365698474982068,-0.00361873592707074,-0.0073544038786153,-0.00122052004997197,-0.00120882162798841,-0.00291778634838202,-0.00059278236477267,-0.0121765088781345,-0.000514276367998168,-0.00779802675546604,-0.00258750347079495,-0.000562629736237774,-0.00164247613056956,0.000135260800910864,-0.00565120087419047,-0.00782323288903575,-0.000267828727767316,-0.00141521758283769,-0.000341580297687383,0.000315101683370234,0.0859514615759922,-0.00219637375282833
3:197807934:G:C,-0.00124180482453351,1.35120340676309e-05,-0.00106522263972408,7.33773477001876e-06,-3.5485698062665e-05,-0.00141614074959762,-0.000286248725232419,-0.00166589676577189,-0.000860271907164645,-3.54856980635532e-05,0.000482365929281414,-0.00202222481504943,3.70787844898857e-05,-0.00259368726516662,-0.000624956517638608,0.000156537834286929,-0.00107035997755922,-0.000493537143866796,5.66751623933825e-05,-0.00129172515329135,-7.87327171147822e-05,3.52324141452698e-05,-0.000115087320578411,-0.000113803192973272,-3.30967092647683e-05,-2.20946841933412e-05,-0.000119991359221139,-0.00219637375282833,0.0165934877234619
