"","4:56725045:G:T","4:56727551:A:T","4:56728209:G:A","4:56728781:A:G","4:56733727:C:A","4:56738273:C:T","4:56742170:G:C","4:56744801:A:C","4:56752748:A:C","4:56756108:A:G","4:56764227:C:G","4:56764714:T:C","4:56766050:T:C","4:56768790:T:C","4:56769303:G:A","4:56770032:G:T","4:56771524:T:C"
"4:56725045:G:T",0.0372227001017618,0.000682676230882695,-0.000220463583246122,-0.00121863227410923,1.95903937987296e-05,-0.00381831464957205,-0.00248670999966327,-0.00397198689041112,-0.00572455316098441,-0.00284269540109161,-0.00251835447512327,-0.00382054660438591,-6.29112825940581e-05,-0.00572455316098441,0.000133221414121198,-0.00181734789325105,-0.00383111876514786
"4:56727551:A:T",0.000682676230882695,0.00639361210645228,-0.000269552730246758,6.00547792526385e-05,-0.000346661674700321,5.7798451465807e-05,-0.00128519514736958,-0.000389876567183478,-0.000606716760119141,-0.0011957038560908,0.000342526322389958,-0.00279713902383971,-0.000171900540166803,-0.000606716760119141,-0.000482422857389864,0.000211792534612343,0.000403425492169873
"4:56728209:G:A",-0.000220463583246122,-0.000269552730246758,0.00324559526712154,6.78625804262367e-06,-5.66364836460664e-05,-3.1837044558003e-05,5.47938370010215e-05,-0.000720840762842734,-2.04370803995602e-05,-7.03805163926319e-06,2.70479430177772e-05,-0.0019550818654448,-1.15959004727273e-05,-2.04370803995602e-05,-6.70717050512692e-05,1.73805530723214e-05,2.93884296915792e-05
"4:56728781:A:G",-0.00121863227410923,6.00547792526385e-05,6.78625804262367e-06,0.0029282228139218,6.03006268917738e-06,1.30590542983811e-05,-2.93204471732977e-05,2.93832904620928e-05,8.54170143060884e-06,2.92938334567339e-06,-1.33980358771879e-05,-0.00179469187608916,5.08393166676058e-06,8.54170143060884e-06,1.03520714045402e-05,-8.41039028998125e-06,-1.45320244060443e-05
"4:56733727:C:A",1.95903937987296e-05,-0.000346661674700321,-5.66364836460664e-05,6.03006268917738e-06,0.011118983324427,-0.00171838795244739,-0.00279297431429004,-8.36593260284957e-05,-1.9165411007549e-05,-0.00212558795526885,2.28390716383586e-05,-0.00227507670826288,-1.06852740273666e-05,-1.9165411007549e-05,-0.000171176658621874,-0.00157290607925997,2.46403960151298e-05
"4:56738273:C:T",-0.00381831464957205,5.7798451465807e-05,-3.1837044558003e-05,1.30590542983811e-05,-0.00171838795244739,0.0157817420428108,-0.00700619914319578,-0.000159019717965059,-4.11864598488521e-05,-0.00165327196860776,5.31172933504465e-05,7.12347407549885e-06,-2.29760244234711e-05,-4.11864598488521e-05,-0.00151250996700547,3.40331887214163e-05,5.80158827503396e-05
"4:56742170:G:C",-0.00248670999966327,-0.00128519514736958,5.47938370010215e-05,-2.93204471732977e-05,-0.00279297431429004,-0.00700619914319578,0.0160949118757503,0.000264361441850269,6.77607247627776e-05,-0.000142751250920448,-0.000111265622215306,-2.08980990636931e-05,4.2369213972826e-05,6.77607247627776e-05,-0.00252732823872837,-7.10480530363711e-05,-0.000118267502443814
"4:56744801:A:C",-0.00397198689041112,-0.000389876567183478,-0.000720840762842734,2.93832904620928e-05,-8.36593260284957e-05,-0.000159019717965059,0.000264361441850269,0.0068742602719567,-0.000989382402488914,-3.99916880189366e-05,0.000128153366220296,1.27972726868819e-05,-5.63891597220589e-05,-0.000989382402488914,-0.000132040816239076,8.11842149328612e-05,0.000142429875279682
"4:56752748:A:C",-0.00572455316098441,-0.000606716760119141,-2.04370803995602e-05,8.54170143060884e-06,-1.9165411007549e-05,-4.11864598488521e-05,6.77607247627776e-05,-0.000989382402488914,0.00734260727512481,-9.09501301293858e-06,3.39063394712014e-05,-0.00219905060443892,3.01984307258252e-05,0.00210053235709751,-3.26755664854517e-05,2.18719624331953e-05,3.68436677398165e-05
"4:56756108:A:G",-0.00284269540109161,-0.0011957038560908,-7.03805163926319e-06,2.92938334567339e-06,-0.00212558795526885,-0.00165327196860776,-0.000142751250920448,-3.99916880189366e-05,-9.09501301293858e-06,0.00800688210309097,1.09959934633252e-05,1.75940397006968e-06,-5.12039849809298e-06,-9.09501301293858e-06,-1.130511803904e-05,7.24865562684585e-06,1.18401747037922e-05
"4:56764227:C:G",-0.00251835447512327,0.000342526322389958,2.70479430177772e-05,-1.33980358771879e-05,2.28390716383586e-05,5.31172933504465e-05,-0.000111265622215306,0.000128153366220296,3.39063394712014e-05,1.09959934633252e-05,0.0031315808909298,-8.85290870833444e-06,2.0467961396875e-05,3.39063394712014e-05,4.10609123759897e-05,-0.00113739304564753,-5.63383461535949e-05
"4:56764714:T:C",-0.00382054660438591,-0.00279713902383971,-0.0019550818654448,-0.00179469187608916,-0.00227507670826288,7.12347407549885e-06,-2.08980990636931e-05,1.27972726868819e-05,-0.00219905060443892,1.75940397006968e-06,-8.85290870833444e-06,0.0191070324748353,2.9770411638097e-06,-0.00219905060443892,-0.002046233060498,-5.39888570738611e-06,-9.66942585378661e-06
"4:56766050:T:C",-6.29112825940581e-05,-0.000171900540166803,-1.15959004727273e-05,5.08393166676058e-06,-1.06852740273666e-05,-2.29760244234711e-05,4.2369213972826e-05,-5.63891597220589e-05,3.01984307258252e-05,-5.12039849809298e-06,2.0467961396875e-05,2.9770411638097e-06,0.000193191694972228,3.01984307258252e-05,-1.82258219831866e-05,1.30653618430898e-05,2.22523354205251e-05
"4:56768790:T:C",-0.00572455316098441,-0.000606716760119141,-2.04370803995602e-05,8.54170143060884e-06,-1.9165411007549e-05,-4.11864598488521e-05,6.77607247627776e-05,-0.000989382402488914,0.00210053235709751,-9.09501301293858e-06,3.39063394712014e-05,-0.00219905060443892,3.01984307258252e-05,0.00734260727512481,-3.26755664854517e-05,2.18719624331953e-05,3.68436677398165e-05
"4:56769303:G:A",0.000133221414121198,-0.000482422857389864,-6.70717050512692e-05,1.03520714045402e-05,-0.000171176658621874,-0.00151250996700547,-0.00252732823872837,-0.000132040816239076,-3.26755664854517e-05,-1.130511803904e-05,4.10609123759897e-05,-0.002046233060498,-1.82258219831866e-05,-3.26755664854517e-05,0.00860124109537574,-0.00179685000574192,4.46398889915045e-05
"4:56770032:G:T",-0.00181734789325105,0.000211792534612343,1.73805530723214e-05,-8.41039028998125e-06,-0.00157290607925997,3.40331887214163e-05,-7.10480530363711e-05,8.11842149328612e-05,2.18719624331953e-05,7.24865562684585e-06,-0.00113739304564753,-5.39888570738611e-06,1.30653618430898e-05,2.18719624331953e-05,-0.00179685000574192,0.00603689457862977,-3.59886593708225e-05
"4:56771524:T:C",-0.00383111876514786,0.000403425492169873,2.93884296915792e-05,-1.45320244060443e-05,2.46403960151298e-05,5.80158827503396e-05,-0.000118267502443814,0.000142429875279682,3.68436677398165e-05,1.18401747037922e-05,-5.63383461535949e-05,-9.66942585378661e-06,2.22523354205251e-05,3.68436677398165e-05,4.46398889915045e-05,-3.59886593708225e-05,0.00325559491287386
