"","1:197007229:G:A","1:197011306:C:T","1:197013137:G:A","1:197015728:A:G","1:197015923:G:A","1:197017942:G:A","1:197018398:T:C","1:197018887:C:T","1:197026289:A:G","1:197026870:C:A","1:197027749:C:T","1:197028686:C:T","1:197031021:C:T"
"1:197007229:G:A",-5.41960904598682e-07,1.69450634412982e-06,-1.05520028981232e-06,5.84446910423253e-07,-3.35476674084845e-06,-8.71670333246755e-07,4.64480849249327e-06,-1.29588499433453e-05,3.31255421670562e-06,9.15532092804483e-07,9.06045324278182e-06,7.39982514286197e-06,-8.82967823034875e-06
"1:197011306:C:T",1.69450634412982e-06,0.00724752656606231,3.44374315197626e-06,-0.00548392771287798,1.07837707066238e-05,2.85442108349798e-06,-9.77144802396523e-05,3.67604289106538e-05,-1.23496354875741e-05,-3.37099867842028e-06,-3.97798986462305e-05,-3.08337244838697e-05,-0.00163508698584547
"1:197013137:G:A",-1.05520028981232e-06,3.44374315197626e-06,0.00721589655470556,-0.00209402440812401,-6.85031856484386e-06,-1.78969144393193e-06,8.88182255831538e-06,-2.63926826322702e-05,6.73282541807652e-06,1.84400902725201e-06,1.84262164184545e-05,-0.00283218173356747,-0.00229293113665729
"1:197015728:A:G",5.84446910423253e-07,-0.00548392771287798,-0.00209402440812401,0.0123149930281445,3.28238514324397e-06,-0.00212179410408186,-0.00130458347983842,7.16296457703436e-06,-0.00128914486456821,-1.17932489462902e-06,-1.94929090397977e-05,-1.41117081682296e-05,2.23568681789743e-06
"1:197015923:G:A",-3.35476674084845e-06,1.07837707066238e-05,-6.85031856484386e-06,3.28238514324397e-06,0.0114554649862253,-5.66896171161346e-06,-0.00298949350580457,-7.34662529993102e-05,2.15224172119832e-05,-0.00230375629394253,6.51584167812302e-05,-0.00255292519638495,-0.00362069667991971
"1:197017942:G:A",-8.71670333246755e-07,2.85442108349798e-06,-1.78969144393193e-06,-0.00212179410408186,-5.66896171161346e-06,0.0118580948327818,-0.00742686558182815,-2.18603615778079e-05,5.58044540177605e-06,1.53309880968067e-06,1.5269426114628e-05,1.24654727526874e-05,-0.00231694732596743
"1:197018398:T:C",4.64480849249327e-06,-9.77144802396523e-05,8.88182255831538e-06,-0.00130458347983842,-0.00298949350580457,-0.00742686558182815,0.0228365619780826,-0.00420821711827735,0.000101979593583046,-0.00255432417361856,0.0001293964886111,0.00050838008728693,-0.00500864643900778
"1:197018887:C:T",-1.29588499433453e-05,3.67604289106538e-05,-2.63926826322702e-05,7.16296457703436e-06,-7.34662529993102e-05,-2.18603615778079e-05,-0.00420821711827735,0.00452122806545319,7.39938282681152e-05,1.58778513519309e-05,0.000233793162852436,0.000178732509446,-0.000724653545429277
"1:197026289:A:G",3.31255421670562e-06,-1.23496354875741e-05,6.73282541807652e-06,-0.00128914486456821,2.15224172119832e-05,5.58044540177605e-06,0.000101979593583046,7.39938282681152e-05,0.00549180176843223,-7.03390061307374e-06,-8.05089392548197e-05,-0.000845292547426268,-0.00347059354518198
"1:197026870:C:A",9.15532092804483e-07,-3.37099867842028e-06,1.84400902725201e-06,-1.17932489462902e-06,-0.00230375629394253,1.53309880968067e-06,-0.00255432417361856,1.58778513519309e-05,-7.03390061307374e-06,0.00941800438967721,-0.000715978432786812,-0.00137036047714734,-0.00248217127927752
"1:197027749:C:T",9.06045324278182e-06,-3.97798986462305e-05,1.84262164184545e-05,-1.94929090397977e-05,6.51584167812302e-05,1.5269426114628e-05,0.0001293964886111,0.000233793162852436,-8.05089392548197e-05,-0.000715978432786812,0.00334321772377422,-0.000668293851831869,-0.00229026785623532
"1:197028686:C:T",7.39982514286197e-06,-3.08337244838697e-05,-0.00283218173356747,-1.41117081682296e-05,-0.00255292519638495,1.24654727526874e-05,0.00050838008728693,0.000178732509446,-0.000845292547426268,-0.00137036047714734,-0.000668293851831869,0.0112217444471865,-0.00361472310280497
"1:197031021:C:T",-8.82967823034875e-06,-0.00163508698584547,-0.00229293113665729,2.23568681789743e-06,-0.00362069667991971,-0.00231694732596743,-0.00500864643900778,-0.000724653545429277,-0.00347059354518198,-0.00248217127927752,-0.00229026785623532,-0.00361472310280497,0.0274633118877392
