"","8:28286124:C:G","8:28287627:T:C","8:28291883:T:C","8:28293260:G:A","8:28294439:T:C","8:28296171:A:G","8:28296237:C:A","8:28297237:T:G","8:28298393:G:A","8:28298699:G:C","8:28300460:T:C","8:28301888:C:T","8:28302604:G:A","8:28302651:A:G","8:28303764:C:T","8:28311207:A:G","8:28317322:T:A","8:28321153:A:G","8:28322864:G:A","8:28323109:A:G","8:28323435:T:C","8:28324173:A:G","8:28324258:G:C","8:28324278:A:C","8:28325271:C:T","8:28328228:T:C","8:28328324:T:C","8:28331612:A:G","8:28336231:T:G","8:28336574:G:A","8:28337394:C:T","8:28338737:G:A","8:28339228:G:A","8:28339674:A:G","8:28341385:T:C","8:28341888:T:C","8:28344166:T:C","8:28344218:C:T","8:28344712:G:A","8:28345638:G:A","8:28346118:C:T","8:28346860:A:G","8:28347624:T:C","8:28347943:C:T"
"8:28286124:C:G",0.0654145270864004,0.000112589405549812,-0.0023743977592563,0.000115073491613771,-0.00380822654546265,-0.00333611380753673,-0.00168106256944967,2.91279352504503e-05,-0.00345415787528092,-0.00104050569437231,-0.00156423889840518,-4.95626250742731e-05,-0.00146650052867336,-0.00257823911559907,-0.00147943293397468,-0.000156052208819091,-1.79051367368288e-05,0,-0.00151780530231438,-0.000995707662488243,-0.0030068620157655,-6.12576125114117e-06,-0.00046969696953969,-0.00279779665422897,8.4109980726943e-05,-0.000100436951162131,-7.75949093192452e-05,-0.00169638707202768,-0.000614591577154933,-0.002848789873374,5.99582824261091e-05,-1.5993739387099e-05,-0.00502730955576514,-0.000230833142986775,-0.00268740768589648,-2.35206475718286e-05,-0.00528688753307449,0.000107693970262446,1.19610843016815e-05,-0.0101164089227712,4.39914064376268e-05,-0.00011708909175745,-0.000831250337324896,-0.00450414153916689
"8:28287627:T:C",0.000112589405549812,0.0346709628544515,-5.22205772703899e-05,-0.000170077245169153,8.9370006224776e-05,1.91224949430691e-05,-0.000604340589712926,-5.1956734601788e-05,-0.00323113454286972,-0.00962603175432086,-0.00164856351744991,6.42261848033954e-05,1.37232174814983e-05,6.42261848033954e-05,-0.00384133015579735,0.000192447113199101,2.05218567197463e-05,0,-7.89461959671556e-05,-0.000130007381284436,3.87307174936069e-05,-0.00176177875610595,-0.000191172914747462,-3.92230993462306e-07,-0.000121663116568804,0.000126463540170541,8.52917901319472e-05,-0.000192008572623692,6.42261848033954e-05,-0.0041808056360626,-8.69327497001748e-05,1.71434641371704e-05,-0.00114546107978608,-0.000369649753970691,-2.11639079354953e-05,3.04134415651802e-05,-0.00555367185742828,-0.000156410289980258,-0.000525135821472844,0.000124983640056087,-0.00117200762758696,-0.000582284424194057,-0.000235873309907042,-3.42135302666691e-06
"8:28291883:T:C",-0.0023743977592563,-5.22205772703899e-05,0.0322788182726255,-5.36171468663582e-05,-0.00144673722907029,-0.00166888089182571,-4.38715557953273e-05,-0.00258168547693494,-0.00193136153530116,-0.0028741387696618,-0.000118350362714459,1.99084086967005e-05,-0.00249246274388248,1.99084086967005e-05,-0.00166542569984784,5.83653912320514e-05,6.78625804262367e-06,0,-2.46281179734353e-05,-0.000112968647106193,1.29383732057065e-05,9.47045258214985e-07,-6.09274312513008e-05,9.47045258214985e-07,-3.81626973471327e-05,3.88649278972863e-05,2.80343101577429e-05,-5.9286921382018e-05,1.99084086967005e-05,-2.9370039582588e-06,-0.00379918201407303,5.84534231773404e-06,-0.005532034527298,-6.42585352563785e-05,-0.00274487347472618,9.53596467745399e-06,-9.86419441320052e-05,-4.94837170927909e-05,-5.9921786270678e-06,-0.0018582450374387,-0.000610774458916552,4.36281852618237e-05,-0.000139207503667471,-3.96823833508364e-05
"8:28293260:G:A",0.000115073491613771,-0.000170077245169153,-5.36171468663582e-05,0.0311647428874759,9.13997691842638e-05,-6.6979645455767e-05,-0.0026153850985855,-5.34783742187628e-05,-0.00059508303230027,-0.00269588321980052,-0.00373372428976548,6.5730862318425e-05,-0.00138735590164973,6.5730862318425e-05,-0.0015280311591841,0.000196539840152887,2.09732521723183e-05,0,-0.000117201491213414,-6.85031557390303e-05,3.95537615824892e-05,-5.29531495097046e-07,0.000740403440421922,-0.00340996169532648,-0.00012496581321475,0.000129287933932076,8.70781542534615e-05,-0.00106788427685967,6.5730862318425e-05,-1.06837027837869e-05,-0.000603437484319791,1.75011014125204e-05,-0.00284727865921308,-0.000103888538819596,-0.00362818580610025,3.11363763598749e-05,-0.00366944203781649,0.000207187826884336,-2.17694778026356e-05,-0.00407476639564663,-0.000286535217111528,0.000142754447644222,-0.000242658559323594,-3.51791426389525e-06
"8:28294439:T:C",-0.00380822654546265,8.9370006224776e-05,-0.00144673722907029,9.13997691842638e-05,0.0557018183183287,-0.00718366000487958,-0.000379882493614758,-0.00136908225827792,-0.000801908273784235,-0.00332268053036966,-0.00320886100986062,-3.84737115384226e-05,-0.00133488687519545,-0.000475399793618436,-0.000701386300883122,-0.000119817927466848,-1.37794909722544e-05,0,-0.00192930109163836,-0.00263156632123618,-2.69167875597276e-05,-4.31909113896012e-06,0.000103880513275811,-0.00319489777560378,-0.00359904531117561,-7.75108435160377e-05,-5.9194948599739e-05,9.74013455934397e-05,-3.84737115384226e-05,-0.00324924910551161,-0.00255252111039539,-1.22452725630495e-05,-0.00655499368913492,-0.00331675072443804,-0.00155632277168305,-1.82849292738041e-05,-8.52913476236949e-05,8.53727778604707e-05,-0.00155632277168305,0.000341025679311713,-0.000227852306427856,-8.97743506955706e-05,-0.00126387031779895,-0.00026078138554908
"8:28296171:A:G",-0.00333611380753673,1.91224949430691e-05,-0.00166888089182571,-6.6979645455767e-05,-0.00718366000487958,0.128694956933064,-0.0012255456090795,-0.00234972919310117,-0.00602792231879601,-0.00475092343975136,-0.0076948402776198,-0.000830546647053509,-0.00134759406691032,-0.00259286179102691,-0.00117941167498259,-0.00165475252810499,-0.00292007957528817,0,-0.00274713740084298,-0.000414899069371533,-0.0002272863183852,-0.000662039648797741,-0.000304294682585748,-0.00120768422112372,-0.00227704192282996,-0.00558880911614867,-0.00538046980698104,-0.00890341637584591,-0.0024414835792399,-0.00575843047010682,-0.00412940225869551,-0.00200231252316918,-0.00965861249401234,-0.00571720361828687,-0.0104731755409722,-0.0049706512007166,-0.00398909332676478,-0.0012382640434927,-0.000642393521085083,-0.00215223982125989,-0.000904448770315369,-0.000528922897049977,-0.00154582470406606,-1.87006244489751e-05
"8:28296237:C:A",-0.00168106256944967,-0.000604340589712926,-4.38715557953273e-05,-0.0026153850985855,-0.000379882493614758,-0.0012255456090795,0.0986508750875741,-4.9705949409784e-06,-0.00734846599565753,-0.000104919118355085,-0.0132076114689235,-2.26074503775209e-05,-0.00564922735087237,-2.26074503775209e-05,-0.00117376070935116,-0.00308364444941578,-6.53560675267784e-05,0,1.82040617078272e-05,-2.30953360844666e-05,-0.00164864615357718,-0.000149053017577394,-6.37348754022327e-05,-0.00111791788003135,-0.000188073357075602,-0.00395846231683983,1.15467568750915e-06,-0.00817621416464842,-2.26074503775209e-05,-0.00521071458867173,-0.00107288115160742,-0.00252289819271478,-0.00499330935923803,-0.00234721685039307,-0.00431572257595381,-0.00137994867558255,-0.00268257717098885,-0.000923673647349688,-7.76004995728385e-06,-0.00733202823771562,-0.0010950863894017,-0.00636725784828052,-0.00183264815013295,-0.00400544781333156
"8:28297237:T:G",2.91279352504503e-05,-5.1956734601788e-05,-0.00258168547693494,-5.34783742187628e-05,-0.00136908225827792,-0.00234972919310117,-4.9705949409784e-06,0.076025749271738,-0.00288270110985023,-7.88529483788381e-05,-0.0017343872158353,1.70957201897082e-05,4.38012776271535e-06,-0.000990337974374533,-0.0017551420124442,4.50168956307451e-05,6.03006268917738e-06,0,-2.3296551458607e-05,-0.00172584042109758,-1.90649251914365e-05,-0.00466989484681957,-6.14924775010905e-05,8.94359482472851e-07,-0.00107279918700431,-0.003774799588105,-0.00593810544556117,-0.000704545230737708,-0.000990337974374533,-2.64657138071556e-06,-2.56248284049576e-05,-0.00187042601757348,-0.00530252929150299,0.000151571574584786,-0.00781774788022105,8.39689866705129e-06,-0.011593244972314,-4.89942085044603e-05,-0.00209650773048509,-0.00285174727355297,-0.00775834675226417,-7.10114373374537e-05,-7.80779447850932e-05,-0.00393885739685906
"8:28298393:G:A",-0.00345415787528092,-0.00323113454286972,-0.00193136153530116,-0.00059508303230027,-0.000801908273784235,-0.00602792231879601,-0.00734846599565753,-0.00288270110985023,0.143741636901801,-0.00475630814054195,-0.0049171081970445,-0.00102568446968565,-0.00131909955641385,-0.00229153830146167,-0.00437408407810036,-0.00254966885766983,-0.0117658801707696,0,-0.000870681202436607,-0.00188559242659325,-0.00848694433904829,-0.00569555067713257,0.000234232171473892,-0.00235807284780343,-9.00625008970479e-06,5.23156463456687e-05,-0.00221750657886188,-0.00771908471103311,-0.00234171807065842,-0.00101543265824766,-0.00417576495194361,-0.0149381113688642,-0.00200992056661065,-0.00571950874654581,1.5200601898524e-05,-0.00533131321977987,-0.000968535467859688,-0.00161284789585814,-0.000579977482682015,-0.00858528890846744,-0.00135281093585649,-0.000105961578243274,-0.00296429727176761,-0.00382735070960738
"8:28298699:G:C",-0.00104050569437231,-0.00962603175432086,-0.0028741387696618,-0.00269588321980052,-0.00332268053036966,-0.00475092343975136,-0.000104919118355085,-7.88529483788381e-05,-0.00475630814054195,0.126173810710891,-0.00709574072885566,-0.00291084412217657,-0.00219449808023509,-0.00230400943381248,-0.00840002682543517,-0.0038539376872011,-8.80465293295885e-06,0,-0.000128083815889468,-0.000193638292506293,-0.00207628839369711,-0.00401221620868331,-0.000325567981402486,-0.00634003528020699,-0.00195169514222027,-0.00804541639783452,-0.00160909422340882,-0.000499358799489258,9.55787952845455e-05,-0.00251705250211831,-0.00479768911890144,-0.000609312729523914,-0.00140027220338412,-0.00208840826794621,-0.00616402315142039,-0.000237188470034511,-0.00356736145842529,-0.000519894366724394,-0.00239496032571918,-0.00778690734760934,-0.000371321733243946,-0.00797104085125966,-0.00048179605943055,-0.00416266123889475
"8:28300460:T:C",-0.00156423889840518,-0.00164856351744991,-0.000118350362714459,-0.00373372428976548,-0.00320886100986062,-0.0076948402776198,-0.0132076114689235,-0.0017343872158353,-0.0049171081970445,-0.00709574072885566,0.130610332450019,-0.00091121717312781,1.7925826282017e-05,-0.00539477049507653,-0.00429020638587962,-0.00222595946116755,-0.000752047049537019,0,-0.00100548362717134,-0.000108676240834882,-0.00252878872266127,-0.000185613337304602,-0.000325071259787535,-1.40973311815173e-05,-0.00102146332320086,-0.00850790341003282,-0.00504669604303754,-0.00116755186066175,-0.00091121717312781,-0.00414554893367924,-0.000138223127379433,-0.00288862608027785,-0.00401293744779796,-0.00184823607306495,-2.09338206413889e-05,-0.00141025765852909,-0.00442452178140673,-0.000729777957362288,-0.00581844711630009,-0.00808726322308395,-0.0036536128191722,-0.00525718823870225,-0.00493270631897769,-0.00393978881966106
"8:28301888:C:T",-4.95626250742731e-05,6.42261848033954e-05,1.99084086967005e-05,6.5730862318425e-05,-3.84737115384226e-05,-0.000830546647053509,-2.26074503775209e-05,1.70957201897082e-05,-0.00102568446968565,-0.00291084412217657,-0.00091121717312781,0.0131124666476419,-7.3412938572659e-06,-2.69967161514728e-05,-9.0815944599143e-05,-8.3087052771269e-05,-9.58169582432333e-06,0,3.1217820278151e-05,4.79394025916235e-05,-1.86243351363302e-05,-2.70694565251972e-06,7.4738105366734e-05,-2.70694565251972e-06,4.7637745732132e-05,-5.40495657368467e-05,-0.00207274450933781,7.04788165162284e-05,-2.69967161514728e-05,3.4433877154072e-06,3.38527972099101e-05,-8.46771511575639e-06,-0.00233921909818147,2.96345225523353e-05,7.00144534171443e-06,-1.28510196741871e-05,6.23229381213619e-05,6.12654598510787e-05,7.00144534171443e-06,-0.00259225426641141,-6.77015976666695e-05,-0.000643288410764775,9.12729190805095e-05,1.1353983699891e-06
"8:28302604:G:A",-0.00146650052867336,1.37232174814983e-05,-0.00249246274388248,-0.00138735590164973,-0.00133488687519545,-0.00134759406691032,-0.00564922735087237,4.38012776271535e-06,-0.00131909955641385,-0.00219449808023509,1.7925826282017e-05,-7.3412938572659e-06,0.0515781272005271,-7.3412938572659e-06,-0.000994032968294256,-2.54530233956274e-05,-2.44216150324661e-06,0,7.36748835006296e-06,1.09050297254498e-05,-4.82595785644691e-06,-5.37531031241656e-07,1.53915543590344e-05,-5.37531031241656e-07,1.07190837406179e-05,-0.00105247715569146,-0.00251233607887968,1.48936584540849e-05,-7.3412938572659e-06,9.15532092804483e-07,-0.00171598302788212,-2.12905908547611e-06,-0.0131213724977837,7.32562954031124e-06,1.84400902725201e-06,-3.37099867842028e-06,-0.00187060990972832,1.31972905252908e-05,1.84400902725201e-06,-0.0100702611347945,-0.00163991602725311,-0.00148667669262093,1.77473635174508e-05,3.03720501193538e-07
"8:28302651:A:G",-0.00257823911559907,6.42261848033954e-05,1.99084086967005e-05,6.5730862318425e-05,-0.000475399793618436,-0.00259286179102691,-2.26074503775209e-05,-0.000990337974374533,-0.00229153830146167,-0.00230400943381248,-0.00539477049507653,-2.69967161514728e-05,-7.3412938572659e-06,0.0364911382987474,-0.00243116717947611,-8.3087052771269e-05,-9.58169582432333e-06,0,3.1217820278151e-05,4.79394025916235e-05,-1.86243351363302e-05,-2.70694565251972e-06,7.4738105366734e-05,-2.70694565251972e-06,4.7637745732132e-05,-5.40495657368467e-05,-0.000874804375403215,7.04788165162284e-05,-2.69967161514728e-05,3.4433877154072e-06,3.38527972099101e-05,-8.46771511575639e-06,-0.00641095965680893,-0.00237093092483498,7.00144534171443e-06,-1.28510196741871e-05,-0.000928348242426935,6.12654598510787e-05,7.00144534171443e-06,-0.0063367516972832,-0.000799663259154926,-6.21888055016839e-05,9.12729190805095e-05,1.1353983699891e-06
"8:28303764:C:T",-0.00147943293397468,-0.00384133015579735,-0.00166542569984784,-0.0015280311591841,-0.000701386300883122,-0.00117941167498259,-0.00117376070935116,-0.0017551420124442,-0.00437408407810036,-0.00840002682543517,-0.00429020638587962,-9.0815944599143e-05,-0.000994032968294256,-0.00243116717947611,0.113791592751337,-0.000379912840921648,-0.000127630734917616,0,-0.000936894469900196,-0.00283389720086502,-0.000996601680665954,-0.00170465546280507,-5.86723212085971e-05,-0.000968878364427717,-0.00431757083530826,-0.000616480155739119,-0.0156256972910258,-0.00563804010000046,-0.00628109132589572,3.62352457372594e-07,-0.000747802980093581,-0.00108938868583852,-0.0016442292040173,-0.00681271493648961,-0.00227411253221543,-0.00149531954882676,-0.00270708061704727,-0.00125328978320205,-0.00385944943703276,-0.00502407843260855,-0.00216808206742147,-0.00422164600054886,-0.00218537821864029,-0.00391910584788135
"8:28311207:A:G",-0.000156052208819091,0.000192447113199101,5.83653912320514e-05,0.000196539840152887,-0.000119817927466848,-0.00165475252810499,-0.00308364444941578,4.50168956307451e-05,-0.00254966885766983,-0.0038539376872011,-0.00222595946116755,-8.3087052771269e-05,-2.54530233956274e-05,-8.3087052771269e-05,-0.000379912840921648,0.0264017258971689,-3.12798770645273e-05,0,9.38460593804535e-05,0.0001387210840047,-6.16263892148083e-05,-0.00367460782126017,0.000225344845450337,-1.33949152241186e-05,0.000142920447818717,-0.000167105192442563,-0.000134443127329575,0.000204694808648043,-8.3087052771269e-05,9.06045324278182e-06,0.000100913103382894,-2.83828272342745e-05,-0.0028870075212879,-0.00158892224345575,1.84262164184545e-05,-3.97798986462305e-05,-0.000526721737259095,0.000184395163291384,1.84262164184545e-05,-0.00312677396222139,-0.000951324394550923,-0.000778611057587142,0.000274610418749432,2.98715306534802e-06
"8:28317322:T:A",-1.79051367368288e-05,2.05218567197463e-05,6.78625804262367e-06,2.09732521723183e-05,-1.37794909722544e-05,-0.00292007957528817,-6.53560675267784e-05,6.03006268917738e-06,-0.0117658801707696,-8.80465293295885e-06,-0.000752047049537019,-9.58169582432333e-06,-2.44216150324661e-06,-9.58169582432333e-06,-0.000127630734917616,-3.12798770645273e-05,0.0343851716316159,0,1.04089365695614e-05,1.58265892649112e-05,-6.38792387253062e-06,-0.00182195061332457,2.34888425456603e-05,-7.49290316903739e-07,1.55588045096522e-05,-1.97378469808385e-05,-0.00168749871492579,-0.00212088272777056,-9.58169582432333e-06,1.23522016881594e-06,1.12795477162919e-05,-0.00281196809581008,-0.00375147168020273,1.02873413636573e-05,2.50068447016361e-06,-4.47897512501072e-06,-0.00417328097217418,1.96274504622451e-05,2.50068447016361e-06,-0.00240091052264013,-2.46287701015646e-05,-2.27438431465998e-05,2.8034383324993e-05,4.084350075928e-07
"8:28321153:A:G",0,0,0,0,0,0,0,0,0,0,0,0,0,0,0,0,0,0,0,0,0,0,0,0,0,0,0,0,0,0,0,0,0,0,0,0,0,0,0,0,0,0,0,0
"8:28322864:G:A",-0.00151780530231438,-7.89461959671556e-05,-2.46281179734353e-05,-0.000117201491213414,-0.00192930109163836,-0.00274713740084298,1.82040617078272e-05,-2.3296551458607e-05,-0.000870681202436607,-0.000128083815889468,-0.00100548362717134,3.1217820278151e-05,7.36748835006296e-06,3.1217820278151e-05,-0.000936894469900196,9.38460593804535e-05,1.04089365695614e-05,0,0.0291833574229585,0.000665742541663406,1.9851576788632e-05,1.05793353633032e-06,0.00170966340901302,1.05793353633032e-06,-5.81201300686729e-05,-0.00543845636707374,4.34829923543489e-05,-0.00073859599641235,3.1217820278151e-05,-0.00109690334044732,-4.13785014012902e-05,8.89737239795352e-06,-0.000895188772048527,-4.05984877129839e-05,-9.5004362927753e-06,1.48369395649439e-05,-0.00697148994481012,-7.485263164142e-05,-9.5004362927753e-06,-0.00714446287040182,7.23206895676398e-05,6.90814758383951e-05,-0.000112786254570452,-1.53685808168547e-06
"8:28323109:A:G",-0.000995707662488243,-0.000130007381284436,-0.000112968647106193,-6.85031557390303e-05,-0.00263156632123618,-0.000414899069371533,-2.30953360844666e-05,-0.00172584042109758,-0.00188559242659325,-0.000193638292506293,-0.000108676240834882,4.79394025916235e-05,1.09050297254498e-05,4.79394025916235e-05,-0.00283389720086502,0.0001387210840047,1.58265892649112e-05,0,0.000665742541663406,0.0364444885006217,2.98976383561467e-05,-0.00240330602000061,0.000627939991415971,-0.00240330602000061,-9.46022409475944e-05,-0.00147548261437702,6.49195692634663e-05,-0.0015182875194899,4.79394025916235e-05,-0.00182320116286849,-0.00107873590076402,1.33834919120446e-05,-0.00150857499741708,-0.000305054524696757,-1.55929496363783e-05,2.29509249436433e-05,-0.00938243990806775,-0.000251700220563755,-1.55929496363783e-05,-0.00472511775000628,3.48282938205102e-05,0.000103085907430689,-0.000188613195343912,-2.50764117382118e-06
"8:28323435:T:C",-0.0030068620157655,3.87307174936069e-05,1.29383732057065e-05,3.95537615824892e-05,-2.69167875597276e-05,-0.0002272863183852,-0.00164864615357718,-1.90649251914365e-05,-0.00848694433904829,-0.00207628839369711,-0.00252878872266127,-1.86243351363302e-05,-4.82595785644691e-06,-1.86243351363302e-05,-0.000996601680665954,-6.16263892148083e-05,-6.38792387253062e-06,0,1.9851576788632e-05,2.98976383561467e-05,0.0410082093579569,-0.0038136447888153,4.42051395737053e-05,-1.62429422534416e-06,2.95221756481112e-05,-3.86422401099651e-05,-7.88494432164555e-05,4.23128933713102e-05,-1.86243351363302e-05,2.33025730711489e-06,2.1471811639806e-05,-5.6101275642817e-06,-0.00275421095392758,-0.00190617708991159,-0.00517942389452664,-8.68369192463803e-06,-0.00287345763631563,3.70973683185838e-05,-0.00195968230260846,-0.000555694317405653,-0.000117262376812199,-0.0029402543020618,5.24381888906689e-05,7.70812197181669e-07
"8:28324173:A:G",-6.12576125114117e-06,-0.00176177875610595,9.47045258214985e-07,-5.29531495097046e-07,-4.31909113896012e-06,-0.000662039648797741,-0.000149053017577394,-0.00466989484681957,-0.00569555067713257,-0.00401221620868331,-0.000185613337304602,-2.70694565251972e-06,-5.37531031241656e-07,-2.70694565251972e-06,-0.00170465546280507,-0.00367460782126017,-0.00182195061332457,0,1.05793353633032e-06,-0.00240330602000061,-0.0038136447888153,0.0508417340315002,-1.39766626805482e-06,-0.00224436710631171,6.74412323320439e-07,-0.00387411831635376,-0.000319034219194769,-1.09185636354425e-06,-2.70694565251972e-06,2.41416187485299e-07,1.03951525609602e-06,-6.42392646632572e-07,-4.88171062706932e-05,-0.000547961319930401,4.58622524845964e-07,-1.08128589548784e-06,-0.00189871475724424,-1.40514079483012e-07,-0.00260601020169382,-0.000847963904770044,-0.00515361190329688,-0.00272374710460177,-3.59235298486027e-06,8.2981820526129e-08
"8:28324258:G:C",-0.00046969696953969,-0.000191172914747462,-6.09274312513008e-05,0.000740403440421922,0.000103880513275811,-0.000304294682585748,-6.37348754022327e-05,-6.14924775010905e-05,0.000234232171473892,-0.000325567981402486,-0.000325071259787535,7.4738105366734e-05,1.53915543590344e-05,7.4738105366734e-05,-5.86723212085971e-05,0.000225344845450337,2.34888425456603e-05,0,0.00170966340901302,0.000627939991415971,4.42051395737053e-05,-1.39766626805482e-06,-0.00444248678035297,-1.39766626805482e-06,-0.000140857725342336,0.000147534334967503,9.77294049988586e-05,0.000103810792705161,7.4738105366734e-05,-1.23275695989022e-05,-0.000100949919147553,1.94642394788502e-05,-5.37344879276702e-05,-0.000107058932194093,-2.50963282484307e-05,3.52825280911517e-05,-0.000260444351343203,-0.000180651505194085,-2.50963282484307e-05,-0.000604524771235404,0.000164713271563421,0.000162336251583461,0.00314108148666836,-4.06158889099117e-06
"8:28324278:A:C",-0.00279779665422897,-3.92230993462306e-07,9.47045258214985e-07,-0.00340996169532648,-0.00319489777560378,-0.00120768422112372,-0.00111791788003135,8.94359482472851e-07,-0.00235807284780343,-0.00634003528020699,-1.40973311815173e-05,-2.70694565251972e-06,-5.37531031241656e-07,-2.70694565251972e-06,-0.000968878364427717,-1.33949152241186e-05,-7.49290316903739e-07,0,1.05793353633032e-06,-0.00240330602000061,-1.62429422534416e-06,-0.00224436710631171,-1.39766626805482e-06,0.0405932771211903,6.74412323320439e-07,-7.01790182677797e-06,-0.00176998820700014,-1.09185636354425e-06,-2.70694565251972e-06,2.41416187485299e-07,-0.00314524843130481,-6.42392646632572e-07,-0.000467213603223549,-0.00201704497979449,4.58622524845964e-07,-1.08128589548784e-06,-0.00287477825274784,-0.000623080397275544,4.58622524845964e-07,-0.000292631038598667,-5.31336587581421e-05,-0.00325831621516492,-3.59235298486027e-06,8.2981820526129e-08
"8:28325271:C:T",8.4109980726943e-05,-0.000121663116568804,-3.81626973471327e-05,-0.00012496581321475,-0.00359904531117561,-0.00227704192282996,-0.000188073357075602,-0.00107279918700431,-9.00625008970479e-06,-0.00195169514222027,-0.00102146332320086,4.7637745732132e-05,1.07190837406179e-05,4.7637745732132e-05,-0.00431757083530826,0.000142920447818717,1.55588045096522e-05,0,-5.81201300686729e-05,-9.46022409475944e-05,2.95221756481112e-05,6.74412323320439e-07,-0.000140857725342336,6.74412323320439e-07,0.0178220172550967,9.39211698316456e-05,-0.000785946383868641,-0.000858213874856517,4.7637745732132e-05,-7.41033550344383e-06,-6.38300164697014e-05,1.31536987799663e-05,-8.46386405326527e-05,-6.45920140938117e-05,-1.50933973657175e-05,2.2602327941712e-05,-0.000978496151993191,-0.000115178397767757,-1.50933973657175e-05,-0.00041184556308238,0.000108197849530534,0.000104518536335974,-0.000173657457258614,-2.44070925159434e-06
"8:28328228:T:C",-0.000100436951162131,0.000126463540170541,3.88649278972863e-05,0.000129287933932076,-7.75108435160377e-05,-0.00558880911614867,-0.00395846231683983,-0.003774799588105,5.23156463456687e-05,-0.00804541639783452,-0.00850790341003282,-5.40495657368467e-05,-0.00105247715569146,-5.40495657368467e-05,-0.000616480155739119,-0.000167105192442563,-1.97378469808385e-05,0,-0.00543845636707374,-0.00147548261437702,-3.86422401099651e-05,-0.00387411831635376,0.000147534334967503,-7.01790182677797e-06,9.39211698316456e-05,0.0534916958537854,-0.00406034493680352,0.000136711192819661,-5.40495657368467e-05,6.39890507692087e-06,-0.00224611547776643,-1.76767266850675e-05,-0.00064796167095782,5.50646444903435e-05,1.3010740437025e-05,-2.57868147164331e-05,-0.00198984942558678,0.000120905552127404,1.3010740437025e-05,-0.00178707028859648,-0.000800997964855554,-0.000126348843426882,0.000179862132120512,2.10994640070794e-06
"8:28328324:T:C",-7.75949093192452e-05,8.52917901319472e-05,2.80343101577429e-05,8.70781542534615e-05,-5.9194948599739e-05,-0.00538046980698104,1.15467568750915e-06,-0.00593810544556117,-0.00221750657886188,-0.00160909422340882,-0.00504669604303754,-0.00207274450933781,-0.00251233607887968,-0.000874804375403215,-0.0156256972910258,-0.000134443127329575,-0.00168749871492579,0,4.34829923543489e-05,6.49195692634663e-05,-7.88494432164555e-05,-0.000319034219194769,9.77294049988586e-05,-0.00176998820700014,-0.000785946383868641,-0.00406034493680352,0.0707501550237351,-0.00187947518184917,-0.000874804375403215,4.84407532486131e-06,4.6922002131744e-05,-0.00171475883088235,-0.00178772612003275,-0.00190522011880478,-8.46757200623216e-06,-1.91031313203638e-05,-0.00757879869734435,-0.000646424833603554,-0.00224996155823831,-0.00195216294684775,-0.000235422632676396,-0.000224806765957375,0.000116268982229606,1.60102745283552e-06
"8:28331612:A:G",-0.00169638707202768,-0.000192008572623692,-5.9286921382018e-05,-0.00106788427685967,9.74013455934397e-05,-0.00890341637584591,-0.00817621416464842,-0.000704545230737708,-0.00771908471103311,-0.000499358799489258,-0.00116755186066175,7.04788165162284e-05,1.48936584540849e-05,7.04788165162284e-05,-0.00563804010000046,0.000204694808648043,-0.00212088272777056,0,-0.00073859599641235,-0.0015182875194899,4.23128933713102e-05,-1.09185636354425e-06,0.000103810792705161,-1.09185636354425e-06,-0.000858213874856517,0.000136711192819661,-0.00187947518184917,0.0685719063682768,-0.0059343842452293,-1.18014929224586e-05,-9.92362459584228e-05,1.87452499824659e-05,-0.00324066626693131,-0.000105495819823886,-2.41223505454968e-05,3.3608393136042e-05,-0.00195901891402261,-0.000424122224593759,-2.41223505454968e-05,-0.0123190113028162,-0.00191056006690982,-8.97520104343741e-05,-0.000277453828996244,-3.87811787483372e-06
"8:28336231:T:G",-0.000614591577154933,6.42261848033954e-05,1.99084086967005e-05,6.5730862318425e-05,-3.84737115384226e-05,-0.0024414835792399,-2.26074503775209e-05,-0.000990337974374533,-0.00234171807065842,9.55787952845455e-05,-0.00091121717312781,-2.69967161514728e-05,-7.3412938572659e-06,-2.69967161514728e-05,-0.00628109132589572,-8.3087052771269e-05,-9.58169582432333e-06,0,3.1217820278151e-05,4.79394025916235e-05,-1.86243351363302e-05,-2.70694565251972e-06,7.4738105366734e-05,-2.70694565251972e-06,4.7637745732132e-05,-5.40495657368467e-05,-0.000874804375403215,-0.0059343842452293,0.0240019814084373,3.4433877154072e-06,3.38527972099101e-05,-8.46771511575639e-06,6.93251017338525e-05,-0.00113150566452891,7.00144534171443e-06,-1.28510196741871e-05,6.23229381213619e-05,6.12654598510787e-05,7.00144534171443e-06,-0.000791562274492286,-0.00209620339702798,-6.21888055016839e-05,9.12729190805095e-05,1.1353983699891e-06
"8:28336574:G:A",-0.002848789873374,-0.0041808056360626,-2.9370039582588e-06,-1.06837027837869e-05,-0.00324924910551161,-0.00575843047010682,-0.00521071458867173,-2.64657138071556e-06,-0.00101543265824766,-0.00251705250211831,-0.00414554893367924,3.4433877154072e-06,9.15532092804483e-07,3.4433877154072e-06,3.62352457372594e-07,9.06045324278182e-06,1.23522016881594e-06,0,-0.00109690334044732,-0.00182320116286849,2.33025730711489e-06,2.41416187485299e-07,-1.23275695989022e-05,2.41416187485299e-07,-7.41033550344383e-06,6.39890507692087e-06,4.84407532486131e-06,-1.18014929224586e-05,3.4433877154072e-06,0.0423403742306583,-5.11721772245011e-06,1.07676773186682e-06,5.09044640839562e-06,-0.00244863703883702,-1.05520028981232e-06,1.69450634412982e-06,-1.14341161978615e-05,-9.81441955349993e-06,-1.05520028981232e-06,-0.00015567202149569,-0.00598598571791698,-0.00185568325091534,-1.5638178009425e-05,-1.68433871294837e-07
"8:28337394:C:T",5.99582824261091e-05,-8.69327497001748e-05,-0.00379918201407303,-0.000603437484319791,-0.00255252111039539,-0.00412940225869551,-0.00107288115160742,-2.56248284049576e-05,-0.00417576495194361,-0.00479768911890144,-0.000138223127379433,3.38527972099101e-05,-0.00171598302788212,3.38527972099101e-05,-0.000747802980093581,0.000100913103382894,1.12795477162919e-05,0,-4.13785014012902e-05,-0.00107873590076402,2.1471811639806e-05,1.03951525609602e-06,-0.000100949919147553,-0.00314524843130481,-6.38300164697014e-05,-0.00224611547776643,4.6922002131744e-05,-9.92362459584228e-05,3.38527972099101e-05,-5.11721772245011e-06,0.0352734116320805,9.62629451795038e-06,-0.000370100248550997,-0.00128575401813436,-1.04280976964688e-05,1.61181202766869e-05,-0.00327498316266084,-8.23587027971584e-05,-1.04280976964688e-05,-8.11341753337302e-06,7.7811192078947e-05,7.44635958804807e-05,-0.000124666353869429,-1.6848761470456e-06
"8:28338737:G:A",-1.5993739387099e-05,1.71434641371704e-05,5.84534231773404e-06,1.75011014125204e-05,-1.22452725630495e-05,-0.00200231252316918,-0.00252289819271478,-0.00187042601757348,-0.0149381113688642,-0.000609312729523914,-0.00288862608027785,-8.46771511575639e-06,-2.12905908547611e-06,-8.46771511575639e-06,-0.00108938868583852,-2.83828272342745e-05,-0.00281196809581008,0,8.89737239795352e-06,1.33834919120446e-05,-5.6101275642817e-06,-6.42392646632572e-07,1.94642394788502e-05,-6.42392646632572e-07,1.31536987799663e-05,-1.76767266850675e-05,-0.00171475883088235,1.87452499824659e-05,-8.46771511575639e-06,1.07676773186682e-06,9.62629451795038e-06,0.0491882455432284,-0.00137762995319068,8.82026391657575e-06,2.17523128132058e-06,-3.92797764359187e-06,-0.00824157257618197,1.64316687811805e-05,2.17523128132058e-06,-0.00360871194812074,-0.00162232938214313,-0.00328615581537317,-0.000646185631592466,3.56530902578811e-07
"8:28339228:G:A",-0.00502730955576514,-0.00114546107978608,-0.005532034527298,-0.00284727865921308,-0.00655499368913492,-0.00965861249401234,-0.00499330935923803,-0.00530252929150299,-0.00200992056661065,-0.00140027220338412,-0.00401293744779796,-0.00233921909818147,-0.0131213724977837,-0.00641095965680893,-0.0016442292040173,-0.0028870075212879,-0.00375147168020273,0,-0.000895188772048527,-0.00150857499741708,-0.00275421095392758,-4.88171062706932e-05,-5.37344879276702e-05,-0.000467213603223549,-8.46386405326527e-05,-0.00064796167095782,-0.00178772612003275,-0.00324066626693131,6.93251017338525e-05,5.09044640839562e-06,-0.000370100248550997,-0.00137762995319068,0.114964048294518,-0.001278635185193,-1.88187985497024e-05,-0.00141442911874279,-0.000956372407358241,-0.000366286311271224,-0.00203299703384818,-0.00348271611532125,-0.00649685981605552,-0.000279007524940145,-0.0030942422421214,-0.00374271793622238
"8:28339674:A:G",-0.000230833142986775,-0.000369649753970691,-6.42585352563785e-05,-0.000103888538819596,-0.00331675072443804,-0.00571720361828687,-0.00234721685039307,0.000151571574584786,-0.00571950874654581,-0.00208840826794621,-0.00184823607306495,2.96345225523353e-05,7.32562954031124e-06,-0.00237093092483498,-0.00681271493648961,-0.00158892224345575,1.02873413636573e-05,0,-4.05984877129839e-05,-0.000305054524696757,-0.00190617708991159,-0.000547961319930401,-0.000107058932194093,-0.00201704497979449,-6.45920140938117e-05,5.50646444903435e-05,-0.00190522011880478,-0.000105495819823886,-0.00113150566452891,-0.00244863703883702,-0.00128575401813436,8.82026391657575e-06,-0.001278635185193,0.0564476215957534,-0.00230265416081732,1.45298759912649e-05,-0.00101254950410823,-8.53600580308367e-05,-4.30756267277843e-06,-0.00238120991665447,-0.00277035409391058,-0.00230856167046323,-0.000136049482851952,-1.55144853852818e-06
"8:28341385:T:C",-0.00268740768589648,-2.11639079354953e-05,-0.00274487347472618,-0.00362818580610025,-0.00155632277168305,-0.0104731755409722,-0.00431572257595381,-0.00781774788022105,1.5200601898524e-05,-0.00616402315142039,-2.09338206413889e-05,7.00144534171443e-06,1.84400902725201e-06,7.00144534171443e-06,-0.00227411253221543,1.84262164184545e-05,2.50068447016361e-06,0,-9.5004362927753e-06,-1.55929496363783e-05,-0.00517942389452664,4.58622524845964e-07,-2.50963282484307e-05,4.58622524845964e-07,-1.50933973657175e-05,1.3010740437025e-05,-8.46757200623216e-06,-2.41223505454968e-05,7.00144534171443e-06,-1.05520028981232e-06,-1.04280976964688e-05,2.17523128132058e-06,-1.88187985497024e-05,-0.00230265416081732,0.062012580745098,-0.00169570072095127,-0.0020424656196445,-1.99841056991445e-05,-2.1666840606116e-06,-0.000262480199165083,-0.00200004735961556,-0.00260812934119947,-3.18436079060902e-05,-0.00411091983772316
"8:28341888:T:C",-2.35206475718286e-05,3.04134415651802e-05,9.53596467745399e-06,3.11363763598749e-05,-1.82849292738041e-05,-0.0049706512007166,-0.00137994867558255,8.39689866705129e-06,-0.00533131321977987,-0.000237188470034511,-0.00141025765852909,-1.28510196741871e-05,-3.37099867842028e-06,-1.28510196741871e-05,-0.00149531954882676,-3.97798986462305e-05,-4.47897512501072e-06,0,1.48369395649439e-05,2.29509249436433e-05,-8.68369192463803e-06,-1.08128589548784e-06,3.52825280911517e-05,-1.08128589548784e-06,2.2602327941712e-05,-2.57868147164331e-05,-1.91031313203638e-05,3.3608393136042e-05,-1.28510196741871e-05,1.69450634412982e-06,1.61181202766869e-05,-3.92797764359187e-06,-0.00141442911874279,1.45298759912649e-05,-0.00169570072095127,0.0203555865467493,3.11000291635111e-05,2.89900012901967e-05,3.44374315197626e-06,-0.0012682723129549,-0.00128353629891809,-2.9527275020591e-05,4.30116649585699e-05,5.58912898185326e-07
"8:28344166:T:C",-0.00528688753307449,-0.00555367185742828,-9.86419441320052e-05,-0.00366944203781649,-8.52913476236949e-05,-0.00398909332676478,-0.00268257717098885,-0.011593244972314,-0.000968535467859688,-0.00356736145842529,-0.00442452178140673,6.23229381213619e-05,-0.00187060990972832,-0.000928348242426935,-0.00270708061704727,-0.000526721737259095,-0.00417328097217418,0,-0.00697148994481012,-0.00938243990806775,-0.00287345763631563,-0.00189871475724424,-0.000260444351343203,-0.00287477825274784,-0.000978496151993191,-0.00198984942558678,-0.00757879869734435,-0.00195901891402261,6.23229381213619e-05,-1.14341161978615e-05,-0.00327498316266084,-0.00824157257618197,-0.000956372407358241,-0.00101254950410823,-0.0020424656196445,3.11000291635111e-05,0.11759744322229,-0.000205320962615829,-0.00558127209312076,-0.00578749742096596,-6.19026863866168e-05,-0.000664073046480418,-0.00101723087787242,-3.71623815720312e-06
"8:28344218:C:T",0.000107693970262446,-0.000156410289980258,-4.94837170927909e-05,0.000207187826884336,8.53727778604707e-05,-0.0012382640434927,-0.000923673647349688,-4.89942085044603e-05,-0.00161284789585814,-0.000519894366724394,-0.000729777957362288,6.12654598510787e-05,1.31972905252908e-05,6.12654598510787e-05,-0.00125328978320205,0.000184395163291384,1.96274504622451e-05,0,-7.485263164142e-05,-0.000251700220563755,3.70973683185838e-05,-1.40514079483012e-07,-0.000180651505194085,-0.000623080397275544,-0.000115178397767757,0.000120905552127404,-0.000646424833603554,-0.000424122224593759,6.12654598510787e-05,-9.81441955349993e-06,-8.23587027971584e-05,1.64316687811805e-05,-0.000366286311271224,-8.53600580308367e-05,-1.99841056991445e-05,2.89900012901967e-05,-0.000205320962615829,0.0133696224716768,-1.99841056991445e-05,-0.00311062946428908,-0.00153381902067906,0.000133805377781293,-0.000222546359276876,-3.23315461692175e-06
"8:28344712:G:A",1.19610843016815e-05,-0.000525135821472844,-5.9921786270678e-06,-2.17694778026356e-05,-0.00155632277168305,-0.000642393521085083,-7.76004995728385e-06,-0.00209650773048509,-0.000579977482682015,-0.00239496032571918,-0.00581844711630009,7.00144534171443e-06,1.84400902725201e-06,7.00144534171443e-06,-0.00385944943703276,1.84262164184545e-05,2.50068447016361e-06,0,-9.5004362927753e-06,-1.55929496363783e-05,-0.00195968230260846,-0.00260601020169382,-2.50963282484307e-05,4.58622524845964e-07,-1.50933973657175e-05,1.3010740437025e-05,-0.00224996155823831,-2.41223505454968e-05,7.00144534171443e-06,-1.05520028981232e-06,-1.04280976964688e-05,2.17523128132058e-06,-0.00203299703384818,-4.30756267277843e-06,-2.1666840606116e-06,3.44374315197626e-06,-0.00558127209312076,-1.99841056991445e-05,0.0329269895610014,-0.000897111246953131,-2.10025683742288e-05,1.44751265143128e-05,-3.18436079060902e-05,-3.4571705587183e-07
"8:28345638:G:A",-0.0101164089227712,0.000124983640056087,-0.0018582450374387,-0.00407476639564663,0.000341025679311713,-0.00215223982125989,-0.00733202823771562,-0.00285174727355297,-0.00858528890846744,-0.00778690734760934,-0.00808726322308395,-0.00259225426641141,-0.0100702611347945,-0.0063367516972832,-0.00502407843260855,-0.00312677396222139,-0.00240091052264013,0,-0.00714446287040182,-0.00472511775000628,-0.000555694317405653,-0.000847963904770044,-0.000604524771235404,-0.000292631038598667,-0.00041184556308238,-0.00178707028859648,-0.00195216294684775,-0.0123190113028162,-0.000791562274492286,-0.00015567202149569,-8.11341753337302e-06,-0.00360871194812074,-0.00348271611532125,-0.00238120991665447,-0.000262480199165083,-0.0012682723129549,-0.00578749742096596,-0.00311062946428908,-0.000897111246953131,0.142152779677371,-0.000638350005257582,-0.00479820144351306,-0.00239453415227064,2.68287951410429e-06
"8:28346118:C:T",4.39914064376268e-05,-0.00117200762758696,-0.000610774458916552,-0.000286535217111528,-0.000227852306427856,-0.000904448770315369,-0.0010950863894017,-0.00775834675226417,-0.00135281093585649,-0.000371321733243946,-0.0036536128191722,-6.77015976666695e-05,-0.00163991602725311,-0.000799663259154926,-0.00216808206742147,-0.000951324394550923,-2.46287701015646e-05,0,7.23206895676398e-05,3.48282938205102e-05,-0.000117262376812199,-0.00515361190329688,0.000164713271563421,-5.31336587581421e-05,0.000108197849530534,-0.000800997964855554,-0.000235422632676396,-0.00191056006690982,-0.00209620339702798,-0.00598598571791698,7.7811192078947e-05,-0.00162232938214313,-0.00649685981605552,-0.00277035409391058,-0.00200004735961556,-0.00128353629891809,-6.19026863866168e-05,-0.00153381902067906,-2.10025683742288e-05,-0.000638350005257582,0.0563122729936887,-0.000474424379842908,-0.000440275405743762,-3.39438350609456e-05
"8:28346860:A:G",-0.00011708909175745,-0.000582284424194057,4.36281852618237e-05,0.000142754447644222,-8.97743506955706e-05,-0.000528922897049977,-0.00636725784828052,-7.10114373374537e-05,-0.000105961578243274,-0.00797104085125966,-0.00525718823870225,-0.000643288410764775,-0.00148667669262093,-6.21888055016839e-05,-0.00422164600054886,-0.000778611057587142,-2.27438431465998e-05,0,6.90814758383951e-05,0.000103085907430689,-0.0029402543020618,-0.00272374710460177,0.000162336251583461,-0.00325831621516492,0.000104518536335974,-0.000126348843426882,-0.000224806765957375,-8.97520104343741e-05,-6.21888055016839e-05,-0.00185568325091534,7.44635958804807e-05,-0.00328615581537317,-0.000279007524940145,-0.00230856167046323,-0.00260812934119947,-2.9527275020591e-05,-0.000664073046480418,0.000133805377781293,1.44751265143128e-05,-0.00479820144351306,-0.000474424379842908,0.0529879249392122,0.000196438612681149,2.35086642330629e-06
"8:28347624:T:C",-0.000831250337324896,-0.000235873309907042,-0.000139207503667471,-0.000242658559323594,-0.00126387031779895,-0.00154582470406606,-0.00183264815013295,-7.80779447850932e-05,-0.00296429727176761,-0.00048179605943055,-0.00493270631897769,9.12729190805095e-05,1.77473635174508e-05,9.12729190805095e-05,-0.00218537821864029,0.000274610418749432,2.8034383324993e-05,0,-0.000112786254570452,-0.000188613195343912,5.24381888906689e-05,-3.59235298486027e-06,0.00314108148666836,-3.59235298486027e-06,-0.000173657457258614,0.000179862132120512,0.000116268982229606,-0.000277453828996244,9.12729190805095e-05,-1.5638178009425e-05,-0.000124666353869429,-0.000646185631592466,-0.0030942422421214,-0.000136049482851952,-3.18436079060902e-05,4.30116649585699e-05,-0.00101723087787242,-0.000222546359276876,-3.18436079060902e-05,-0.00239453415227064,-0.000440275405743762,0.000196438612681149,0.023491871051025,-0.00216684300402559
"8:28347943:C:T",-0.00450414153916689,-3.42135302666691e-06,-3.96823833508364e-05,-3.51791426389525e-06,-0.00026078138554908,-1.87006244489751e-05,-0.00400544781333156,-0.00393885739685906,-0.00382735070960738,-0.00416266123889475,-0.00393978881966106,1.1353983699891e-06,3.03720501193538e-07,1.1353983699891e-06,-0.00391910584788135,2.98715306534802e-06,4.084350075928e-07,0,-1.53685808168547e-06,-2.50764117382118e-06,7.70812197181669e-07,8.2981820526129e-08,-4.06158889099117e-06,8.2981820526129e-08,-2.44070925159434e-06,2.10994640070794e-06,1.60102745283552e-06,-3.87811787483372e-06,1.1353983699891e-06,-1.68433871294837e-07,-1.6848761470456e-06,3.56530902578811e-07,-0.00374271793622238,-1.55144853852818e-06,-0.00411091983772316,5.58912898185326e-07,-3.71623815720312e-06,-3.23315461692175e-06,-3.4571705587183e-07,2.68287951410429e-06,-3.39438350609456e-05,2.35086642330629e-06,-0.00216684300402559,0.0386853039796193
