"","3:190570073:C:T","3:190570074:G:A","3:190570693:A:C","3:190570813:C:A","3:190571681:C:T","3:190575590:A:G","3:190578566:A:G","3:190578712:G:C","3:190578743:T:C","3:190578934:G:C","3:190579158:T:C","3:190579558:T:C","3:190579863:A:G"
"3:190570073:C:T",0.0472621792420438,-0.00157080317836833,-8.63076140449337e-05,0.000157697576237403,-0.00416770750164108,-0.00159569545507665,-0.00692324065520067,-0.00370266038068756,-0.000895571939820261,-0.00562042345398472,-0.00380037725961913,-0.0132442758890323,-0.00581281349080554
"3:190570074:G:A",-0.00157080317836833,0.0171366617711062,-0.00335356730780134,-0.0006633537134344,-0.00097149881473424,-1.4305169465878e-05,-0.00057649153080952,-0.000382635226912953,-0.00197956796072418,-0.00084472065440977,-0.000372365256778195,-0.00600434332376931,-0.000403009633898055
"3:190570693:A:C",-8.63076140449337e-05,-0.00335356730780134,0.0335583618589217,-0.000195723881632581,-0.0025802823732537,-0.000631584724795964,-0.00692387511112047,-0.00351349605362206,-0.00410491004090119,-0.00189729747291567,-0.00251443955024921,-0.002011676635572,-0.00574520109301258
"3:190570813:C:A",0.000157697576237403,-0.0006633537134344,-0.000195723881632581,0.0485450012190207,-0.00698569287767281,-0.000894580995808525,-0.00900178907704197,-0.00709149350536098,-0.00870270083941138,-0.00718769543929021,-0.0013467761375523,-0.0023043010251067,-0.00432859130294627
"3:190571681:C:T",-0.00416770750164108,-0.00097149881473424,-0.0025802823732537,-0.00698569287767281,0.0489289635707477,-5.3706190938918e-05,-0.00827258567121092,-7.51536895595706e-05,-0.00911547328818685,-0.00674456241438648,-0.00618899330457712,-0.000722284819636876,-0.00305102262494916
"3:190575590:A:G",-0.00159569545507665,-1.4305169465878e-05,-0.000631584724795964,-0.000894580995808525,-5.3706190938918e-05,0.0115555445455184,-0.00267255142351353,-0.0011731352680604,-5.41109964444786e-05,-0.00107296836128334,-0.000864471441578196,-0.00114394812339658,-0.00138448639515598
"3:190578566:A:G",-0.00692324065520067,-0.00057649153080952,-0.00692387511112047,-0.00900178907704197,-0.00827258567121092,-0.00267255142351353,0.0730821191023137,0.000169650224002282,-0.0100851549499974,-0.00568398111160429,-0.0109717505827582,-0.00718347406360298,-0.00495687514945597
"3:190578712:G:C",-0.00370266038068756,-0.000382635226912953,-0.00351349605362206,-0.00709149350536098,-7.51536895595706e-05,-0.0011731352680604,0.000169650224002282,0.0300251721614346,-0.000317310588451747,7.37998761835001e-05,-0.00676137947082633,-0.00211036499394623,-0.00514099308419258
"3:190578743:T:C",-0.000895571939820261,-0.00197956796072418,-0.00410491004090119,-0.00870270083941138,-0.00911547328818685,-5.41109964444786e-05,-0.0100851549499974,-0.000317310588451747,0.0476018307111246,-0.000632090592771029,-0.00498419667988204,-0.00217785565411521,-0.0045528871804188
"3:190578934:G:C",-0.00562042345398472,-0.00084472065440977,-0.00189729747291567,-0.00718769543929021,-0.00674456241438648,-0.00107296836128334,-0.00568398111160429,7.37998761835001e-05,-0.000632090592771029,0.0387399018361583,-0.000850923749175614,-0.00142381547831416,-0.00685522298420649
"3:190579158:T:C",-0.00380037725961913,-0.000372365256778195,-0.00251443955024921,-0.0013467761375523,-0.00618899330457712,-0.000864471441578196,-0.0109717505827582,-0.00676137947082633,-0.00498419667988204,-0.000850923749175614,0.0432852065674676,-0.000193258820829545,-0.00443627431364169
"3:190579558:T:C",-0.0132442758890323,-0.00600434332376931,-0.002011676635572,-0.0023043010251067,-0.000722284819636876,-0.00114394812339658,-0.00718347406360298,-0.00211036499394623,-0.00217785565411521,-0.00142381547831416,-0.000193258820829545,0.0429073012639822,-0.00438770243666031
"3:190579863:A:G",-0.00581281349080554,-0.000403009633898055,-0.00574520109301258,-0.00432859130294627,-0.00305102262494916,-0.00138448639515598,-0.00495687514945597,-0.00514099308419258,-0.0045528871804188,-0.00685522298420649,-0.00443627431364169,-0.00438770243666031,0.0510550796893434
