"","6:32971150:T:C","6:32972162:C:T","6:32972404:T:C","6:32972690:T:C","6:32972887:G:A","6:32973513:C:G","6:32976185:G:A","6:32976540:A:C","6:32976572:C:A","6:32976909:C:A","6:32977315:A:G","6:32977535:G:A"
"6:32971150:T:C",0.0471810063178189,0.0002365021358397,-0.000517290923738756,-0.00396315328450481,-0.00597989601506121,-0.0061798455465194,-0.00115731701730493,-0.00185642732211111,-0.00799039104973343,-0.0142610284642211,9.86996157426034e-05,-0.00561085844620646
"6:32972162:C:T",0.0002365021358397,0.0184765306645431,-0.000101934374501234,0.00038383008942322,-0.00226674677010141,-0.00204557768118274,-0.00156467317123354,-4.23604434587332e-05,-0.00698274061561222,-0.00125637670009571,-0.00171670472991003,-0.00311974840371043
"6:32972404:T:C",-0.000517290923738756,-0.000101934374501234,0.0144650753101527,0.000184292394028063,-0.0011545033099134,-0.001538432028521,-0.00232406385544426,-2.84149186136062e-05,-0.000611392444947789,-0.00545114706033756,-0.000796103483535759,-0.00212608530462743
"6:32972690:T:C",-0.00396315328450481,0.00038383008942322,0.000184292394028063,0.0321349094433052,-0.0041032435912447,-0.00337849929308742,-0.00362523994114472,-0.0022120058742896,-0.00280742824513158,-0.00868310063251121,-0.0053950981534312,0.00146473708858874
"6:32972887:G:A",-0.00597989601506121,-0.00226674677010141,-0.0011545033099134,-0.0041032435912447,0.0537171937326124,-0.0103603784614021,-0.00104504024879049,-0.00106643036357124,-0.00277125806770684,-0.00507316128086188,-0.0123934049942158,-0.00750313062974328
"6:32973513:C:G",-0.0061798455465194,-0.00204557768118274,-0.001538432028521,-0.00337849929308742,-0.0103603784614021,0.0479513784876455,-0.00128889047655179,-0.00195118067703426,-0.00113179187410672,-0.0108215948682586,-0.00317699600093846,-0.00607819158004297
"6:32976185:G:A",-0.00115731701730493,-0.00156467317123354,-0.00232406385544426,-0.00362523994114472,-0.00104504024879049,-0.00128889047655179,0.0174470459837366,1.62683322511015e-05,-0.00133048337927733,-0.000176791697960255,6.36440377634884e-05,-0.00501445856604388
"6:32976540:A:C",-0.00185642732211111,-4.23604434587332e-05,-2.84149186136062e-05,-0.0022120058742896,-0.00106643036357124,-0.00195118067703426,1.62683322511015e-05,0.0115962246459365,-0.00266056471790943,-0.0016857291405481,-7.30497608882885e-05,-3.63297597631984e-05
"6:32976572:C:A",-0.00799039104973343,-0.00698274061561222,-0.000611392444947789,-0.00280742824513158,-0.00277125806770684,-0.00113179187410672,-0.00133048337927733,-0.00266056471790943,0.0293278164739084,-0.000451398348741527,-0.000131473027861873,-0.00245889470287963
"6:32976909:C:A",-0.0142610284642211,-0.00125637670009571,-0.00545114706033756,-0.00868310063251121,-0.00507316128086188,-0.0108215948682586,-0.000176791697960255,-0.0016857291405481,-0.000451398348741527,0.0542205492168932,-0.000985385436888642,-0.00537483558646867
"6:32977315:A:G",9.86996157426034e-05,-0.00171670472991003,-0.000796103483535759,-0.0053950981534312,-0.0123934049942158,-0.00317699600093846,6.36440377634884e-05,-7.30497608882885e-05,-0.000131473027861873,-0.000985385436888642,0.0355750667318455,-0.0110691947976815
"6:32977535:G:A",-0.00561085844620646,-0.00311974840371043,-0.00212608530462743,0.00146473708858874,-0.00750313062974328,-0.00607819158004297,-0.00501445856604388,-3.63297597631984e-05,-0.00245889470287963,-0.00537483558646867,-0.0110691947976815,0.0469269906885788
