"","13:53192565:A:G","13:53193214:G:C","13:53197591:T:G","13:53198746:A:G","13:53200363:A:C","13:53203055:G:A","13:53203210:C:T","13:53205221:G:C","13:53208237:A:G","13:53210646:A:G","13:53213028:T:C"
"13:53192565:A:G",0.010391273746917,-0.00168340571882419,-0.00171314850551685,1.12784118542208e-05,-0.0031998227412755,-2.96144320977021e-05,-0.00181603279729536,-0.000129244570615583,-0.00168340571882419,-0.000243808027823533,9.59303535017497e-05
"13:53193214:G:C",-0.00168340571882419,0.01055888737889,-0.00259416913982413,-0.000314941455384243,-0.0047963333855483,-0.000772191601208227,0.000350273276492619,-0.0021042846808168,0.00142799638261604,-0.000815091921585243,0.000743260865192497
"13:53197591:T:G",-0.00171314850551685,-0.00259416913982413,0.0105932709824255,-1.30130628201997e-05,0.000131683869337706,-0.000111104998292255,-6.67100713016566e-05,0.000110417047322287,-0.00259416913982458,-5.85275463995671e-05,-0.00368452943510622
"13:53198746:A:G",1.12784118542208e-05,-0.000314941455384243,-1.30130628201997e-05,0.00417842333032237,3.1401408882914e-05,-0.001809336286418,-1.75279577954157e-05,-0.00168696772487831,-0.000314941455384243,3.35462152536437e-05,-9.79214236327408e-05
"13:53200363:A:C",-0.0031998227412755,-0.0047963333855483,0.000131683869337706,3.1401408882914e-05,0.0199397922243207,-0.000115112710804333,8.37138976361729e-05,-0.00122725198535889,-0.00479633338554919,-0.000372981689715779,-0.00567875550192554
"13:53203055:G:A",-2.96144320977021e-05,-0.000772191601208227,-0.000111104998292255,-0.001809336286418,-0.000115112710804333,0.00543202300916068,-3.82806845768968e-05,-0.00137347035641522,-0.000772191601209116,-0.000195854338351786,-0.00021486599978715
"13:53203210:C:T",-0.00181603279729536,0.000350273276492619,-6.67100713016566e-05,-1.75279577954157e-05,8.37138976361729e-05,-3.82806845768968e-05,0.00133693361105713,0.000144804098269447,0.000350273276492619,0.00018622698173143,-0.000513673630710088
"13:53205221:G:C",-0.000129244570615583,-0.0021042846808168,0.000110417047322287,-0.00168696772487831,-0.00122725198535889,-0.00137347035641522,0.000144804098269447,0.00957050362895728,-0.0021042846808168,-0.00111596291423943,-8.4257861407977e-05
"13:53208237:A:G",-0.00168340571882419,0.00142799638261604,-0.00259416913982458,-0.000314941455384243,-0.00479633338554919,-0.000772191601209116,0.000350273276492619,-0.0021042846808168,0.0105588873788922,-0.000815091921585243,0.000743260865192497
"13:53210646:A:G",-0.000243808027823533,-0.000815091921585243,-5.85275463995671e-05,3.35462152536437e-05,-0.000372981689715779,-0.000195854338351786,0.00018622698173143,-0.00111596291423943,-0.000815091921585243,0.00479469464385662,-0.00139714948114111
"13:53213028:T:C",9.59303535017497e-05,0.000743260865192497,-0.00368452943510622,-9.79214236327408e-05,-0.00567875550192554,-0.00021486599978715,-0.000513673630710088,-8.4257861407977e-05,0.000743260865192497,-0.00139714948114111,0.0100887012498241
