"","6:150693306:T:C","6:150693312:C:A","6:150695828:T:C","6:150696267:C:T","6:150699587:T:C","6:150700504:T:C","6:150701409:A:T","6:150701822:C:T","6:150704620:G:A","6:150704770:A:G","6:150706180:T:C","6:150708851:G:C","6:150708928:A:C","6:150709152:T:G","6:150711902:G:C","6:150712287:C:T","6:150714962:C:T","6:150715047:G:A","6:150717697:T:A","6:150717867:A:G","6:150717976:C:T","6:150718738:A:T","6:150722241:T:A","6:150723177:C:T","6:150725901:G:A","6:150726153:T:G","6:150727459:G:A"
"6:150693306:T:C",0.00879203945565177,-0.000458711513903864,0.00019459584006043,7.98255362637335e-05,0.000121245348939425,-0.000818555659559905,-0.00105014724457408,0.000228554860635555,-8.47754605306505e-05,-0.000174372849507165,3.42088156992659e-05,-0.000534389296928062,-0.000417538862423683,0.000446928793301105,-7.27774424067462e-05,-0.000262139120947857,-0.000423068435914331,-0.00317290236008283,-0.000546503095238293,-5.69247581090337e-05,-0.000457500109982689,-0.000339115007592206,0.000189280840528383,-0.000238987247812794,-0.000260432747856143,2.89314396333396e-05,-0.000746769717342666
"6:150693312:C:A",-0.000458711513903864,0.0373445062906348,0.000233136114757393,9.5502096820077e-05,-0.00210666186535224,-0.00076869558492465,-0.00207798607638221,-0.00222713032461819,-0.001289100302583,-0.000216012286331946,4.06940413055779e-05,-0.000939936909486683,-0.00425709072765912,-0.00634055818272872,-0.00120339330029928,-0.000198539138372311,-0.000731535061990307,-0.00334013430016711,-0.000194571186547421,-7.26562986734791e-05,-0.00155865741798866,-0.00139249268767294,-0.00372220761676445,-0.00029765927287162,-0.00421893053700284,-9.31769088774459e-05,-8.00104231934995e-06
"6:150695828:T:C",0.00019459584006043,0.000233136114757393,0.00220340541868147,-5.0024668893478e-05,-7.62798598179515e-05,0.000295402065335182,-0.000396025639217257,-0.000139091328898999,4.27030249054994e-05,9.49678158743694e-05,-2.25407361229557e-05,0.000878447694079298,0.000201584738744209,-0.00191510928338712,-0.00136862592088693,-1.74566330386483e-05,0.000218553197940174,-0.000142011714872936,7.9681098484663e-05,2.28584299843959e-05,0.000225426295376252,0.000132743539615454,-0.000125072057578279,0.000128860189946955,0.000137717405198856,-2.04469865048296e-05,-0.000817398039765216
"6:150696267:C:T",7.98255362637335e-05,9.5502096820077e-05,-5.0024668893478e-05,0.0297176311324376,-3.24889382410376e-05,-0.00457462381337859,-0.000180595248339799,-0.00392157802948745,-0.00253101677408463,3.98659272269342e-05,-9.39372846175957e-06,-0.000239864885373642,-0.00180017856896875,-0.00299972696716377,1.62856359535724e-05,-0.0028749062753306,8.96104655208063e-05,-6.20356787965903e-05,-0.00237562315061002,1.05171214981326e-05,-0.00531723336401946,-0.00031287975374461,-0.00151705892753817,5.37095389434583e-05,5.7490916741898e-05,-8.41039028998125e-06,-0.00135279920868392
"6:150699587:T:C",0.000121245348939425,-0.00210666186535224,-7.62798598179515e-05,-3.24889382410376e-05,0.0230325708351611,0.000180770759743432,-0.00130170122269657,-0.00387515566866092,2.78847295387408e-05,6.05593763340906e-05,-0.00139689391639308,-0.00038043731547166,-0.000333655359507468,-0.00204780218467171,2.4625905441944e-05,-0.00854796900504962,0.000135873229016426,-9.47018782255782e-05,5.1440803569669e-05,1.55342718075602e-05,0.000140809041110579,-0.000187857252170076,-8.21822149017493e-05,8.15683564505676e-05,8.7201599251685e-05,-0.000186248775412068,-0.00331004879979346
"6:150700504:T:C",-0.000818555659559905,-0.00076869558492465,0.000295402065335182,-0.00457462381337859,0.000180770759743432,0.0247793172863306,0.000338582533678355,0.000342917487524907,-0.000138451324734667,0.0012925015801315,5.01840974145296e-05,0.000281710769002075,-0.00075522515361115,0.000346805199951117,-0.000117481356667781,-0.000125709235030413,-0.000115037974223853,-0.00315056755058674,-0.00134727282915748,-0.00571190991202553,-0.00292234096793997,-0.000797262006195787,-0.00193183338776048,0.00165151866361057,-0.000423597707391643,-0.00189202817300771,-0.00396911780652598
"6:150701409:A:T",-0.00105014724457408,-0.00207798607638221,-0.000396025639217257,-0.000180595248339799,-0.00130170122269657,0.000338582533678355,0.0403679677201887,-0.00113109161899505,-0.000506615784322761,0.000305930409563615,-8.40604157437141e-05,-0.00251124125716906,-0.00451105183450462,0.000459886821933875,0.000116712809961506,-0.00138090382232825,0.000676603725144886,-0.000496831584127833,0.00024299070246947,-0.00946897161475579,-0.00210409519397636,-0.00146015615305473,-0.00357912934800986,-0.0012977754122474,-0.000676450627167924,-0.00536620043043889,-0.00292764419488822
"6:150701822:C:T",0.000228554860635555,-0.00222713032461819,-0.000139091328898999,-0.00392157802948745,-0.00387515566866092,0.000342917487524907,-0.00113109161899505,0.0289015323977457,-0.00176760934440168,0.000112558359580461,-0.000385026297579749,-0.00148609492818697,0.000235337748173414,-0.0034916084758283,4.48806949124858e-05,-0.0022979017642486,0.000255776130194896,-0.000172516460766658,9.41555802338456e-05,2.65428439023552e-05,-0.00356099407199384,-1.85656382303279e-05,0.00010032287048034,0.000152236559797458,-0.00214558679700616,-2.48684045072167e-05,-0.00384999637977135
"6:150704620:G:A",-8.47754605306505e-05,-0.001289100302583,4.27030249054994e-05,-0.00253101677408463,2.78847295387408e-05,-0.000138451324734667,-0.000506615784322761,-0.00176760934440168,0.0159025386043226,-3.95541241795527e-05,8.21200237233199e-06,-0.000564230381361774,-0.000118659721191072,-0.000237299767301025,-1.58317910168293e-05,-4.8946662323246e-06,-0.00335962335376738,5.18799362376754e-05,-3.41270890977796e-05,-3.26827889605141e-05,0.000270184753735414,-5.33237262931863e-05,-0.00218271367753786,-5.45807320504466e-05,-0.0010546314323836,-0.00232692310441251,9.32422953310308e-05
"6:150704770:A:G",-0.000174372849507165,-0.000216012286331946,9.49678158743694e-05,3.98659272269342e-05,6.05593763340906e-05,0.0012925015801315,0.000305930409563615,0.000112558359580461,-3.95541241795527e-05,-0.000204537647463532,1.74152814880202e-05,0.000386896169283446,-0.000193170361959538,-0.000449603916798047,-3.428595459809e-05,-1.8861569194506e-05,-0.000227912509680905,0.00011600569059933,-7.31016902824067e-05,-2.48897350951793e-05,-0.000213212030760523,-0.000642908493541761,9.59588203786055e-05,-0.00011430296087056,-0.000123805616669692,1.51177623033405e-05,0.000212754554169692
"6:150706180:T:C",3.42088156992659e-05,4.06940413055779e-05,-2.25407361229557e-05,-9.39372846175957e-06,-0.00139689391639308,5.01840974145296e-05,-8.40604157437141e-05,-0.000385026297579749,8.21200237233199e-06,1.74152814880202e-05,0.0173567649569097,-0.00143146342689793,3.6267818157576e-05,-0.0068975719117832,7.22210661852074e-06,-0.00594065508603059,3.82736000439365e-05,-2.80316410155024e-05,1.49854661630755e-05,4.78923510449647e-06,3.98316309553337e-05,2.6422356929956e-05,-2.38355983439575e-05,2.33200585215698e-05,2.49506198777283e-05,-3.67455191074839e-06,-0.00150039477727848
"6:150708851:G:C",-0.000534389296928062,-0.000939936909486683,0.000878447694079298,-0.000239864885373642,-0.00038043731547166,0.000281710769002075,-0.00251124125716906,-0.00148609492818697,-0.000564230381361774,0.000386896169283446,-0.00143146342689793,0.0364672764155105,-0.00084905271036817,-0.000282493684044649,-0.00214042979394424,-0.000158470892746454,-0.00108303637295926,-0.000653639465582501,-0.00174095210772851,-0.0118157763463351,-0.000564877319740198,-0.00165942823517495,-0.000649021334055533,-0.000833159273771145,-0.00321177111890769,-0.00261519155866008,-0.00166937243298104
"6:150708928:A:C",-0.000417538862423683,-0.00425709072765912,0.000201584738744209,-0.00180017856896875,-0.000333655359507468,-0.00075522515361115,-0.00451105183450462,0.000235337748173414,-0.000118659721191072,-0.000193170361959538,3.6267818157576e-05,-0.00084905271036817,0.0402901075289366,-0.00170328333239844,-0.00148925055939397,-0.00136186507287572,-0.00156386331143388,-0.00102816071160472,-0.00307253826880594,-0.00272510588404895,-0.00512754844649344,-0.00421642623442509,-0.00031688090759463,-0.000781479600914459,-0.00235645162586717,-0.002146167750956,0.000361347172994186
"6:150709152:T:G",0.000446928793301105,-0.00634055818272872,-0.00191510928338712,-0.00299972696716377,-0.00204780218467171,0.000346805199951117,0.000459886821933875,-0.0034916084758283,-0.000237299767301025,-0.000449603916798047,-0.0068975719117832,-0.000282493684044649,-0.00170328333239844,0.0514892689860473,-0.000132329055266389,-0.000731844116360847,0.000222856832798879,-0.000614113498984104,-0.000227510436180633,-0.00190668417231477,-0.000777317439852876,-0.000687901905139121,-0.00673157548877512,-0.0016653792121053,-0.00225460793726473,-0.0055498633451263,-0.00532156232055714
"6:150711902:G:C",-7.27774424067462e-05,-0.00120339330029928,-0.00136862592088693,1.62856359535724e-05,2.4625905441944e-05,-0.000117481356667781,0.000116712809961506,4.48806949124858e-05,-1.58317910168293e-05,-3.428595459809e-05,7.22210661852074e-06,-0.00214042979394424,-0.00148925055939397,-0.000132329055266389,0.0104049365965375,-3.90168100850019e-06,-0.0011555828080736,-0.00173128676562317,-2.95775049687919e-05,-9.53982515916607e-06,-8.84617624903328e-05,-0.000128475779638926,3.90125024321009e-05,-4.71501843319899e-05,-0.000975690526473727,6.35576771124136e-06,8.40399926795854e-05
"6:150712287:C:T",-0.000262139120947857,-0.000198539138372311,-1.74566330386483e-05,-0.0028749062753306,-0.00854796900504962,-0.000125709235030413,-0.00138090382232825,-0.0022979017642486,-4.8946662323246e-06,-1.8861569194506e-05,-0.00594065508603059,-0.000158470892746454,-0.00136186507287572,-0.000731844116360847,-3.90168100850019e-06,0.0440920275905405,-0.000760252917061166,-0.000847889293541293,-0.000244054400031501,-2.08935914436381e-06,-0.00770487530243713,-0.000174075136845087,-0.00482602399079646,-0.000295751954722867,-3.86769963256484e-05,-0.00255141921492807,-0.00272090094591171
"6:150714962:C:T",-0.000423068435914331,-0.000731535061990307,0.000218553197940174,8.96104655208063e-05,0.000135873229016426,-0.000115037974223853,0.000676603725144886,0.000255776130194896,-0.00335962335376738,-0.000227912509680905,3.82736000439365e-05,-0.00108303637295926,-0.00156386331143388,0.000222856832798879,-0.0011555828080736,-0.000760252917061166,0.00859258747055991,0.000265066052405061,-0.000179729764679948,-6.65612705512686e-05,-0.00010209796370475,-0.00050813199874078,0.000210777627463798,-0.000453757636977414,-0.00030093548686505,3.21398085194602e-05,0.000293008727015653
"6:150715047:G:A",-0.00317290236008283,-0.00334013430016711,-0.000142011714872936,-6.20356787965903e-05,-9.47018782255782e-05,-0.00315056755058674,-0.000496831584127833,-0.000172516460766658,5.18799362376754e-05,0.00011600569059933,-2.80316410155024e-05,-0.000653639465582501,-0.00102816071160472,-0.000614113498984104,-0.00173128676562317,-0.000847889293541293,0.000265066052405061,0.0254782652101122,-0.001436399695665,2.71319102296275e-05,-0.00117323076466125,-0.000941561195777041,-0.000156127264100192,0.000157147270489766,-0.00202334604494503,-2.55490999716557e-05,-0.00480445910097593
"6:150717697:T:A",-0.000546503095238293,-0.000194571186547421,7.9681098484663e-05,-0.00237562315061002,5.1440803569669e-05,-0.00134727282915748,0.00024299070246947,9.41555802338456e-05,-3.41270890977796e-05,-7.31016902824067e-05,1.49854661630755e-05,-0.00174095210772851,-0.00307253826880594,-0.000227510436180633,-2.95775049687919e-05,-0.000244054400031501,-0.000179729764679948,-0.001436399695665,0.0171949505885798,-2.12108134665101e-05,-0.00149510784388163,-0.000144932075203386,-0.00439216611676851,-0.000100697890604629,-0.000109252605720478,1.30590542983811e-05,7.40652708399736e-05
"6:150717867:A:G",-5.69247581090337e-05,-7.26562986734791e-05,2.28584299843959e-05,1.05171214981326e-05,1.55342718075602e-05,-0.00571190991202553,-0.00946897161475579,2.65428439023552e-05,-3.26827889605141e-05,-2.48897350951793e-05,4.78923510449647e-06,-0.0118157763463351,-0.00272510588404895,-0.00190668417231477,-9.53982515916607e-06,-2.08935914436381e-06,-6.65612705512686e-05,2.71319102296275e-05,-2.12108134665101e-05,0.036116755991682,-0.00122322160973098,-1.46945714956104e-05,-0.00171333388116413,-3.51408712155887e-05,-3.82817529827051e-05,4.23658808923477e-06,-0.00128869092706907
"6:150717976:C:T",-0.000457500109982689,-0.00155865741798866,0.000225426295376252,-0.00531723336401946,0.000140809041110579,-0.00292234096793997,-0.00210409519397636,-0.00356099407199384,0.000270184753735414,-0.000213212030760523,3.98316309553337e-05,-0.000564877319740198,-0.00512754844649344,-0.000777317439852876,-8.84617624903328e-05,-0.00770487530243713,-0.00010209796370475,-0.00117323076466125,-0.00149510784388163,-0.00122322160973098,0.0446577879317549,-0.000261892041172551,-0.00646839179296865,-0.000668657710910736,-0.00111621833436004,-0.00228352262575005,-0.00014458553811636
"6:150718738:A:T",-0.000339115007592206,-0.00139249268767294,0.000132743539615454,-0.00031287975374461,-0.000187857252170076,-0.000797262006195787,-0.00146015615305473,-1.85656382303279e-05,-5.33237262931863e-05,-0.000642908493541761,2.6422356929956e-05,-0.00165942823517495,-0.00421642623442509,-0.000687901905139121,-0.000128475779638926,-0.000174075136845087,-0.00050813199874078,-0.000941561195777041,-0.000144932075203386,-1.46945714956104e-05,-0.000261892041172551,0.016027426135115,-0.000191874140059944,-0.00133351757832489,-6.13214448890176e-05,-1.40961808376971e-05,-0.000643702795440682
"6:150722241:T:A",0.000189280840528383,-0.00372220761676445,-0.000125072057578279,-0.00151705892753817,-8.21822149017493e-05,-0.00193183338776048,-0.00357912934800986,0.00010032287048034,-0.00218271367753786,9.59588203786055e-05,-2.38355983439575e-05,-0.000649021334055533,-0.00031688090759463,-0.00673157548877512,3.90125024321009e-05,-0.00482602399079646,0.000210777627463798,-0.000156127264100192,-0.00439216611676851,-0.00171333388116413,-0.00646839179296865,-0.000191874140059944,0.0457088488804391,0.000128571850876114,-0.00154657532979652,-2.1632672864591e-05,-0.00629513764521938
"6:150723177:C:T",-0.000238987247812794,-0.00029765927287162,0.000128860189946955,5.37095389434583e-05,8.15683564505676e-05,0.00165151866361057,-0.0012977754122474,0.000152236559797458,-5.45807320504466e-05,-0.00011430296087056,2.33200585215698e-05,-0.000833159273771145,-0.000781479600914459,-0.0016653792121053,-4.71501843319899e-05,-0.000295751954722867,-0.000453757636977414,0.000157147270489766,-0.000100697890604629,-3.51408712155887e-05,-0.000668657710910736,-0.00133351757832489,0.000128571850876114,0.00691765416320411,-0.000169885776571732,2.00732584065832e-05,-0.000926776593943579
"6:150725901:G:A",-0.000260432747856143,-0.00421893053700284,0.000137717405198856,5.7490916741898e-05,8.7201599251685e-05,-0.000423597707391643,-0.000676450627167924,-0.00214558679700616,-0.0010546314323836,-0.000123805616669692,2.49506198777283e-05,-0.00321177111890769,-0.00235645162586717,-0.00225460793726473,-0.000975690526473727,-3.86769963256484e-05,-0.00030093548686505,-0.00202334604494503,-0.000109252605720478,-3.82817529827051e-05,-0.00111621833436004,-6.13214448890176e-05,-0.00154657532979652,-0.000169885776571732,0.0257995677638023,-0.00166816834994155,-0.0013323095084834
"6:150726153:T:G",2.89314396333396e-05,-9.31769088774459e-05,-2.04469865048296e-05,-8.41039028998125e-06,-0.000186248775412068,-0.00189202817300771,-0.00536620043043889,-2.48684045072167e-05,-0.00232692310441251,1.51177623033405e-05,-3.67455191074839e-06,-0.00261519155866008,-0.002146167750956,-0.0055498633451263,6.35576771124136e-06,-0.00255141921492807,3.21398085194602e-05,-2.55490999716557e-05,1.30590542983811e-05,4.23658808923477e-06,-0.00228352262575005,-1.40961808376971e-05,-2.1632672864591e-05,2.00732584065832e-05,-0.00166816834994155,0.0267305579445143,-5.28830990784712e-05
"6:150727459:G:A",-0.000746769717342666,-8.00104231934995e-06,-0.000817398039765216,-0.00135279920868392,-0.00331004879979346,-0.00396911780652598,-0.00292764419488822,-0.00384999637977135,9.32422953310308e-05,0.000212754554169692,-0.00150039477727848,-0.00166937243298104,0.000361347172994186,-0.00532156232055714,8.40399926795854e-05,-0.00272090094591171,0.000293008727015653,-0.00480445910097593,7.40652708399736e-05,-0.00128869092706907,-0.00014458553811636,-0.000643702795440682,-0.00629513764521938,-0.000926776593943579,-0.0013323095084834,-5.28830990784712e-05,0.0425640928611153
