"","2:210886985:T:C","2:210929791:G:C","2:210938250:A:T","2:210941838:G:A","2:210951018:T:C","2:210952638:T:A","2:210967192:G:A","2:210975269:G:T","2:210975816:A:G","2:210978430:C:T","2:210979658:C:A","2:210980437:G:A","2:210982974:C:T","2:210985177:T:C","2:210992363:A:T","2:210992406:T:A","2:210997757:T:C","2:211010506:G:C","2:211011089:C:G","2:211014221:G:A","2:211015282:A:G","2:211017726:C:A","2:211023809:G:T","2:211024429:A:G","2:211028816:T:C","2:211031722:G:A","2:211032084:C:A","2:211034357:A:G","2:211034647:T:C","2:211034761:C:T"
"2:210886985:T:C",0.0209421971049268,-0.0010778610208062,-0.00111425921738384,0.00236212872642838,-0.00168093539515812,3.4817811265242e-06,-0.00248535283653073,-0.00291653225951372,-0.000192036079394775,-0.000668107313014588,-4.74073425635879e-05,-0.000174999718061564,-7.76042985233261e-05,-0.000322150770733387,-0.000217778649046707,6.94434188783788e-05,-0.000192036079393887,-0.00184468597448717,6.94434188783788e-05,-1.68323012035287e-05,-0.000798270185109473,-6.46128112702371e-06,-0.000602206244969317,-0.00414426569501103,-0.00232295071266186,-0.000181856767405897,0.000103676159227462,-0.000158468333688155,-0.00108026324148192,-0.00122704889219616
"2:210929791:G:C",-0.0010778610208062,0.0465115532035636,-0.00120573549683112,-0.0010778610208062,9.46088946918167e-06,-1.27875320528048e-05,-0.00202600593620605,-0.000102724741774196,-0.00423950092841885,-0.000286022313643386,0.000109325692090323,0.000330474242251633,-0.00403654069774628,-0.00141997491903645,-0.00360209500330111,-0.000646083729518132,0.000337612071840354,-0.00149127855937081,-0.000230804020482367,-2.23972892525737e-05,-0.0027341703971242,-0.00162487118084265,-0.00228673990345296,9.66792998369215e-05,-0.000316286514121522,-0.0089347660998742,-0.00118423357916697,-0.00377850826970771,-0.0051001697199986,4.23134744833575e-05
"2:210938250:A:T",-0.00111425921738384,-0.00120573549683112,0.0343297831491132,-0.00111425921738384,-5.44737546075424e-05,-0.00180784820938484,-0.00315889396356184,-0.00370746864720761,-0.000586007291813573,0.000226195249754646,0.00100390808088946,-0.00319617227698554,-0.000343679873374469,-0.0041582452077602,-0.00438436887580806,-0.00082539554174943,-0.000938843113745591,-0.00243724263085099,0.000262886141412899,2.26686857756064e-05,0.000197330111282312,-0.00159731223125803,-0.000476585110763317,0.00163943434086633,-0.0022848332065033,-0.00159093163166357,-0.000746663253215374,-0.000495150191267335,-0.00135620726360841,-0.000101629552366589
"2:210941838:G:A",0.00236212872642838,-0.0010778610208062,-0.00111425921738384,0.0209421971049268,-0.00168093539515812,3.4817811265242e-06,-0.00248535283653073,-0.00291653225951372,-0.000192036079394775,-0.000668107313014588,-4.74073425635879e-05,-0.000174999718061564,-7.76042985233261e-05,-0.000322150770733387,-0.000217778649046707,6.94434188783788e-05,-0.000192036079393887,-0.00184468597448717,6.94434188783788e-05,-1.68323012035287e-05,-0.000798270185109473,-6.46128112702371e-06,-0.000602206244969317,-0.00414426569501103,-0.00232295071266186,-0.000181856767405897,0.000103676159227462,-0.000158468333688155,-0.00108026324148192,-0.00122704889219616
"2:210951018:T:C",-0.00168093539515812,9.46088946918167e-06,-5.44737546075424e-05,-0.00168093539515812,0.0233568722146824,6.08901212117985e-07,-1.49763637669054e-06,-9.75683838255748e-06,-3.12885458013668e-05,1.03118373644406e-05,-7.64670092756603e-06,-0.00321780831572926,-0.00198935068975636,-0.00505743500511358,1.1278676173454e-05,1.09988435017527e-05,-3.12885458022549e-05,4.28758590853562e-06,1.09988435017527e-05,1.53309880968067e-06,-1.0071603925077e-05,-0.00247953554582381,-0.00153756266784022,-2.77115424571761e-05,8.83372192461707e-06,-0.00367657659077381,1.61193322991693e-05,-2.57302111057456e-05,-0.00191884464390935,-2.8543161985084e-06
"2:210952638:T:A",3.4817811265242e-06,-1.27875320528048e-05,-0.00180784820938484,3.4817811265242e-06,6.08901212117985e-07,0.0143787565387417,5.00475974440917e-07,2.89990732049716e-06,6.83025243564117e-06,-0.00209468254857992,2.36814160015086e-06,9.32572964185141e-06,-0.0022842320603349,-5.09617024686548e-05,-5.25424589614687e-06,-5.0809618699077e-06,6.83025243652935e-06,-0.0016404890173094,-5.0809618699077e-06,-5.76120485540343e-07,2.98094191641951e-06,-6.16767905814442e-06,-0.00209598530007771,-0.0019638169716325,-3.85814809433782e-06,3.12317247086469e-06,-8.8017817176933e-06,6.05149823673656e-06,-7.37762111757689e-06,-0.00243423851228997
"2:210967192:G:A",-0.00248535283653073,-0.00202600593620605,-0.00315889396356184,-0.00248535283653073,-1.49763637669054e-06,5.00475974440917e-07,0.0288916848548193,-8.30074343571852e-06,-2.79363677737621e-05,7.97345451797327e-06,-6.46746926857844e-06,-5.80321588525834e-05,1.07236616075923e-05,-0.0015762492230933,-0.00149394524753799,8.44982146830375e-06,-0.000762324316455398,3.45138469270978e-06,-0.0013722701825607,1.25468695788555e-06,-8.57760672268171e-06,9.58844480791754e-06,-0.00274406899538615,-0.00291828990357423,6.90818063997511e-06,-0.00592480913575777,1.16813509922764e-05,-2.2747596864825e-05,-0.00186873325612602,-2.36090386263044e-06
"2:210975269:G:T",-0.00291653225951372,-0.000102724741774196,-0.00370746864720761,-0.00291653225951372,-9.75683838255748e-06,2.89990732049716e-06,-8.30074343571852e-06,0.0246416779831939,-0.000134801600331969,5.67150248835802e-05,-3.68389953875337e-05,6.14064540824799e-05,-0.001619272899684,-0.000675761379222983,-0.00274023833845138,6.18858843868253e-05,-0.000134801600331969,2.23088689166318e-05,6.18858843868253e-05,7.35930696116327e-06,-0.00102566161336259,-0.00207620900339567,-0.00131658939394974,-0.00339500026791217,4.80411758969623e-05,5.67150570631725e-05,9.85772585604394e-05,-0.000113406283195339,-0.00217360772012398,-1.59682204756706e-05
"2:210975816:A:G",-0.000192036079394775,-0.00423950092841885,-0.000586007291813573,-0.000192036079394775,-3.12885458013668e-05,6.83025243564117e-06,-2.79363677737621e-05,-0.000134801600331969,0.0111344916625526,0.000153917010263349,-0.000101808203141651,-0.000844937297228121,-0.000746303806042015,-0.00157511554114453,0.000178628492643718,0.000174195969664837,-0.000362049132415443,6.1156220548142e-05,0.000174195969664837,-0.00104992963441752,-0.00013757358648725,0.000201558259166568,-0.000769910455233003,-0.000341465666344298,0.000132081123814132,-0.00120031112925112,0.000283452251922611,0.00382454178433189,-0.00373683331274322,-5.52043396311319e-05
"2:210978430:C:T",-0.000668107313014588,-0.000286022313643386,0.000226195249754646,-0.000668107313014588,1.03118373644406e-05,-0.00209468254857992,7.97345451797327e-06,5.67150248835802e-05,0.000153917010263349,0.01815677394052,4.69685936499431e-05,3.00224127647297e-05,-0.000146006151474865,-0.000367870246934743,-9.43861834814541e-05,-9.12369796051138e-05,-0.00409213878425962,-0.00135866725462197,-9.12369796051138e-05,-1.19849071227307e-05,5.86738495798045e-05,-0.00137156005414862,-0.00184781536506229,0.000136841898903839,-0.00137299839417526,-2.96663278458453e-05,-0.000151510492605311,0.000132178135729077,-0.00141720254816935,-0.00285537125056656
"2:210979658:C:A",-4.74073425635879e-05,0.000109325692090323,0.00100390808088946,-4.74073425635879e-05,-7.64670092756603e-06,2.36814160015086e-06,-6.46746926857844e-06,-3.68389953875337e-05,-0.000101808203141651,4.69685936499431e-05,-0.00160985937428659,0.000423408864477004,7.02197377950853e-05,3.38724259343337e-05,5.27470166131749e-05,5.12560000736073e-05,-0.000101808203140763,1.81278282100905e-05,5.12560000736073e-05,6.02044650488409e-06,-3.78539724756877e-05,-0.000595690966496143,-7.86526296181478e-05,0.000750370887575791,3.9561491255391e-05,-4.28750089280783e-05,8.32735938036677e-05,-8.63684702538947e-05,7.03291481354285e-05,-1.23292696301291e-05
"2:210980437:G:A",-0.000174999718061564,0.000330474242251633,-0.00319617227698554,-0.000174999718061564,-0.00321780831572926,9.32572964185141e-06,-5.80321588525834e-05,6.14064540824799e-05,-0.000844937297228121,3.00224127647297e-05,0.000423408864477004,0.0219979590994406,0.000229792716932131,0.000877589066945461,0.000298144751331719,0.000291817611170586,-0.00101265861356925,0.000102077642559095,-0.0017515249175295,-0.00291838303696945,-0.000726939072106525,-0.00156902158802996,-0.00144059452614975,-0.00326721831842303,0.000217598246289086,-0.000841698452518358,0.000473460376614554,-0.000849759031583019,-0.00318462540649556,-0.000113704766207867
"2:210982974:C:T",-7.76042985233261e-05,-0.00403654069774628,-0.000343679873374469,-7.76042985233261e-05,-0.00198935068975636,-0.0022842320603349,1.07236616075923e-05,-0.001619272899684,-0.000746303806042015,-0.000146006151474865,7.02197377950853e-05,0.000229792716932131,0.0457728130916673,-0.00157314680087772,-0.000147639373381914,-0.000560119357805533,-0.000668557793625624,-0.0015617111799866,-0.0037818726354848,-0.00439316084183705,8.65259604125868e-05,-0.000180770709582667,-0.00223479635291657,-0.00484577842899991,-0.00594941218895695,-0.0036040443005847,-0.00103664586540653,-0.00088066723459157,-0.00345481243942736,2.36551105103899e-05
"2:210985177:T:C",-0.000322150770733387,-0.00141997491903645,-0.0041582452077602,-0.000322150770733387,-0.00505743500511358,-5.09617024686548e-05,-0.0015762492230933,-0.000675761379222983,-0.00157511554114453,-0.000367870246934743,3.38724259343337e-05,0.000877589066945461,-0.00157314680087772,0.0386868799875426,-0.00226858724389967,-9.62882438875212e-05,0.000558528489742471,-0.000275184914191762,-0.000469850334029687,-0.00104690236138705,5.82152110655265e-05,-0.00127925883612923,0.00068832319027079,-0.00414977934451999,0.000241636520415867,-0.0104995666201675,0.000133238383074996,-0.00131366921441511,-0.00105987645834649,-0.00172025813689913
"2:210992363:A:T",-0.000217778649046707,-0.00360209500330111,-0.00438436887580806,-0.000217778649046707,1.1278676173454e-05,-5.25424589614687e-06,-0.00149394524753799,-0.00274023833845138,0.000178628492643718,-9.43861834814541e-05,5.27470166131749e-05,0.000298144751331719,-0.000147639373381914,-0.00226858724389967,0.0227054522002632,-9.89816368361929e-05,0.000178628492643718,-3.49305601137218e-05,-9.89816368361929e-05,-1.33831130524342e-05,6.58939707518513e-05,-0.000119766382162823,0.000134343389006197,-0.00407939109246414,-0.000955869054939384,-0.00291499942106199,-0.000162072879784425,0.000152255751314279,-0.000142258502652481,1.53333490136021e-05
"2:210992406:T:A",6.94434188783788e-05,-0.000646083729518132,-0.00082539554174943,6.94434188783788e-05,1.09988435017527e-05,-5.0809618699077e-06,8.44982146830375e-06,6.18858843868253e-05,0.000174195969664837,-9.12369796051138e-05,5.12560000736073e-05,0.000291817611170586,-0.000560119357805533,-9.62882438875212e-05,-9.89816368361929e-05,0.0126509466569873,0.000174195969664837,-3.38395262584612e-05,-9.57544379360797e-05,-1.2938289682296e-05,6.40982498536502e-05,-0.000115744258395445,-0.00153598527851706,-0.00168247658089449,-7.51536895595706e-05,-0.0032728494287273,-0.000160318940780613,0.000148370304101419,-0.000960087407042565,-0.00350676785956416
"2:210997757:T:C",-0.000192036079393887,0.000337612071840354,-0.000938843113745591,-0.000192036079393887,-3.12885458022549e-05,6.83025243652935e-06,-0.000762324316455398,-0.000134801600331969,-0.000362049132415443,-0.00409213878425962,-0.000101808203140763,-0.00101265861356925,-0.000668557793625624,0.000558528489742471,0.000178628492643718,0.000174195969664837,0.0199690014319813,6.11562205472538e-05,-0.00352298297518505,-0.000972183622002021,-0.000137573586488138,-0.00118295758491094,-0.000288213213007538,-0.00102116446248779,0.00013208112381502,-0.000180405998071009,0.000283452251922611,-0.000307042337382768,-0.000952292447482073,-0.0046481278154431
"2:211010506:G:C",-0.00184468597448717,-0.00149127855937081,-0.00243724263085099,-0.00184468597448717,4.28758590853562e-06,-0.0016404890173094,3.45138469270978e-06,2.23088689166318e-05,6.1156220548142e-05,-0.00135866725462197,1.81278282100905e-05,0.000102077642559095,-0.0015617111799866,-0.000275184914191762,-3.49305601137218e-05,-3.38395262584612e-05,6.11562205472538e-05,0.0207002616467271,-3.38395262584612e-05,-4.27576135386687e-06,2.3021008878743e-05,-4.06027049137947e-05,-0.00276718142371113,-0.0026279925379864,-2.62945915201485e-05,2.32812036706775e-05,-5.56727441489713e-05,5.22326731031697e-05,-0.00132701249733458,-0.00166577490485675
"2:211011089:C:G",6.94434188783788e-05,-0.000230804020482367,0.000262886141412899,6.94434188783788e-05,1.09988435017527e-05,-5.0809618699077e-06,-0.0013722701825607,6.18858843868253e-05,0.000174195969664837,-9.12369796051138e-05,5.12560000736073e-05,-0.0017515249175295,-0.0037818726354848,-0.000469850334029687,-9.89816368361929e-05,-9.57544379360797e-05,-0.00352298297518505,-3.38395262584612e-05,0.0106809970429724,-1.2938289682296e-05,6.40982498536502e-05,-0.000115744258395445,0.000130918296433968,0.000153302931737542,-7.51536895595706e-05,5.91324509091606e-05,-0.000156564267684622,0.000148370304101419,-0.000137348914555524,1.50190748504642e-05
"2:211014221:G:A",-1.68323012035287e-05,-2.23972892525737e-05,2.26686857756064e-05,-1.68323012035287e-05,1.53309880968067e-06,-5.76120485540343e-07,1.25468695788555e-06,7.35930696116327e-06,-0.00104992963441752,-1.19849071227307e-05,6.02044650488409e-06,-0.00291838303696945,-0.00439316084183705,-0.00104690236138705,-1.33831130524342e-05,-1.2938289682296e-05,-0.000972183622002021,-4.27576135386687e-06,-1.2938289682296e-05,0.016859820418337,-0.00153931121574669,-1.57290472380112e-05,1.41465230001359e-05,1.60454681532585e-05,-9.83619880923214e-06,-0.00195580389524874,-2.24098803576211e-05,-0.00115526975298419,-0.00174007937667309,2.30860220984397e-06
"2:211015282:A:G",-0.000798270185109473,-0.0027341703971242,0.000197330111282312,-0.000798270185109473,-1.0071603925077e-05,2.98094191641951e-06,-8.57760672268171e-06,-0.00102566161336259,-0.00013757358648725,5.86738495798045e-05,-3.78539724756877e-05,-0.000726939072106525,8.65259604125868e-05,5.82152110655265e-05,6.58939707518513e-05,6.40982498536502e-05,-0.000137573586488138,2.3021008878743e-05,6.40982498536502e-05,-0.00153931121574669,0.0111424619941682,7.51457093626229e-05,-0.000105693409023999,-0.000537233762839762,4.9678202120873e-05,-0.00334788633170113,0.000102478820655172,-0.000115902380220412,8.6884912296803e-05,-1.64982837551619e-05
"2:211017726:C:A",-6.46128112702371e-06,-0.00162487118084265,-0.00159731223125803,-6.46128112702371e-06,-0.00247953554582381,-6.16767905814442e-06,9.58844480791754e-06,-0.00207620900339567,0.000201558259166568,-0.00137156005414862,-0.000595690966496143,-0.00156902158802996,-0.000180770709582667,-0.00127925883612923,-0.000119766382162823,-0.000115744258395445,-0.00118295758491094,-4.06027049137947e-05,-0.000115744258395445,-1.57290472380112e-05,7.51457093626229e-05,0.023211294049148,-0.00422919302975355,-0.00187344451535409,-9.08392692364757e-05,6.75605096542853e-05,-0.000190674931556778,0.000172351019517514,-0.00137911741929564,-0.00159036423342496
"2:211023809:G:T",-0.000602206244969317,-0.00228673990345296,-0.000476585110763317,-0.000602206244969317,-0.00153756266784022,-0.00209598530007771,-0.00274406899538615,-0.00131658939394974,-0.000769910455233003,-0.00184781536506229,-7.86526296181478e-05,-0.00144059452614975,-0.00223479635291657,0.00068832319027079,0.000134343389006197,-0.00153598527851706,-0.000288213213007538,-0.00276718142371113,0.000130918296433968,1.41465230001359e-05,-0.000105693409023999,-0.00422919302975355,0.0338605522834565,-0.000268877286838887,0.000100520422742889,-0.000117433126515465,-0.00116186169614352,-0.000828657120619525,-0.00397995770986892,-0.00161203762052242
"2:211024429:A:G",-0.00414426569501103,9.66792998369215e-05,0.00163943434086633,-0.00414426569501103,-2.77115424571761e-05,-0.0019638169716325,-0.00291828990357423,-0.00339500026791217,-0.000341465666344298,0.000136841898903839,0.000750370887575791,-0.00326721831842303,-0.00484577842899991,-0.00414977934451999,-0.00407939109246414,-0.00168247658089449,-0.00102116446248779,-0.0026279925379864,0.000153302931737542,1.60454681532585e-05,-0.000537233762839762,-0.00187344451535409,-0.000268877286838887,0.0439436098407744,-0.00215012585557162,-1.99862318854827e-05,-0.00129467260472094,-0.000287512711907745,-0.00164713017107676,-4.86850199346023e-05
"2:211028816:T:C",-0.00232295071266186,-0.000316286514121522,-0.0022848332065033,-0.00232295071266186,8.83372192461707e-06,-3.85814809433782e-06,6.90818063997511e-06,4.80411758969623e-05,0.000132081123814132,-0.00137299839417526,3.9561491255391e-05,0.000217598246289086,-0.00594941218895695,0.000241636520415867,-0.000955869054939384,-7.51536895595706e-05,0.00013208112381502,-2.62945915201485e-05,-7.51536895595706e-05,-9.83619880923214e-06,4.9678202120873e-05,-9.08392692364757e-05,0.000100520422742889,-0.00215012585557162,0.0210769897839107,-0.00109016535008788,-0.000123949239448251,0.000112984878940736,-0.00136096518017226,-0.00163527287568677
"2:211031722:G:A",-0.000181856767405897,-0.0089347660998742,-0.00159093163166357,-0.000181856767405897,-0.00367657659077381,3.12317247086469e-06,-0.00592480913575777,5.67150570631725e-05,-0.00120031112925112,-2.96663278458453e-05,-4.28750089280783e-05,-0.000841698452518358,-0.0036040443005847,-0.0104995666201675,-0.00291499942106199,-0.0032728494287273,-0.000180405998071009,2.32812036706775e-05,5.91324509091606e-05,-0.00195580389524874,-0.00334788633170113,6.75605096542853e-05,-0.000117433126515465,-1.99862318854827e-05,-0.00109016535008788,0.054272891869338,-0.00385577842514895,-0.000983972889053497,3.44950612225503e-05,-6.89593946505695e-05
"2:211032084:C:A",0.000103676159227462,-0.00118423357916697,-0.000746663253215374,0.000103676159227462,1.61193322991693e-05,-8.8017817176933e-06,1.16813509922764e-05,9.85772585604394e-05,0.000283452251922611,-0.000151510492605311,8.32735938036677e-05,0.000473460376614554,-0.00103664586540653,0.000133238383074996,-0.000162072879784425,-0.000160318940780613,0.000283452251922611,-5.56727441489713e-05,-0.000156564267684622,-2.24098803576211e-05,0.000102478820655172,-0.000190674931556778,-0.00116186169614352,-0.00129467260472094,-0.000123949239448251,-0.00385577842514895,0.0132398834294003,0.000241070713728142,-0.000753521025308679,-0.00410868847423362
"2:211034357:A:G",-0.000158468333688155,-0.00377850826970771,-0.000495150191267335,-0.000158468333688155,-2.57302111057456e-05,6.05149823673656e-06,-2.2747596864825e-05,-0.000113406283195339,0.00382454178433189,0.000132178135729077,-8.63684702538947e-05,-0.000849759031583019,-0.00088066723459157,-0.00131366921441511,0.000152255751314279,0.000148370304101419,-0.000307042337382768,5.22326731031697e-05,0.000148370304101419,-0.00115526975298419,-0.000115902380220412,0.000172351019517514,-0.000828657120619525,-0.000287512711907745,0.000112984878940736,-0.000983972889053497,0.000241070713728142,0.0101228002656537,-0.00350722670635228,-4.46802598768059e-05
"2:211034647:T:C",-0.00108026324148192,-0.0051001697199986,-0.00135620726360841,-0.00108026324148192,-0.00191884464390935,-7.37762111757689e-06,-0.00186873325612602,-0.00217360772012398,-0.00373683331274322,-0.00141720254816935,7.03291481354285e-05,-0.00318462540649556,-0.00345481243942736,-0.00105987645834649,-0.000142258502652481,-0.000960087407042565,-0.000952292447482073,-0.00132701249733458,-0.000137348914555524,-0.00174007937667309,8.6884912296803e-05,-0.00137911741929564,-0.00397995770986892,-0.00164713017107676,-0.00136096518017226,3.44950612225503e-05,-0.000753521025308679,-0.00350722670635228,0.0459029757957792,-0.000768870686589374
"2:211034761:C:T",-0.00122704889219616,4.23134744833575e-05,-0.000101629552366589,-0.00122704889219616,-2.8543161985084e-06,-0.00243423851228997,-2.36090386263044e-06,-1.59682204756706e-05,-5.52043396311319e-05,-0.00285537125056656,-1.23292696301291e-05,-0.000113704766207867,2.36551105103899e-05,-0.00172025813689913,1.53333490136021e-05,-0.00350676785956416,-0.0046481278154431,-0.00166577490485675,1.50190748504642e-05,2.30860220984397e-06,-1.64982837551619e-05,-0.00159036423342496,-0.00161203762052242,-4.86850199346023e-05,-0.00163527287568677,-6.89593946505695e-05,-0.00410868847423362,-4.46802598768059e-05,-0.000768870686589374,0.0293841148699912
