"","18:59415457:G:A","18:59416322:C:A","18:59417654:G:A","18:59419756:C:T","18:59419789:G:A","18:59419870:T:C","18:59420254:T:G","18:59420821:C:T","18:59422188:A:T","18:59422272:C:T","18:59422612:T:C"
"18:59415457:G:A",0.0312994031331058,-0.00187222700814171,-0.00198678256986806,-0.000497204803809659,-0.00348444511554735,-0.000522100890286925,-0.00176965143399377,-0.00218909034809078,-0.00375357588877812,-0.0152199400760979,-4.3849984914246e-06
"18:59416322:C:A",-0.00187222700814171,0.0133048450930673,2.92938334567339e-06,-0.00341656075556696,1.78092567395538e-05,-0.00163715490797944,-0.00293568342391826,9.14563930365375e-07,1.17196056717006e-05,-0.00347741197119955,8.20164051340555e-07
"18:59417654:G:A",-0.00198678256986806,2.92938334567339e-06,0.00943881550760617,-0.00317866147145907,-2.09455335431485e-05,-0.000470368071894267,-0.00234937093069387,-0.00137969336909372,-1.28037555171545e-05,-4.22983700323343e-05,-8.20818850222338e-07
"18:59419756:C:T",-0.000497204803809659,-0.00341656075556696,-0.00317866147145907,0.0136534228484071,0.000318441756194332,-0.00402803884157255,-0.000228591972150749,3.47105479656662e-05,0.000206247282171113,-0.00287309692461157,9.33233443234371e-06
"18:59419789:G:A",-0.00348444511554735,1.78092567395538e-05,-2.09455335431485e-05,0.000318441756194332,0.00957805779239873,-0.000664172293432408,-0.00526157209510814,-0.00156257353981371,0.000228860171721301,0.000856332207179733,-5.79260678890137e-06
"18:59419870:T:C",-0.000522100890286925,-0.00163715490797944,-0.000470368071894267,-0.00402803884157255,-0.000664172293432408,0.038806198335215,-0.00978347097733678,-0.00790413685990909,-0.0010179607475207,-0.0051295863597387,-0.00764920838554417
"18:59420254:T:G",-0.00176965143399377,-0.00293568342391826,-0.00234937093069387,-0.000228591972150749,-0.00526157209510814,-0.00978347097733678,0.0322154434446356,-0.00248566219904811,-0.00134363624753231,-0.00141513805052762,-0.00464266611432596
"18:59420821:C:T",-0.00218909034809078,9.14563930365375e-07,-0.00137969336909372,3.47105479656662e-05,-0.00156257353981371,-0.00790413685990909,-0.00248566219904811,0.0340125910922549,-0.0033452825679543,-0.0151746329705205,-7.14434972071132e-06
"18:59422188:A:T",-0.00375357588877812,1.17196056717006e-05,-1.28037555171545e-05,0.000206247282171113,0.000228860171721301,-0.0010179607475207,-0.00134363624753231,-0.0033452825679543,0.0094308688173852,-0.00040089299245416,-3.54367719257453e-06
"18:59422272:C:T",-0.0152199400760979,-0.00347741197119955,-4.22983700323343e-05,-0.00287309692461157,0.000856332207179733,-0.0051295863597387,-0.00141513805052762,-0.0151746329705205,-0.00040089299245416,0.0429833364495207,-0.000106670941518061
"18:59422612:T:C",-4.3849984914246e-06,8.20164051340555e-07,-8.20818850222338e-07,9.33233443234371e-06,-5.79260678890137e-06,-0.00764920838554417,-0.00464266611432596,-7.14434972071132e-06,-3.54367719257453e-06,-0.000106670941518061,0.0124100793939483
