"","19:46238515:T:C","19:46239915:C:T","19:46241332:G:A","19:46241841:C:T","19:46242304:T:C","19:46248965:C:T","19:46252463:G:A","19:46255032:A:G","19:46255242:T:C","19:46256180:T:C","19:46257358:A:C","19:46257954:C:T","19:46259928:C:T","19:46263110:G:A","19:46264963:C:T","19:46266185:G:A","19:46266740:C:T","19:46266830:T:C"
"19:46238515:T:C",-0.000765926585894583,2.9770411638097e-06,2.10697272287064e-05,8.36296320194663e-06,-1.23904191751123e-05,-2.87469436344168e-06,1.37058518845379e-05,-3.01793220174318e-05,-3.3917476982559e-05,-4.21586585908074e-05,-0.000114278700109161,-4.0170672636286e-05,0.000995350919183124,6.18023085348085e-05,-2.64481353156043e-05,-8.50887695591496e-06,-1.31943672521118e-05,-1.32209019039209e-05
"19:46239915:C:T",2.9770411638097e-06,0.00902578493690065,-9.12664691909981e-06,-3.48165525476674e-06,4.16241504463954e-06,1.00286335324995e-06,-5.66792108003256e-06,8.83619548819325e-06,9.58844480880572e-06,-0.00296643422430343,1.28728463870686e-05,1.07481182620717e-05,1.02603355340847e-05,-3.35052822091342e-05,-0.00204457293782401,2.9770411638097e-06,-0.00403071394903964,4.29237852372921e-06
"19:46241332:G:A",2.10697272287064e-05,-9.12664691909981e-06,0.0067148460201043,-2.3864874930446e-05,2.95754322268138e-05,6.34432544455166e-06,-3.56779031864818e-05,7.23180239035059e-05,-0.000258244911043981,-0.00222837600150694,-2.57065108995036e-05,9.55232021375707e-05,8.9370006224776e-05,-0.000165619627977343,-0.00287273597697713,2.10697272287064e-05,3.13310873174544e-05,-0.00146209509837547
"19:46241841:C:T",8.36296320194663e-06,-3.48165525476674e-06,-2.3864874930446e-05,0.000574068918694159,1.17629355909088e-05,2.71026847187272e-06,-1.50806557135397e-05,2.66871293321813e-05,2.93517544980304e-05,3.51387909462986e-05,-0.000140698947150852,3.38614106061286e-05,3.1949405325804e-05,-8.10099836590084e-05,-0.000522548966994663,8.36296320194663e-06,1.24534946817079e-05,1.19750491522908e-05
"19:46242304:T:C",-1.23904191751123e-05,4.16241504463954e-06,2.95754322268138e-05,1.17629355909088e-05,0.0111844709969855,-4.22045053483089e-06,1.93957690086677e-05,-4.51020168306115e-05,-5.09692564172326e-05,-6.38522197125013e-05,-0.00788169761377855,-6.06739033663928e-05,-5.60722090066079e-05,-0.00282340897733224,-0.000199511061915736,-1.23904191751123e-05,-1.94160957667222e-05,-1.9662905844875e-05
"19:46248965:C:T",-2.87469436344168e-06,1.00286335324995e-06,6.34432544455166e-06,2.71026847187272e-06,-4.22045053483089e-06,0.0127859341835102,-0.00172936093688669,-1.0998602203216e-05,-1.24995246819637e-05,-1.59912535400153e-05,-0.00796070695044993,-1.5147512002045e-05,-1.39366219382708e-05,1.52160805289014e-05,-9.33291355753596e-06,-7.65298765843525e-05,-0.0029551611241212,-4.44726044523946e-06
"19:46252463:G:A",1.37058518845379e-05,-5.66792108003256e-06,-3.56779031864818e-05,-1.50806557135397e-05,1.93957690086677e-05,-0.00172936093688669,0.00543545473730944,4.71137141913047e-05,5.24232237992805e-05,6.4940291805371e-05,-0.000941730465500612,6.21560098528207e-05,5.80849096598612e-05,-0.000107910558420521,3.84315894734755e-05,1.37058518845379e-05,2.05695227446512e-05,-0.00299055303082607
"19:46255032:A:G",-3.01793220174318e-05,8.83619548819325e-06,7.23180239035059e-05,2.66871293321813e-05,-4.51020168306115e-05,-1.0998602203216e-05,4.71137141913047e-05,0.00967665684816765,-0.00101452112927003,-0.00417545616165516,-0.000124726967924538,-0.000816531004693033,-0.000134674227848741,0.000209894076485639,-0.001325737998636,-3.01793220174318e-05,-0.000973827274161287,-0.001359571960311
"19:46255242:T:C",-3.3917476982559e-05,9.58844480880572e-06,-0.000258244911043981,2.93517544980304e-05,-5.09692564172326e-05,-1.24995246819637e-05,5.24232237992805e-05,-0.00101452112927003,0.00891929782294376,-0.000175019473227955,-0.00314901059206285,-0.00344818864206431,-0.000670434648681884,0.000230442607354497,-0.000118020088121007,-3.3917476982559e-05,-0.000218213896827635,-5.81467370404098e-05
"19:46256180:T:C",-4.21586585908074e-05,-0.00296643422430343,-0.00222837600150694,3.51387909462986e-05,-6.38522197125013e-05,-1.59912535400153e-05,6.4940291805371e-05,-0.00417545616165516,-0.000175019473227955,0.0200766230046461,-0.000274660449542719,-0.000205583811384358,-0.000189119689254724,-0.00372841672186031,-0.00333040591867206,-4.21586585908074e-05,-6.83633102180892e-05,-0.00267070553533788
"19:46257358:A:C",-0.000114278700109161,1.28728463870686e-05,-2.57065108995036e-05,-0.000140698947150852,-0.00788169761377855,-0.00796070695044993,-0.000941730465500612,-0.000124726967924538,-0.00314901059206285,-0.000274660449542719,0.0265665333574456,-0.000136387343478095,-0.000879717611890207,-0.000693713742998092,-0.000432259747928487,0.000143303442413867,-0.00227910610405946,-0.00168830789847352
"19:46257954:C:T",-4.0170672636286e-05,1.07481182620717e-05,9.55232021375707e-05,3.38614106061286e-05,-6.06739033663928e-05,-1.5147512002045e-05,6.21560098528207e-05,-0.000816531004693033,-0.00344818864206431,-0.000205583811384358,-0.000136387343478095,0.0121439682914679,-0.000179477642258341,-0.00378016787407542,-0.00329266997301314,-4.0170672636286e-05,-6.49337380869142e-05,-0.000266154242631877
"19:46259928:C:T",0.000995350919183124,1.02603355340847e-05,8.9370006224776e-05,3.1949405325804e-05,-5.60722090066079e-05,-1.39366219382708e-05,5.80849096598612e-05,-0.000134674227848741,-0.000670434648681884,-0.000189119689254724,-0.000879717611890207,-0.000179477642258341,0.00157826909429915,0.000262885590813333,-0.000741140924080064,-3.72767989436085e-05,-5.99718420755124e-05,-6.43480450621681e-05
"19:46263110:G:A",6.18023085348085e-05,-3.35052822091342e-05,-0.000165619627977343,-8.10099836590084e-05,-0.00282340897733224,1.52160805289014e-05,-0.000107910558420521,0.000209894076485639,0.000230442607354497,-0.00372841672186031,-0.000693713742998092,-0.00378016787407542,0.000262885590813333,0.0102758543746155,0.000139068124434871,6.18023085348085e-05,8.70109562294274e-05,6.97763410002494e-05
"19:46264963:C:T",-2.64481353156043e-05,-0.00204457293782401,-0.00287273597697713,-0.000522548966994663,-0.000199511061915736,-9.33291355753596e-06,3.84315894734755e-05,-0.001325737998636,-0.000118020088121007,-0.00333040591867206,-0.000432259747928487,-0.00329266997301314,-0.000741140924080064,0.000139068124434871,0.015406149964186,-2.64481353156043e-05,-4.28452198368845e-05,-0.000598971679906413
"19:46266185:G:A",-8.50887695591496e-06,2.9770411638097e-06,2.10697272287064e-05,8.36296320194663e-06,-1.23904191751123e-05,-7.65298765843525e-05,1.37058518845379e-05,-3.01793220174318e-05,-3.3917476982559e-05,-4.21586585908074e-05,0.000143303442413867,-4.0170672636286e-05,-3.72767989436085e-05,6.18023085348085e-05,-2.64481353156043e-05,8.27741719300334e-05,-1.31943672521118e-05,-1.32209019039209e-05
"19:46266740:C:T",-1.31943672521118e-05,-0.00403071394903964,3.13310873174544e-05,1.24534946817079e-05,-1.94160957667222e-05,-0.0029551611241212,2.05695227446512e-05,-0.000973827274161287,-0.000218213896827635,-6.83633102180892e-05,-0.00227910610405946,-6.49337380869142e-05,-5.99718420755124e-05,8.70109562294274e-05,-4.28452198368845e-05,-1.31943672521118e-05,0.010608598883791,-2.10226560666271e-05
"19:46266830:T:C",-1.32209019039209e-05,4.29237852372921e-06,-0.00146209509837547,1.19750491522908e-05,-1.9662905844875e-05,-4.44726044523946e-06,-0.00299055303082607,-0.001359571960311,-5.81467370404098e-05,-0.00267070553533788,-0.00168830789847352,-0.000266154242631877,-6.43480450621681e-05,6.97763410002494e-05,-0.000598971679906413,-1.32209019039209e-05,-2.10226560666271e-05,0.0111443850854531
