"","22:27072729:A:G","22:27073550:T:C","22:27076068:G:T","22:27078817:G:A","22:27081868:G:A","22:27082543:G:A","22:27082705:G:A","22:27084689:C:T","22:27085310:A:G","22:27085711:T:A","22:27089655:G:T","22:27092913:C:T","22:27095757:A:T","22:27097825:C:T","22:27100562:A:G","22:27107115:T:C","22:27108047:C:T","22:27109887:C:T","22:27110827:C:T","22:27111779:C:T","22:27115043:G:C","22:27116037:G:A","22:27116267:A:G","22:27116420:C:G","22:27116568:A:G","22:27116602:C:T","22:27116603:G:A","22:27116607:G:A","22:27116682:C:T","22:27116689:G:A","22:27116708:C:T","22:27117003:C:T","22:27117240:G:A","22:27118181:T:G","22:27119970:G:C","22:27120203:T:C","22:27120433:A:T","22:27120699:A:G","22:27124742:A:G","22:27126023:C:T","22:27129836:A:G","22:27133734:A:G","22:27134717:C:T","22:27137338:C:T","22:27138317:A:G","22:27142366:C:T","22:27146534:C:T","22:27148121:T:C","22:27152008:C:A","22:27152793:G:A","22:27152950:C:G","22:27155123:C:T","22:27159903:T:C","22:27161035:A:G","22:27161318:G:A","22:27161876:A:T","22:27163741:C:A","22:27165838:A:T","22:27167003:G:A","22:27174941:A:G","22:27175038:C:T","22:27175775:A:G"
"22:27072729:A:G",0.0384408812180075,-0.00155921797363145,1.84103887521658e-05,9.99361693398981e-06,2.89050804953561e-05,-0.000168506267092638,3.36496724617774e-05,8.74030730084741e-05,-0.001253716002382,0.00084149699720637,0.000216605424523841,6.90801377034589e-05,-0.00120221908429485,-0.000144731901174922,-4.73967683420895e-05,8.61832604952539e-05,3.99919606719479e-05,0.00084149699720637,0.000270427801922324,1.67688787575671e-05,-0.000121389051489729,-0.00145662015870762,-0.00162703649161777,0.000177428348913544,-0.00069773289694286,-0.00150998084753429,-1.76080958969038e-06,4.7703035468416e-05,-0.000160095572764085,7.76939838385005e-05,-0.000108905139454052,-0.00108443208851128,-0.000749967230457393,-0.00383942338805987,-2.22995075365162e-05,2.39759069025069e-05,-0.00158083370987239,4.7703035468416e-05,0.000151601844154747,-2.61815351327854e-05,-2.03947845598407e-05,2.5640130648874e-05,5.58898265889951e-06,-4.52908495001125e-05,-4.11583411628058e-05,-0.00483652341381191,-0.00168085182296451,2.14867089427528e-05,-0.000160502189252121,-0.00166329557579648,-0.000785066193592421,-0.00194827943637232,-0.00343608586191024,-0.00595523458490721,-4.52908495001125e-05,-2.26820940660843e-05,3.51919562984193e-05,1.53203876251951e-05,-0.000913045449381755,-2.22995075365162e-05,-0.00261621179897542,-7.59696511885011e-05
"22:27073550:T:C",-0.00155921797363145,0.172681640310171,-2.61059428501298e-05,-0.000299406518906586,4.72498437709135e-06,-0.00324476462558465,-0.00385435687069524,-0.000149317482905253,-0.00383292861075724,-0.00155921797363145,-0.00352349500458837,-0.00400459116840679,-0.00429889308640163,-0.00285433265466573,-0.00236241180433439,-0.00386758848231317,-0.00108272674907983,-0.00155921797363145,-0.000932165049108313,-0.00141141314769655,-0.00483051028945969,-0.00547015994940647,-0.00198130570989807,-0.00367582119903709,-0.00240471663615116,-0.00844724617318704,-0.00397471890844603,-0.000267162805251075,-0.000683276544335865,-0.00165657199123181,-0.00312842152237547,-0.000703828288745711,5.28458158797207e-05,-0.00194298650845637,2.76401829948369e-05,-0.00107793326494576,-0.0080373515388259,-5.51585465515814e-05,-0.0077368676698959,-0.00180244076866654,2.57252084994164e-05,-0.00548983245848866,-0.00128482594826718,-0.00357621152145793,4.91078413018542e-05,-0.00373098520383941,-0.00463028247402875,-0.00620890016918318,-0.0090360625434216,-0.00628018765479021,-0.00211888273160454,-0.000119562250110228,-0.011529484220425,-0.00523483729667129,5.28458158797207e-05,-0.00281766318739063,-5.26424089128952e-05,-0.00215228735445194,-0.000713341506981102,-0.00153416646762139,-0.00397994835490545,-0.00410579697249691
"22:27076068:G:T",1.84103887521658e-05,-2.61059428501298e-05,0.00732805391302538,-4.28001780239384e-06,-1.17277497384549e-05,6.05966798543633e-05,-1.33790257148547e-05,-3.53168015703176e-05,4.87700451738959e-05,1.84103887521658e-05,0.000176632388292575,-2.77595479065695e-05,5.66069566803051e-05,5.24039759257633e-05,1.7691803494202e-05,-3.48877800577796e-05,0.000150614743031241,1.84103887521658e-05,-0.000207585045523651,-6.62502903825413e-06,4.42352975884575e-05,9.15836505921419e-06,-1.01856965466496e-05,4.24135537899772e-05,-0.000199664010472667,4.83352495717071e-06,6.07392329321499e-07,-1.92387352653256e-05,-8.9654379404891e-05,-3.32549275618987e-05,3.95023018464613e-05,7.83821414156449e-05,1.69811899768391e-05,0.000243382543412274,-0.0034987303905174,-1.00193110492697e-05,5.78121198211434e-05,-1.92387352653256e-05,4.37271591646748e-05,9.75585167406479e-06,7.78077916763209e-06,-1.05953242170997e-05,-4.79974578215803e-06,1.69811899768391e-05,1.5583353294879e-05,-0.000244550671686383,-3.27483205522228e-05,0.000346744270927957,-2.0327676281795e-05,1.24058887331913e-05,-0.00124170865667672,-1.11647665104186e-05,6.28298522658e-05,0.000138488272289017,1.69811899768391e-05,7.75810806885602e-06,-1.39172413762267e-05,3.70969187182268e-05,1.7691803494202e-05,-0.0034987303905174,8.04917232848368e-05,2.79694569185196e-05
"22:27078817:G:A",9.99361693398981e-06,-0.000299406518906586,-4.28001780239384e-06,0.0749005112092833,-7.06115959836495e-06,2.73456627315483e-05,-8.12016132645255e-06,-0.00440126547859343,-0.000652299618991492,9.99361693398981e-06,-0.00241403403908347,-1.76767266850675e-05,-0.000587039819910373,2.45911712788427e-05,9.62629451795038e-06,-2.27236364533923e-05,-0.00275607413961687,9.99361693398981e-06,-0.00675698629096111,-3.92797764359187e-06,2.15473627660501e-05,-1.77654280761885e-05,-4.76189273177496e-05,-0.0096153972695312,-0.000608946159371904,2.86281118633269e-06,3.56530902578811e-07,-1.18990821107445e-05,-0.00606993868157879,-2.14379906680051e-05,-0.00241077606354079,-0.000909957259810135,9.26087733343905e-06,-0.00269484344358961,4.75048086023833e-06,-5.97713976357994e-06,-0.00133722132488945,-1.18990821107445e-05,-0.00571544851506633,5.47820117802189e-06,4.38989509099486e-06,-6.34129976528897e-06,-2.65590181314224e-06,9.26087733343905e-06,8.53578565429558e-06,2.38631417213142e-05,-7.82909194718684e-05,-0.00618654755946046,-0.000126457144276948,-0.00863095483402887,2.79739630180131e-05,-0.00162082297495036,2.83546303876392e-05,-0.00733371721690101,9.26087733343905e-06,4.43832765473218e-06,-8.46771511575639e-06,-0.00253326206529536,9.62629451795038e-06,4.75048086023833e-06,-0.00124383961739394,1.46134750584892e-05
"22:27081868:G:A",2.89050804953561e-05,4.72498437709135e-06,-1.17277497384549e-05,-7.06115959836495e-06,0.0857630137501189,8.98017701373988e-05,-2.20281329088579e-05,-5.97159488080479e-05,7.33335967089133e-05,2.89050804953561e-05,-0.00359687690483224,-4.65182537663367e-05,8.42317466416276e-05,7.85806537324518e-05,2.78171636134417e-05,-5.89905894896603e-05,-0.000173249268295095,2.89050804953561e-05,-0.000175475942328251,-1.08127263516167e-05,6.7095876785217e-05,1.43260739591256e-05,-0.00235286426391657,-0.00287936404486722,-0.00610013779048657,7.33562629395834e-06,9.59432489011647e-07,-3.19710873952772e-05,-0.00088923582146716,-0.00396139664725226,-0.00189607270585324,-0.00123733987747787,2.67394089563666e-05,-0.00141607362418927,1.34273512015781e-05,-1.65823923419239e-05,-0.00300503452299683,-0.00394045615953065,-0.004790250962035,-0.00218510604639199,1.24173278726047e-05,-1.7513331596497e-05,-0.00298451506740705,2.67394089563666e-05,2.46138519583994e-05,-0.00422447556883299,-5.59908010666632e-05,-0.00621652654877636,-0.00421233627378204,-0.014675857875428,-0.00254701134110036,-1.84347582639077e-05,-0.000358916089041372,-0.00466525071542634,2.67394089563666e-05,-0.00149985467248204,-2.29040689552207e-05,-0.000184772992612103,-0.00258025339046686,1.34273512015781e-05,-0.00111117601675215,-0.00220190789113772
"22:27082543:G:A",-0.000168506267092638,-0.00324476462558465,6.05966798543633e-05,2.73456627315483e-05,8.98017701373988e-05,0.0948997231278872,0.000108831889327199,0.00028716728961875,-0.00366202659763903,-0.000168506267092638,-0.00475649738280248,0.000225707073925996,-0.00384211462644934,0.00267627382903779,-0.000160402445827046,0.000281988855158843,-0.00256473442585037,-0.000168506267092638,-0.000695856270323425,5.41103380040653e-05,0.000573056568186736,-0.00788476327715326,-6.88143518274842e-05,-0.000446215704516639,-0.0029898100939354,-0.00108526300182188,-6.86183767850679e-06,0.000152189250527179,-0.00794509951419986,-0.000758533619927171,-0.00444868707672086,0.000713022673830999,-0.000152400288984111,-0.00165514603845729,-0.000502224533096118,-0.00127974524232233,-0.000776127279277006,0.000152189250527179,-0.00620602027269612,-9.01527952219539e-05,-6.78946096357436e-05,-0.00133531603248471,-0.00221387695929298,-0.000152400288984111,0.000902060989868225,-0.00431046870986229,-0.00246948714725193,-0.00325447556335678,-0.00184545052603813,-0.00229902968076257,-0.000705489170707452,8.32971294757456e-05,-0.00217667966273716,-0.00689587880263165,-0.00780508519236545,-0.0036514846050304,0.000115018952233648,3.53420705003771e-05,-0.00488699939371084,-7.52220531134995e-05,-0.000204599424817875,-0.00136010547445942
"22:27082705:G:A",3.36496724617774e-05,-0.00385435687069524,-1.33790257148547e-05,-8.12016132645255e-06,-2.20281329088579e-05,0.000108831889327199,0.0743204694038742,-6.65979225180635e-05,-0.0032130734870508,3.36496724617774e-05,-0.00041085383198336,-5.21978110432642e-05,-0.00312545913901729,9.44593177090169e-05,3.23716817813846e-05,-0.000543556031739278,-0.00262634586974642,3.36496724617774e-05,-0.00270705398583804,-1.23496354875741e-05,8.00126738038642e-05,-0.00359481802835848,-0.00118977800422027,7.59209210947631e-05,-0.00248025032728005,8.25000532245213e-06,1.09253053892644e-06,-3.61465709701747e-05,-0.0107772176804719,-6.36406755187835e-05,7.14735928584176e-05,-0.00509151131346108,3.11071634646609e-05,-0.00210132326391221,1.5504685250356e-05,-1.89405143915522e-05,-0.00146838783539671,-3.61465709701747e-05,0.000131417845735449,-0.00334050509745332,1.43389289801732e-05,-1.99811247156845e-05,-0.00130138541466085,3.11071634646609e-05,2.86177059987125e-05,-0.00193719951637839,-6.27239571606708e-05,6.23933353569583e-05,-0.00055822614705292,-0.00547537169177392,-0.00268050860222058,-0.00417589063434765,-0.00140769604876745,-0.00545183471061073,3.11071634646609e-05,1.391813053786e-05,-2.59904198145477e-05,-0.00122742875199133,3.23716817813846e-05,1.5504685250356e-05,-0.00107770941282936,-0.00304523530318246
"22:27084689:C:T",8.74030730084741e-05,-0.000149317482905253,-3.53168015703176e-05,-0.00440126547859343,-5.97159488080479e-05,0.00028716728961875,-6.65979225180635e-05,0.0506360496998841,0.00022595429986616,8.74030730084741e-05,0.000490119322671845,-0.000138272598054989,0.000263424929763723,0.000248585617184105,8.43162792971697e-05,-0.000174233424593773,-0.00115094061438192,8.74030730084741e-05,4.73893847949824e-05,-3.29150468694195e-05,0.000209943563179493,3.887566586247e-05,-0.00164712455385985,-5.11392684083845e-05,-0.00594974851354024,-0.000971443382855597,2.58012551945797e-06,-0.000590155456991148,-0.000827798764681198,-0.000792252766097512,0.000185983577190463,-0.00817721642161295,8.12632523077284e-05,-0.00382989422794644,4.0434221880048e-05,-0.000833421634210296,-7.99112346197006e-05,-9.68501533629151e-05,-0.00253645585496098,4.60940729460901e-05,3.76502734749096e-05,-0.000807386591647585,-3.74986578774994e-05,8.12632523077284e-05,7.5256310442029e-05,3.47613473792308e-05,-0.00017487272215444,-0.00202580017886156,-0.000977210594435896,-0.00338050172578974,0.000295742257942599,-0.00458306127490005,-0.000232180466983145,-0.00716659556155896,8.12632523077284e-05,3.29357259332141e-05,-9.07344737974825e-05,-0.000903802108012997,8.43162792971697e-05,4.0434221880048e-05,-0.00107486995141848,0.000132488416923593
"22:27085310:A:G",-0.001253716002382,-0.00383292861075724,4.87700451738959e-05,-0.000652299618991492,7.33335967089133e-05,-0.00366202659763903,-0.0032130734870508,0.00022595429986616,0.110583014916204,-0.001253716002382,-0.0017380277954091,0.00017905842517596,-0.000532603972230206,-0.00332505873485545,-0.00370068328528017,-0.00298975108809252,-0.000814536509050612,-0.001253716002382,0.000170215991145639,-0.00187830918305032,-0.00298007197137817,-0.00365837568098115,-0.00279995210156958,-0.00031067047447042,-0.00784472527706415,-0.000618410470468511,-5.32323991642158e-06,-0.00175403702532595,-0.00427849905187916,-0.000417284541025964,0.000342311630757486,-0.00129102031306072,-0.000124606198244948,-0.00155224550173561,-6.0979247868076e-05,-0.00451044100448428,-0.00156988264631108,-0.00236634845897399,-0.00289532638846479,-0.00140665087587344,-5.51835888193963e-05,-0.00446431293483762,-0.00091687754004699,-0.000124606198244948,-0.000111936447752647,-0.00549723863231222,-0.00047527485797616,-0.0057477186962589,-0.0045177435555761,-0.00112106547928192,8.91676455667678e-05,-1.4084129770886e-05,-0.00734789697947047,-0.000454336352590623,-0.000124606198244948,-0.000214574405189794,9.22608092412958e-05,-0.00850212903550407,-0.000131081002090028,-6.0979247868076e-05,-0.000830477746109448,-0.000546666973245458
"22:27085711:T:A",0.00084149699720637,-0.00155921797363145,1.84103887521658e-05,9.99361693398981e-06,2.89050804953561e-05,-0.000168506267092638,3.36496724617774e-05,8.74030730084741e-05,-0.001253716002382,0.0384408812180075,0.000216605424523841,6.90801377034589e-05,-0.00120221908429485,-0.000144731901174922,-4.73967683420895e-05,8.61832604952539e-05,3.99919606719479e-05,0.00084149699720637,0.000270427801922324,1.67688787575671e-05,-0.000121389051489729,-0.00145662015870762,-0.00162703649161777,0.000177428348913544,-0.00069773289694286,-0.00150998084753429,-1.76080958969038e-06,4.7703035468416e-05,-0.000160095572764085,7.76939838385005e-05,-0.000108905139454052,-0.00108443208851128,-0.000749967230457393,-0.00383942338805987,-2.22995075365162e-05,2.39759069025069e-05,-0.00158083370987239,4.7703035468416e-05,0.000151601844154747,-2.61815351327854e-05,-2.03947845598407e-05,2.5640130648874e-05,5.58898265889951e-06,-4.52908495001125e-05,-4.11583411628058e-05,-0.00483652341381191,-0.00168085182296451,2.14867089427528e-05,-0.000160502189252121,-0.00166329557579648,-0.000785066193592421,-0.00194827943637232,-0.00343608586191024,-0.00595523458490721,-4.52908495001125e-05,-2.26820940660843e-05,3.51919562984193e-05,1.53203876251951e-05,-0.000913045449381755,-2.22995075365162e-05,-0.00261621179897542,-7.59696511885011e-05
"22:27089655:G:T",0.000216605424523841,-0.00352349500458837,0.000176632388292575,-0.00241403403908347,-0.00359687690483224,-0.00475649738280248,-0.00041085383198336,0.000490119322671845,-0.0017380277954091,0.000216605424523841,0.191177366923406,-0.000222420298735315,-0.00167511953260124,-0.00413868697548025,0.000173433188778382,-0.00212315225131743,-0.00179804157222563,0.000216605424523841,-0.00501004873291055,0.000150240406096458,-0.00350700629095568,-0.00301981734059442,-0.00908374328619921,-0.00342870941855722,-0.00774604677326929,-0.00506980775941424,-0.00349051196551375,-0.0016495883113965,-0.00260085108379204,-0.00410628509735878,-0.0115156027077905,-0.00421504366184466,-0.00379197128091846,-0.013659477178301,-0.00454400864220972,-0.00450857696749418,-0.00467461208119602,-0.00196709443044707,-0.00178539282178525,2.16030901443176e-05,-7.79575853480097e-05,-0.00205066770590312,-0.00521788640044463,-0.00312160260792282,0.000614002224978094,-0.009174541673167,-0.000585032560109333,-0.00729908235290999,-0.00119753442767534,-0.00361179986661897,-0.00441163388548027,-0.00473728455139799,-0.00729720593053074,-0.00541650281101314,-0.00103520465336171,-0.00151079878536242,0.00011329398791915,-0.00111130775795765,0.00017539065115546,-0.00491117042122102,-0.00439624577610109,-0.000807037283481193
"22:27092913:C:T",6.90801377034589e-05,-0.00400459116840679,-2.77595479065695e-05,-1.76767266850675e-05,-4.65182537663367e-05,0.000225707073925996,-5.21978110432642e-05,-0.000138272598054989,0.00017905842517596,6.90801377034589e-05,-0.000222420298735315,0.0766552197716361,0.000208252324455316,0.000195566369926681,6.65760424416462e-05,-0.000136841362081697,-0.00447901298824949,6.90801377034589e-05,-7.74085984627249e-05,-2.57868147164331e-05,0.000165339782864038,3.1767656809123e-05,-0.00214347888677935,0.000152308902777065,-0.000587395432945392,-0.000787490306078276,2.10994640070794e-06,-7.57477469761625e-05,-0.000787138792348152,-0.00431193152315146,0.000146901937963406,-0.00425630817172795,6.40990286200349e-05,0.000220495205909721,3.19134092405804e-05,-4.06448440610774e-05,-0.00944180600555899,-0.0016497432044229,-0.00518013694216712,3.65225144252079e-05,2.9645908089293e-05,-4.26247946583302e-05,-0.00237465177727092,6.40990286200349e-05,5.92245122739143e-05,-0.00853213517676554,-0.000135004060450861,-0.00372833491565938,-0.00395862908183719,-0.00091179881161807,0.00023255631375374,-4.45824735271216e-05,-0.00803250092816654,-0.00645408751211018,6.40990286200349e-05,2.69170683102615e-05,-5.40495657368467e-05,-0.0039580114149631,6.65760424416462e-05,3.19134092405804e-05,-0.00255203125906789,0.000104639679125995
"22:27095757:A:T",-0.00120221908429485,-0.00429889308640163,5.66069566803051e-05,-0.000587039819910373,8.42317466416276e-05,-0.00384211462644934,-0.00312545913901729,0.000263424929763723,-0.000532603972230206,-0.00120221908429485,-0.00167511953260124,0.000208252324455316,0.108441715270402,-0.00349586169540217,-0.00381160991345819,-0.00287913900782755,-0.00101037188365183,-0.00120221908429485,0.000499302840752502,-0.001961231917746,-0.00314162071117874,-0.00449564754105136,-0.00257614186014354,-0.000246279799023696,-0.00721034764825701,-0.000497534022684043,-6.35741130494694e-06,-0.0018250274386995,-0.00390687249004884,-0.000340223762769654,0.000511583619589473,-0.00109199786343606,-0.000144629634692528,-0.000663928139660541,-7.09128443663332e-05,-0.00468948032977057,-0.00137736270601252,-0.00227325545848345,-0.00186707264282049,-0.00134500703147999,-6.40265094515868e-05,-0.00464222255521207,-0.0010354200059437,-0.000144629634692528,-0.000129650451278884,-0.00474601613965708,-0.000667278528836412,-0.00493563889210957,-0.00432145098963499,-0.00135617016946865,0.000157098200848971,-0.00197992298270933,-0.00691108823149644,-0.000630131016119417,-0.000144629634692528,-0.000164841093065249,0.000107061592387048,-0.00819247648435173,-0.000152280949376582,-7.09128443663332e-05,-0.000833698221260448,-0.000610990964332814
"22:27097825:C:T",-0.000144731901174922,-0.00285433265466573,5.24039759257633e-05,2.45911712788427e-05,7.85806537324518e-05,0.00267627382903779,9.44593177090169e-05,0.000248585617184105,-0.00332505873485545,-0.000144731901174922,-0.00413868697548025,0.000195566369926681,-0.00349586169540217,0.0956445170675808,-0.000137910382830064,0.000244304109586757,-0.00248026510585309,-0.000144731901174922,0.000710558743453937,4.6978660971142e-05,0.00166549977845865,-0.00753134064888794,-6.88340318975023e-05,-0.000378597005172843,-0.00180080026152396,-0.00115889860002838,-5.75233310406986e-06,0.000132475696209333,-0.00697070810104705,-0.000892887840628909,-0.00423276793018257,-0.000380557014748817,-0.000131174615109586,-0.000730598998989418,-0.000578680165048695,-0.00137496099284906,-0.00208612264591501,0.000132475696209333,-0.0076206575158877,-7.72670000328546e-05,-5.85682337899129e-05,-0.00143156978207237,-0.00239450075297132,-0.000131174615109586,0.000833822229185266,-0.00513093244838325,-0.00268294738049857,-0.00393726700042452,-0.00135471017380251,-0.00113157080654736,-0.000713206218038387,7.31530553403914e-05,-0.00188980450395437,-0.0111651219965987,-0.00751625309263648,-0.00393902375179511,9.96216389745896e-05,3.31361474890102e-05,-0.00470131185335365,-6.47237686433044e-05,-0.000346680106342756,-0.00151072031962585
"22:27100562:A:G",-4.73967683420895e-05,-0.00236241180433439,1.7691803494202e-05,9.62629451795038e-06,2.78171636134417e-05,-0.000160402445827046,3.23716817813846e-05,8.43162792971697e-05,-0.00370068328528017,-4.73967683420895e-05,0.000173433188778382,6.65760424416462e-05,-0.00381160991345819,-0.000137910382830064,0.0741880212950985,8.31380713437468e-05,-0.0035733648138514,-4.73967683420895e-05,-0.0142028818799638,1.61181202766869e-05,-0.000115783681881254,-0.00330090022661,-0.00344552161019163,-0.000116913294377241,-0.000407225288138413,-1.59006973872167e-05,-1.6848761470456e-06,4.59351775035088e-05,-0.00276204646277023,-0.0027429064194715,-0.00105747113425458,-0.00281605519068062,-4.33595575852763e-05,-0.00361551441860364,-2.13733578782183e-05,2.30884760519245e-05,-0.00359406152703112,4.59351775035088e-05,-0.00395088489526696,-2.50790646072474e-05,-1.95545265011532e-05,2.46846678084722e-05,-0.00694162064069381,-4.33595575852763e-05,-3.94218642831845e-05,-0.00285756192755748,-0.000196246898263475,-0.000533534715669859,-0.000208311633700831,-0.000201095238555382,-0.000166295451541565,2.62607718592989e-05,-0.00292088092784581,-0.000932821547161566,-4.33595575852763e-05,-0.00136484812583948,3.38527972099101e-05,1.47923761728563e-05,-4.53654902701217e-05,-2.13733578782183e-05,-0.00218126852756928,-7.26028627973108e-05
"22:27107115:T:C",8.61832604952539e-05,-0.00386758848231317,-3.48877800577796e-05,-2.27236364533923e-05,-5.89905894896603e-05,0.000281988855158843,-0.000543556031739278,-0.000174233424593773,-0.00298975108809252,8.61832604952539e-05,-0.00212315225131743,-0.000136841362081697,-0.00287913900782755,0.000244304109586757,8.31380713437468e-05,0.0718605026741828,-0.00192563782406197,8.61832604952539e-05,-9.72817091420275e-05,-3.25080193235294e-05,0.000206496717961357,-0.00348344696831582,-0.0010187663468475,0.000187455660345393,-0.00807790270892816,-0.00110892037479626,2.55320306230544e-06,-9.57595880279882e-05,-0.000532006817318909,-0.00417805648998293,0.00018305989309475,0.000248626281990738,-0.00283338564616109,-0.00294979544495799,3.98988757011054e-05,-0.00097005237723824,-0.000110287992559854,-9.57595880279882e-05,-0.00742141124836326,4.54912445579936e-05,3.71477935336983e-05,-5.43103607748563e-05,-0.00365129263863295,-0.00283338564616109,7.41986006405071e-05,-0.000989002215772139,-0.000173092038490807,-0.00156193849922737,-0.00428530826447915,-0.000733051587423539,-0.00206276976266295,-5.6663687237446e-05,-0.00107252059597762,-0.00319847641424875,8.0125918404228e-05,3.25788444346387e-05,-6.80426496666442e-05,-3.96094413090964e-05,-0.00287106289351247,3.98988757011054e-05,-0.00262417449917951,0.000130528591590462
"22:27108047:C:T",3.99919606719479e-05,-0.00108272674907983,0.000150614743031241,-0.00275607413961687,-0.000173249268295095,-0.00256473442585037,-0.00262634586974642,-0.00115094061438192,-0.000814536509050612,3.99919606719479e-05,-0.00179804157222563,-0.00447901298824949,-0.00101037188365183,-0.00248026510585309,-0.0035733648138514,-0.00192563782406197,0.167786478696207,3.99919606719479e-05,-0.00100603519500053,0.000130113972469204,-0.00238978202065088,-0.00182758458214405,-0.000217984596622589,-0.0029264839421117,-0.00203558138558746,-0.00355575049760315,4.72837788390024e-06,-0.00279769401609631,-0.00450887450607595,-0.00142518629027677,-0.00177980046447779,-0.00899085064244831,-0.00413041413220938,-0.00787442461186671,-0.00499423272764066,-0.00127199592257732,-0.00176400629841167,-0.00387943549664005,-0.00400236241444096,-0.00234277759610002,9.61470277722754e-05,-0.000473718689987024,-0.00391853928017571,-0.00194043163375657,0.000189795784810265,-0.00378575595677422,-0.00832066697490053,-0.00119578154207067,-0.00154966339809182,-0.0050299176182147,-0.01253571131741,-0.00315879270628372,-0.0035319187897338,-0.00662913378429453,-0.00325526066103166,-0.00938443126961985,-0.000879420507106765,-7.7923988498263e-05,-0.00150480503013295,-0.00499423272764066,-0.00610038072620167,-5.48087793674767e-05
"22:27109887:C:T",0.00084149699720637,-0.00155921797363145,1.84103887521658e-05,9.99361693398981e-06,2.89050804953561e-05,-0.000168506267092638,3.36496724617774e-05,8.74030730084741e-05,-0.001253716002382,0.00084149699720637,0.000216605424523841,6.90801377034589e-05,-0.00120221908429485,-0.000144731901174922,-4.73967683420895e-05,8.61832604952539e-05,3.99919606719479e-05,0.0384408812180075,0.000270427801922324,1.67688787575671e-05,-0.000121389051489729,-0.00145662015870762,-0.00162703649161777,0.000177428348913544,-0.00069773289694286,-0.00150998084753429,-1.76080958969038e-06,4.7703035468416e-05,-0.000160095572764085,7.76939838385005e-05,-0.000108905139454052,-0.00108443208851128,-0.000749967230457393,-0.00383942338805987,-2.22995075365162e-05,2.39759069025069e-05,-0.00158083370987239,4.7703035468416e-05,0.000151601844154747,-2.61815351327854e-05,-2.03947845598407e-05,2.5640130648874e-05,5.58898265889951e-06,-4.52908495001125e-05,-4.11583411628058e-05,-0.00483652341381191,-0.00168085182296451,2.14867089427528e-05,-0.000160502189252121,-0.00166329557579648,-0.000785066193592421,-0.00194827943637232,-0.00343608586191024,-0.00595523458490721,-4.52908495001125e-05,-2.26820940660843e-05,3.51919562984193e-05,1.53203876251951e-05,-0.000913045449381755,-2.22995075365162e-05,-0.00261621179897542,-7.59696511885011e-05
"22:27110827:C:T",0.000270427801922324,-0.000932165049108313,-0.000207585045523651,-0.00675698629096111,-0.000175475942328251,-0.000695856270323425,-0.00270705398583804,4.73893847949824e-05,0.000170215991145639,0.000270427801922324,-0.00501004873291055,-7.74085984627249e-05,0.000499302840752502,0.000710558743453937,-0.0142028818799638,-9.72817091420275e-05,-0.00100603519500053,0.000270427801922324,0.161968341101867,-0.000207267496015184,0.000664547893075351,-1.58875116293977e-05,-0.00379282086937138,-0.000427647335872638,-0.00252265381939454,-0.00829715863115021,-0.00403851891839313,-0.00529187773063278,-0.00455386247020328,-0.000730220122196812,-0.000906937939628261,-0.00317896433937204,-0.00127105718254494,-0.00738525618328012,-0.00141624551169084,-0.00125898760485255,-0.00705019990215217,-0.00124293695766609,-0.000646699237353054,-0.00352471995596382,3.83910876893268e-05,-0.000135660679178251,-0.00773613286652308,-0.00169159169268074,0.000247029023824119,-0.00495266986977239,-0.00154177321426552,-0.010437087198607,-0.011140223161644,-0.00376678658794249,-0.00446866873388485,-0.00602719165333321,-0.000681626462663676,-0.00455423050175296,-0.000458529193678281,-0.00365731154267923,-0.00231335254445852,-0.00203889229094312,-0.00327468366642947,-0.00141624551169084,-0.00209780155175565,-0.00313790212956055
"22:27111779:C:T",1.67688787575671e-05,-0.00141141314769655,-6.62502903825413e-06,-3.92797764359187e-06,-1.08127263516167e-05,5.41103380040653e-05,-1.23496354875741e-05,-3.29150468694195e-05,-0.00187830918305032,1.67688787575671e-05,0.000150240406096458,-2.57868147164331e-05,-0.001961231917746,4.6978660971142e-05,1.61181202766869e-05,-3.25080193235294e-05,0.000130113972469204,1.67688787575671e-05,-0.000207267496015184,0.0321845106739405,3.98099915317474e-05,-0.00162102782860529,-9.33014177117997e-06,3.82668710976475e-05,-0.00135355950150196,4.46147964971999e-06,5.58912898185326e-07,-1.78013482550199e-05,-6.86069478161855e-05,-3.09362242347788e-05,3.5638574090946e-05,6.95493644204959e-05,1.54741757896204e-05,-0.00121011385942627,7.71315590775146e-06,0.000111066804032056,-5.78854159769548e-05,-1.78013482550199e-05,-0.00168609324987123,8.92194438861793e-06,7.11818869802983e-06,0.000135705274412423,-0.00534657820271356,1.54741757896204e-05,1.42063080241783e-05,-0.00474643077389825,-0.00131180499448824,0.000263549469229574,-1.87410360306117e-05,-0.00531072620817774,5.58273711073198e-05,-1.0289206679559e-05,-0.00139239818992909,-0.00232092505223314,1.54741757896204e-05,7.11730769875629e-06,-1.28510196741871e-05,-6.45774370600094e-06,1.61181202766869e-05,7.71315590775146e-06,-0.00139400373545584,2.5365393867105e-05
"22:27115043:G:C",-0.000121389051489729,-0.00483051028945969,4.42352975884575e-05,2.15473627660501e-05,6.7095876785217e-05,0.000573056568186736,8.00126738038642e-05,0.000209943563179493,-0.00298007197137817,-0.000121389051489729,-0.00350700629095568,0.000165339782864038,-0.00314162071117874,0.00166549977845865,-0.000115783681881254,0.000206496717961357,-0.00238978202065088,-0.000121389051489729,0.000664547893075351,3.98099915317474e-05,0.0923413489618268,-0.0071595355414793,-8.67476700907588e-05,-0.000313715727664921,-0.000550309201072352,-0.00124578164196887,-4.70413127295899e-06,0.000112524294310745,-0.00744316518927768,-0.00026110176072347,-0.0040088094883366,-0.000672152139088666,-0.000110249041744837,0.000253442046189267,-0.0006672621185837,-0.00148260968540637,-0.00182400773309066,0.000112524294310745,-0.00636412946786313,-6.46564101245417e-05,-4.93273280293138e-05,-0.00154019099474745,-0.00121867849197344,-0.000110249041744837,0.000753432979579749,-0.00422525142187302,-0.002925119152005,-0.00479855119626205,-0.000932160833751361,-0.00139459994238944,-0.000734094362432103,6.26804067831443e-05,-0.00169164456486204,-0.0116377955601807,-0.0072178558254663,-0.00259609604251221,8.42117879251703e-05,3.01213253806054e-05,-0.00450689680559524,-5.43733583073802e-05,-0.000578055392202792,-0.00168905222041005
"22:27116037:G:A",-0.00145662015870762,-0.00547015994940647,9.15836505921419e-06,-1.77654280761885e-05,1.43260739591256e-05,-0.00788476327715326,-0.00359481802835848,3.887566586247e-05,-0.00365837568098115,-0.00145662015870762,-0.00301981734059442,3.1767656809123e-05,-0.00449564754105136,-0.00753134064888794,-0.00330090022661,-0.00348344696831582,-0.00182758458214405,-0.00145662015870762,-1.58875116293977e-05,-0.00162102782860529,-0.0071595355414793,0.142581713370119,-0.00210530310963541,-0.00487789991154308,-0.00541575558774321,-0.000334763793925497,-8.66719699565976e-07,-0.00156021971384757,-0.00390437360476792,-2.52761422503411e-05,-6.32164863691997e-05,-0.000463376152476158,-2.44503469826185e-05,-0.00157494662277102,-1.16803532757004e-05,-0.00185952284583735,-0.00714695534312959,-0.00277715090444985,-0.0030348956031192,-0.00166010501162273,-1.06852740273666e-05,-0.00183002780854302,-0.00423690058743009,-2.44503469826185e-05,-2.21629584293837e-05,-0.00390796505604518,-0.00209656118318335,-0.00410712644161437,-0.00723033577508847,-0.000892795196033802,-0.00118345526238972,1.3601988493761e-05,-0.00696863215531351,-0.000470617594354295,-2.44503469826185e-05,-0.00191988950090316,1.709572018882e-05,-0.00212314460541663,-2.56248284049576e-05,-1.16803532757004e-05,-0.00955688374585328,-0.00177146053735822
"22:27116267:A:G",-0.00162703649161777,-0.00198130570989807,-1.01856965466496e-05,-4.76189273177496e-05,-0.00235286426391657,-6.88143518274842e-05,-0.00118977800422027,-0.00164712455385985,-0.00279995210156958,-0.00162703649161777,-0.00908374328619921,-0.00214347888677935,-0.00257614186014354,-6.88340318975023e-05,-0.00344552161019163,-0.0010187663468475,-0.000217984596622589,-0.00162703649161777,-0.00379282086937138,-9.33014177117997e-06,-8.67476700907588e-05,-0.00210530310963541,0.181383176818084,-0.00399688771800566,-0.00721031029263219,-0.0104107017550312,7.7079785398837e-07,-0.000516147154625557,-0.00321022614698352,-0.0101561312203842,-0.00207672911191992,-0.0038098849383128,1.69332389869936e-05,-0.00184460054716196,9.65572310374085e-06,-0.00789842191072232,-0.0094790206274773,-0.000606446210594136,-0.00417536283016728,1.09508967911509e-05,8.99768966533543e-06,-0.00795175440478335,-0.00340570174074895,1.69332389869936e-05,1.59114310216424e-05,-0.00259384031047816,-0.00277518748372252,-0.00815036499860788,-0.00437979064993543,-0.0062660844010054,-0.0043204072756442,-0.00268158059568702,-0.00684861414000482,-0.00656872080251913,1.69332389869936e-05,-0.00483613401086913,-0.000871871329778173,-0.00160581788393444,-0.00023631206502106,9.65572310374085e-06,-0.0129605885087041,-0.000118852237563694
"22:27116420:C:G",0.000177428348913544,-0.00367582119903709,4.24135537899772e-05,-0.0096153972695312,-0.00287936404486722,-0.000446215704516639,7.59209210947631e-05,-5.11392684083845e-05,-0.00031067047447042,0.000177428348913544,-0.00342870941855722,0.000152308902777065,-0.000246279799023696,-0.000378597005172843,-0.000116913294377241,0.000187455660345393,-0.0029264839421117,0.000177428348913544,-0.000427647335872638,3.82668710976475e-05,-0.000313715727664921,-0.00487789991154308,-0.00399688771800566,0.0755987573053054,-0.000314270599410804,-0.00157712942553712,-4.5630925367135e-06,-0.00156601488718255,-0.00673375215346406,-0.00944459188606661,-0.0029212985990954,-0.00281088146017172,6.21705289987062e-05,-0.00160051381601622,-5.3812829601263e-05,2.09678373277455e-05,7.14703391451188e-05,-6.84202216438834e-05,-0.00157733693602502,-0.000134038205898079,0.000101009649252859,1.38282537225365e-05,-0.00154298839468137,-0.000345793167265462,-9.97547212060468e-05,-0.000808489882410335,2.77220944564505e-05,-0.000628417278508486,-0.0008290621043896,-0.000452568760197281,-4.25170128961483e-05,-0.00103552705161292,0.000146305954578096,-0.00135497936980267,-0.00511267419209549,-4.91308454835249e-05,7.97283882700839e-05,-0.000471214476025494,-0.000347284585147989,-5.3812829601263e-05,-0.001379939268777,-9.80911409920182e-05
"22:27116568:A:G",-0.00069773289694286,-0.00240471663615116,-0.000199664010472667,-0.000608946159371904,-0.00610013779048657,-0.0029898100939354,-0.00248025032728005,-0.00594974851354024,-0.00784472527706415,-0.00069773289694286,-0.00774604677326929,-0.000587395432945392,-0.00721034764825701,-0.00180080026152396,-0.000407225288138413,-0.00807790270892816,-0.00203558138558746,-0.00069773289694286,-0.00252265381939454,-0.00135355950150196,-0.000550309201072352,-0.00541575558774321,-0.00721031029263219,-0.000314270599410804,0.21690386427395,-0.00340010746687769,2.59335585628406e-06,6.05693235220528e-05,-0.00645794686299528,-0.000771225686005295,-0.00218068719038689,-0.00340408346330134,-0.00318333302685936,-0.00632970723394921,-0.00158402610379049,-0.000640654119882456,-0.00489324037685313,-0.00497702910653608,-0.000189272264010221,-0.00442941033828603,-0.000129810041682887,-0.000603253145301963,-0.00461471821008974,6.05555549366699e-05,7.27281839045801e-05,-0.0118687978156906,-0.0040349620143858,-0.00442388248361514,-0.0119543734972107,-0.0209285026850679,-0.0004618470094786,-0.00289317069373585,-0.0067233115360823,-0.00171748950105233,-0.00515384489847648,-0.000541370931287144,-0.00103664705078987,-0.00406476164044456,-0.00294020127418815,-0.00158402610379049,0.000311919571118757,-0.0133931804916489
"22:27116602:C:T",-0.00150998084753429,-0.00844724617318704,4.83352495717071e-06,2.86281118633269e-06,7.33562629395834e-06,-0.00108526300182188,8.25000532245213e-06,-0.000971443382855597,-0.000618410470468511,-0.00150998084753429,-0.00506980775941424,-0.000787490306078276,-0.000497534022684043,-0.00115889860002838,-1.59006973872167e-05,-0.00110892037479626,-0.00355575049760315,-0.00150998084753429,-0.00829715863115021,4.46147964971999e-06,-0.00124578164196887,-0.000334763793925497,-0.0104107017550312,-0.00157712942553712,-0.00340010746687769,0.152338880276788,-4.7587253515502e-07,-0.00147989909566526,-0.00540526197640823,-0.0108100010876875,-8.76797164020005e-05,-0.0139468325490615,-1.51170648736709e-05,-0.00540329779347104,-6.8645823416702e-06,6.33238942615577e-06,-0.00401417553571282,-0.00321931644367002,-0.000497560690262411,-8.1194554297781e-06,-6.26065557174371e-06,6.6771690470091e-06,-0.00622971443659814,-0.00296174051459541,-1.36062878262067e-05,-0.0110582268414001,-0.000734660689190925,-0.000773555179734764,-0.00295843636761717,-0.00053811371328738,-8.19065363835136e-05,-0.00250185712982809,-0.000439622967244091,-0.006959150002809,-0.00124998813959998,-0.00197913816533291,8.53636797160107e-06,-0.00460868541853987,-1.59006973872167e-05,-0.00144512562905064,-0.00816300118472801,-0.00166262668697836
"22:27116603:G:A",-1.76080958969038e-06,-0.00397471890844603,6.07392329321499e-07,3.56530902578811e-07,9.59432489011647e-07,-6.86183767850679e-06,1.09253053892644e-06,2.58012551945797e-06,-5.32323991642158e-06,-1.76080958969038e-06,-0.00349051196551375,2.10994640070794e-06,-6.35741130494694e-06,-5.75233310406986e-06,-1.6848761470456e-06,2.55320306230544e-06,4.72837788390024e-06,-1.76080958969038e-06,-0.00403851891839313,5.58912898185326e-07,-4.70413127295899e-06,-8.66719699565976e-07,7.7079785398837e-07,-4.5630925367135e-06,2.59335585628406e-06,-4.7587253515502e-07,0.0490775580699525,1.5224157179361e-06,-0.00365331607070019,-0.00426159832221273,-4.13426080658752e-06,-0.00400284463626477,-1.61023537437188e-06,4.6267102842279e-06,-7.69652941379206e-07,-0.00418730253690569,-0.00375260614529527,1.5224157179361e-06,-5.07896552992548e-06,-8.99621857897159e-07,-7.06302828668015e-07,8.66778448127548e-07,3.43400371249913e-07,-1.61023537437188e-06,-1.46471590767305e-06,-0.00430675520557422,2.38636343308229e-06,2.08571797877255e-06,1.50274772625636e-06,-1.49675889282719e-06,-0.00297704669518861,9.13509867750406e-07,-0.00414185227193542,-0.00317850765461625,-1.61023537437188e-06,-7.294133057556e-07,1.1353983699891e-06,5.6829405181702e-07,-1.6848761470456e-06,-7.69652941379206e-07,-0.00308113887968897,-2.78734667258362e-06
"22:27116607:G:A",4.7703035468416e-05,-0.000267162805251075,-1.92387352653256e-05,-1.18990821107445e-05,-3.19710873952772e-05,0.000152189250527179,-3.61465709701747e-05,-0.000590155456991148,-0.00175403702532595,4.7703035468416e-05,-0.0016495883113965,-7.57477469761625e-05,-0.0018250274386995,0.000132475696209333,4.59351775035088e-05,-9.57595880279882e-05,-0.00279769401609631,4.7703035468416e-05,-0.00529187773063278,-1.78013482550199e-05,0.000112524294310745,-0.00156021971384757,-0.000516147154625557,-0.00156601488718255,6.05693235220528e-05,-0.00147989909566526,1.5224157179361e-06,0.0666739270932757,-0.00435815469473955,-0.000960736653063066,0.000100524917493239,-0.000645499834030616,4.41853060593189e-05,0.000124888166186388,2.20877740915171e-05,-2.76587667658035e-05,-0.00528167471341057,-0.00375142925106697,-0.00152101862395693,2.53775089626984e-05,2.0467961396875e-05,-2.91118206749985e-05,-0.00290667999336858,4.41853060593189e-05,4.07384542366884e-05,-0.000952573242949839,-0.00322415383371144,-0.00143601507699387,-6.07963273617784e-05,-0.00158935825933337,-0.0043571678020955,-3.05491772314426e-05,-0.00339474327915035,-0.00304016239454175,4.41853060593189e-05,1.93633274090388e-05,-3.75091018467444e-05,-0.00302522638447211,4.59351775035088e-05,2.20877740915171e-05,-0.00773160069674983,7.19283852088637e-05
"22:27116682:C:T",-0.000160095572764085,-0.000683276544335865,-8.9654379404891e-05,-0.00606993868157879,-0.00088923582146716,-0.00794509951419986,-0.0107772176804719,-0.000827798764681198,-0.00427849905187916,-0.000160095572764085,-0.00260085108379204,-0.000787138792348152,-0.00390687249004884,-0.00697070810104705,-0.00276204646277023,-0.000532006817318909,-0.00450887450607595,-0.000160095572764085,-0.00455386247020328,-6.86069478161855e-05,-0.00744316518927768,-0.00390437360476792,-0.00321022614698352,-0.00673375215346406,-0.00645794686299528,-0.00540526197640823,-0.00365331607070019,-0.00435815469473955,0.249475219472845,-0.00685857423970004,-0.00251567918936013,-0.00318048628076406,-0.00155805820643184,-0.00943859544163894,-0.00553563019635295,-0.00622462256600054,-0.00925702639513659,-0.000897854028475642,-0.00499462994947342,-0.0026449815862355,6.91670959414026e-05,-0.00658857264722101,-0.00490699775543968,-0.00549822632822483,-0.000111332561466781,-0.00374795442742215,-0.00399992881767375,-0.0113796191993858,-0.00646502611287314,-0.00228930156695295,-0.00673494072838032,-0.00028904008800712,-0.00136710038544186,-0.00358118694842036,-0.00502878301983145,-0.00191608684635458,-0.00671917270919398,-0.00361786081296334,-0.00138273772941222,-0.00553563019635295,-0.0134059483298543,-0.00197462975127571
"22:27116689:G:A",7.76939838385005e-05,-0.00165657199123181,-3.32549275618987e-05,-2.14379906680051e-05,-0.00396139664725226,-0.000758533619927171,-6.36406755187835e-05,-0.000792252766097512,-0.000417284541025964,7.76939838385005e-05,-0.00410628509735878,-0.00431193152315146,-0.000340223762769654,-0.000892887840628909,-0.0027429064194715,-0.00417805648998293,-0.00142518629027677,7.76939838385005e-05,-0.000730220122196812,-3.09362242347788e-05,-0.00026110176072347,-2.52761422503411e-05,-0.0101561312203842,-0.00944459188606661,-0.000771225686005295,-0.0108100010876875,-0.00426159832221273,-0.000960736653063066,-0.00685857423970004,0.127827844845223,-8.07243060663154e-05,-0.0011228480888068,0.000838528960060536,-0.00168776285034999,-0.00615152413141651,-0.000269323368763175,-0.00169604748457797,-0.00255128653949122,-0.00113137308576272,-0.00208067434525194,3.42316178576496e-05,-3.87918731092896e-05,-0.00022826851111013,-0.00333665422488494,-0.000783625948374223,-0.00790405154220508,-0.000190737316504652,-0.00283993900663448,-0.00284674827357012,-0.000192016967135,-0.00489814273124534,-0.00297784733080331,-0.000435976726107512,-0.000864403749085696,7.23616405373662e-05,-0.000335823676229197,-0.000764903813591289,-0.00131346905037333,-0.00163226012046636,-0.00181340836340738,-0.000208824689885478,-0.00861634697253599
"22:27116708:C:T",-0.000108905139454052,-0.00312842152237547,3.95023018464613e-05,-0.00241077606354079,-0.00189607270585324,-0.00444868707672086,7.14735928584176e-05,0.000185983577190463,0.000342311630757486,-0.000108905139454052,-0.0115156027077905,0.000146901937963406,0.000511583619589473,-0.00423276793018257,-0.00105747113425458,0.00018305989309475,-0.00177980046447779,-0.000108905139454052,-0.000906937939628261,3.5638574090946e-05,-0.0040088094883366,-6.32164863691997e-05,-0.00207672911191992,-0.0029212985990954,-0.00218068719038689,-8.76797164020005e-05,-4.13426080658752e-06,0.000100524917493239,-0.00251567918936013,-8.07243060663154e-05,0.0863360410583098,-0.00539660185516144,-9.89646203946037e-05,0.000738247414821203,-4.86610737864268e-05,-0.00227549678792371,-0.00359771103872131,-0.00193471897942032,-0.00489211208360318,-5.7769720767098e-05,-4.41956621735073e-05,-0.0022426263751063,-4.66873836968418e-05,-9.89646203946037e-05,-8.9284824469793e-05,-0.000118612725187095,-1.49340756507854e-05,-0.00351283758936738,9.11633790323663e-06,-0.00597035422890446,-0.00196183194109434,-0.00200829505358691,-0.00173078370155899,-0.00187404541219482,-9.89646203946037e-05,-0.00268592736850248,7.51166324031161e-05,2.80258823535107e-05,-0.000387547265924937,-4.86610737864268e-05,-0.000755050896850573,-0.00116967508012333
"22:27117003:C:T",-0.00108443208851128,-0.000703828288745711,7.83821414156449e-05,-0.000909957259810135,-0.00123733987747787,0.000713022673830999,-0.00509151131346108,-0.00817721642161295,-0.00129102031306072,-0.00108443208851128,-0.00421504366184466,-0.00425630817172795,-0.00109199786343606,-0.000380557014748817,-0.00281605519068062,0.000248626281990738,-0.00899085064244831,-0.00108443208851128,-0.00317896433937204,6.95493644204959e-05,-0.000672152139088666,-0.000463376152476158,-0.0038098849383128,-0.00281088146017172,-0.00340408346330134,-0.0139468325490615,-0.00400284463626477,-0.000645499834030616,-0.00318048628076406,-0.0011228480888068,-0.00539660185516144,0.162475616414226,-0.00526363994909396,-0.00491886129472485,-0.00144216713867795,-0.00076651512290038,-0.00198214310920308,-0.00141573182587251,-0.00151094262713247,-0.00026625153944515,2.43425280403997e-05,-0.000901626445085846,-0.00263367826353544,-0.00134360953738977,-5.86370445931905e-05,-0.00696789763229333,-0.00100682836939736,-0.00364684362420542,-0.00998148607208815,-0.0037604156236366,-0.00175024825892134,-0.00102758142603143,-0.00869424562805987,-0.00584663502796445,-6.67961245461868e-05,-0.00150517065430122,-0.000900386881023785,-0.00071480259475365,-0.00151594776162334,-0.00010228578748972,-0.00552893530171517,-0.00303979071681759
"22:27117240:G:A",-0.000749967230457393,5.28458158797207e-05,1.69811899768391e-05,9.26087733343905e-06,2.67394089563666e-05,-0.000152400288984111,3.11071634646609e-05,8.12632523077284e-05,-0.000124606198244948,-0.000749967230457393,-0.00379197128091846,6.40990286200349e-05,-0.000144629634692528,-0.000131174615109586,-4.33595575852763e-05,-0.00283338564616109,-0.00413041413220938,-0.000749967230457393,-0.00127105718254494,1.54741757896204e-05,-0.000110249041744837,-2.44503469826185e-05,1.69332389869936e-05,6.21705289987062e-05,-0.00318333302685936,-1.51170648736709e-05,-1.61023537437188e-06,4.41853060593189e-05,-0.00155805820643184,0.000838528960060536,-9.89646203946037e-05,-0.00526363994909396,0.0637999696270972,-0.00249834997876164,-2.04584590468571e-05,-0.000522198419385056,-0.00305068068069403,4.41853060593189e-05,-0.000128959744238877,-2.39908817487589e-05,0.000789191674538614,-0.00161085179410492,-0.00125150517272399,-0.00560021202986949,-3.77056539893061e-05,0.000374891006126532,-0.00142721973659299,-0.00519033331123619,-0.000477897806836936,-0.0110047628476106,-0.000952278754597913,2.52474957518345e-05,-0.00257392029343606,-0.000819885613131177,-0.000487686028876055,-2.06882430422439e-05,3.25281634037111e-05,1.42644473912767e-05,-4.33595575852763e-05,-2.04584590468571e-05,-0.00337886113323282,-6.92793474366127e-05
"22:27118181:T:G",-0.00383942338805987,-0.00194298650845637,0.000243382543412274,-0.00269484344358961,-0.00141607362418927,-0.00165514603845729,-0.00210132326391221,-0.00382989422794644,-0.00155224550173561,-0.00383942338805987,-0.013659477178301,0.000220495205909721,-0.000663928139660541,-0.000730598998989418,-0.00361551441860364,-0.00294979544495799,-0.00787442461186671,-0.00383942338805987,-0.00738525618328012,-0.00121011385942627,0.000253442046189267,-0.00157494662277102,-0.00184460054716196,-0.00160051381601622,-0.00632970723394921,-0.00540329779347104,4.6267102842279e-06,0.000124888166186388,-0.00943859544163894,-0.00168776285034999,0.000738247414821203,-0.00491886129472485,-0.00249834997876164,0.203504887930623,-0.00437508460712355,-0.00386423052550233,-0.00100042905216968,-0.00387544462811551,-0.00187877828968919,-0.00487467601676883,-0.000300941813969224,-0.00219661900285795,-0.000378579068329277,-0.00925491674160295,0.000716176104944566,-0.00915978358602576,-0.00310364793676543,-0.0075278048676739,-0.00592495457361641,-0.010396015354778,-0.000925452517087422,-0.00890882943702209,-0.00656180293142761,-0.00723118623955177,0.000147713640077818,-0.000787016375921823,-0.00115979796749777,-0.00195829389756064,-0.000228694998388512,-0.00483678392450937,-0.00459019550723649,-0.000557372714860449
"22:27119970:G:C",-2.22995075365162e-05,2.76401829948369e-05,-0.0034987303905174,4.75048086023833e-06,1.34273512015781e-05,-0.000502224533096118,1.5504685250356e-05,4.0434221880048e-05,-6.0979247868076e-05,-2.22995075365162e-05,-0.00454400864220972,3.19134092405804e-05,-7.09128443663332e-05,-0.000578680165048695,-2.13733578782183e-05,3.98988757011054e-05,-0.00499423272764066,-2.22995075365162e-05,-0.00141624551169084,7.71315590775146e-06,-0.0006672621185837,-1.16803532757004e-05,9.65572310374085e-06,-5.3812829601263e-05,-0.00158402610379049,-6.8645823416702e-06,-7.69652941379206e-07,2.20877740915171e-05,-0.00553563019635295,-0.00615152413141651,-4.86610737864268e-05,-0.00144216713867795,-2.04584590468571e-05,-0.00437508460712355,0.0818078832938598,1.12725443015549e-05,-0.00165517562030981,2.20877740915171e-05,-0.00126121581347061,-0.00113494347898957,-9.26729003491999e-06,1.19996866807526e-05,3.76770393728521e-06,-2.04584590468571e-05,-0.00120277115958967,-0.00521652478725443,3.61136487585512e-05,-0.00482471771710902,-0.0057130915267809,-0.00522925606245028,-0.00182018934263795,1.27179012840983e-05,-0.00127990533729516,-0.000826813861791287,-2.04584590468571e-05,-9.88400901658082e-06,1.61806301779421e-05,-0.00528433707792164,-2.13733578782183e-05,-0.00885203525206446,-0.00206629631753508,-3.41069232359104e-05
"22:27120203:T:C",2.39759069025069e-05,-0.00107793326494576,-1.00193110492697e-05,-5.97713976357994e-06,-1.65823923419239e-05,-0.00127974524232233,-1.89405143915522e-05,-0.000833421634210296,-0.00451044100448428,2.39759069025069e-05,-0.00450857696749418,-4.06448440610774e-05,-0.00468948032977057,-0.00137496099284906,2.30884760519245e-05,-0.00097005237723824,-0.00127199592257732,2.39759069025069e-05,-0.00125898760485255,0.000111066804032056,-0.00148260968540637,-0.00185952284583735,-0.00789842191072232,2.09678373277455e-05,-0.000640654119882456,6.33238942615577e-06,-0.00418730253690569,-2.76587667658035e-05,-0.00622462256600054,-0.000269323368763175,-0.00227549678792371,-0.00076651512290038,-0.000522198419385056,-0.00386423052550233,1.12725443015549e-05,0.100857858052538,-0.00538581441881192,-2.76587667658035e-05,-0.00448598671239697,1.29845720779898e-05,-0.000307958265295838,0.000123381207822071,-0.0116333625290386,-0.00354415461676361,2.0465633446598e-05,-0.00397420078220367,-0.00328743741247006,-0.00228812878248119,-7.59236012433107e-05,-0.00351212992073258,-0.00227023201331011,-1.57820093837913e-05,-0.000713028180545194,-0.00301250932831731,-0.00155049684933939,-0.0016499649816204,-0.000831387606812228,-9.96917515649898e-06,2.30884760519245e-05,1.12725443015549e-05,-0.000866775176419754,3.55110693703864e-05
"22:27120433:A:T",-0.00158083370987239,-0.0080373515388259,5.78121198211434e-05,-0.00133722132488945,-0.00300503452299683,-0.000776127279277006,-0.00146838783539671,-7.99112346197006e-05,-0.00156988264631108,-0.00158083370987239,-0.00467461208119602,-0.00944180600555899,-0.00137736270601252,-0.00208612264591501,-0.00359406152703112,-0.000110287992559854,-0.00176400629841167,-0.00158083370987239,-0.00705019990215217,-5.78854159769548e-05,-0.00182400773309066,-0.00714695534312959,-0.0094790206274773,7.14703391451188e-05,-0.00489324037685313,-0.00401417553571282,-0.00375260614529527,-0.00528167471341057,-0.00925702639513659,-0.00169604748457797,-0.00359771103872131,-0.00198214310920308,-0.00305068068069403,-0.00100042905216968,-0.00165517562030981,-0.00538581441881192,0.211528704037233,-0.00466898299963603,-0.000667800362827098,-0.000524865581152056,5.89066954441719e-05,-0.00338946561972797,-0.00247014676282031,-0.00404969203727656,-0.000260370580901892,-0.00868154936093068,-0.00378316137036849,-0.0107698037941462,-0.000577831426650466,-0.00428999549211628,-0.00308946071130123,-0.00508557913934027,-0.00856095127183121,-0.0104283972585213,-0.00126600137924893,-1.09611987353375e-05,-0.00657109707242931,-0.00358163359871266,-0.00823909667401601,-8.75710826822029e-05,-0.00376934333177337,-0.00170366472315564
"22:27120699:A:G",4.7703035468416e-05,-5.51585465515814e-05,-1.92387352653256e-05,-1.18990821107445e-05,-0.00394045615953065,0.000152189250527179,-3.61465709701747e-05,-9.68501533629151e-05,-0.00236634845897399,4.7703035468416e-05,-0.00196709443044707,-0.0016497432044229,-0.00227325545848345,0.000132475696209333,4.59351775035088e-05,-9.57595880279882e-05,-0.00387943549664005,4.7703035468416e-05,-0.00124293695766609,-1.78013482550199e-05,0.000112524294310745,-0.00277715090444985,-0.000606446210594136,-6.84202216438834e-05,-0.00497702910653608,-0.00321931644367002,1.5224157179361e-06,-0.00375142925106697,-0.000897854028475642,-0.00255128653949122,-0.00193471897942032,-0.00141573182587251,4.41853060593189e-05,-0.00387544462811551,2.20877740915171e-05,-2.76587667658035e-05,-0.00466898299963603,0.0762221557684435,-0.00157099403724104,2.53775089626984e-05,2.0467961396875e-05,-2.91118206749985e-05,-0.00290667999336858,4.41853060593189e-05,4.07384542366884e-05,-0.00139474313736088,-0.0013245668378854,-0.00683369975564396,-0.00302831935422532,-0.00582857952711713,-0.00182344443027738,-3.05491772314426e-05,0.00015261857165072,-0.00248730180180612,4.41853060593189e-05,-0.00157136886013998,-3.75091018467444e-05,-2.0148866176406e-05,4.59351775035088e-05,2.20877740915171e-05,-3.30984369965037e-05,7.19283852088637e-05
"22:27124742:A:G",0.000151601844154747,-0.0077368676698959,4.37271591646748e-05,-0.00571544851506633,-0.004790250962035,-0.00620602027269612,0.000131417845735449,-0.00253645585496098,-0.00289532638846479,0.000151601844154747,-0.00178539282178525,-0.00518013694216712,-0.00186707264282049,-0.0076206575158877,-0.00395088489526696,-0.00742141124836326,-0.00400236241444096,0.000151601844154747,-0.000646699237353054,-0.00168609324987123,-0.00636412946786313,-0.0030348956031192,-0.00417536283016728,-0.00157733693602502,-0.000189272264010221,-0.000497560690262411,-5.07896552992548e-06,-0.00152101862395693,-0.00499462994947342,-0.00113137308576272,-0.00489211208360318,-0.00151094262713247,-0.000128959744238877,-0.00187877828968919,-0.00126121581347061,-0.00448598671239697,-0.000667800362827098,-0.00157099403724104,0.178924965388099,-0.000163650586365804,0.00020067257002232,-0.004578757455592,-0.00366206058737806,-0.00380141731270722,0.000153017356707252,-0.00200481056852864,-0.000623866193906419,-0.0145780054268205,-0.00428571969038316,-0.0107891813561354,-0.000247791390006746,-0.00819560471116443,-0.00149445963408779,-0.001477603089171,-0.000128959744238877,-0.0103337380122102,-0.0011206599050464,-0.00227977655196909,-0.0016991118261096,-6.25669802394313e-05,-0.00221629665357614,-0.00223603945871087
"22:27126023:C:T",-2.61815351327854e-05,-0.00180244076866654,9.75585167406479e-06,5.47820117802189e-06,-0.00218510604639199,-9.01527952219539e-05,-0.00334050509745332,4.60940729460901e-05,-0.00140665087587344,-2.61815351327854e-05,2.16030901443176e-05,3.65225144252079e-05,-0.00134500703147999,-7.72670000328546e-05,-2.50790646072474e-05,4.54912445579936e-05,-0.00234277759610002,-2.61815351327854e-05,-0.00352471995596382,8.92194438861793e-06,-6.46564101245417e-05,-0.00166010501162273,1.09508967911509e-05,-0.000134038205898079,-0.00442941033828603,-8.1194554297781e-06,-8.99621857897159e-07,2.53775089626984e-05,-0.0026449815862355,-0.00208067434525194,-5.7769720767098e-05,-0.00026625153944515,-2.39908817487589e-05,-0.00487467601676883,-0.00113494347898957,1.29845720779898e-05,-0.000524865581152056,2.53775089626984e-05,-0.000163650586365804,0.0707230753331016,-1.08106461826907e-05,1.38260418767189e-05,4.18210859276513e-06,-2.39908817487589e-05,0.000320463791605441,-0.00549763554723093,-6.7490904772427e-05,-0.000834612702545812,-0.00411139776129144,-0.00163923522596487,-5.67392497874408e-05,-0.00217676420752255,-0.00306513636869976,-0.0068935076070753,-2.39908817487589e-05,-0.00166866384169762,1.86522559362245e-05,8.60534873581287e-06,-2.50790646072474e-05,-1.17892195010683e-05,-0.00977092420187375,-0.00117231035657372
"22:27129836:A:G",-2.03947845598407e-05,2.57252084994164e-05,7.78077916763209e-06,4.38989509099486e-06,1.24173278726047e-05,-6.78946096357436e-05,1.43389289801732e-05,3.76502734749096e-05,-5.51835888193963e-05,-2.03947845598407e-05,-7.79575853480097e-05,2.9645908089293e-05,-6.40265094515868e-05,-5.85682337899129e-05,-1.95545265011532e-05,3.71477935336983e-05,9.61470277722754e-05,-2.03947845598407e-05,3.83910876893268e-05,7.11818869802983e-06,-4.93273280293138e-05,-1.06852740273666e-05,8.99768966533543e-06,0.000101009649252859,-0.000129810041682887,-6.26065557174371e-06,-7.06302828668015e-07,2.0467961396875e-05,6.91670959414026e-05,3.42316178576496e-05,-4.41956621735073e-05,2.43425280403997e-05,0.000789191674538614,-0.000300941813969224,-9.26729003491999e-06,-0.000307958265295838,5.89066954441719e-05,2.0467961396875e-05,0.00020067257002232,-1.08106461826907e-05,-0.00161093095235021,-0.000369097006689856,-8.21605715017881e-07,-1.87240526248189e-05,-1.7091781562506e-05,0.000190210878143304,3.3630394888462e-05,-4.8131555335118e-05,1.88146051325333e-05,-2.09385091824998e-05,0.000829704443773061,1.17616158847866e-05,0.000184314489029447,-0.000167751041656672,0.000789191674538614,-9.04662089507013e-06,1.49647211040715e-05,6.9446874766399e-06,-1.95545265011532e-05,-9.26729003491999e-06,-0.000120960670979109,-3.10970718473413e-05
"22:27133734:A:G",2.5640130648874e-05,-0.00548983245848866,-1.05953242170997e-05,-6.34129976528897e-06,-1.7513331596497e-05,-0.00133531603248471,-1.99811247156845e-05,-0.000807386591647585,-0.00446431293483762,2.5640130648874e-05,-0.00205066770590312,-4.26247946583302e-05,-0.00464222255521207,-0.00143156978207237,2.46846678084722e-05,-5.43103607748563e-05,-0.000473718689987024,2.5640130648874e-05,-0.000135660679178251,0.000135705274412423,-0.00154019099474745,-0.00183002780854302,-0.00795175440478335,1.38282537225365e-05,-0.000603253145301963,6.6771690470091e-06,8.66778448127548e-07,-2.91118206749985e-05,-0.00658857264722101,-3.87918731092896e-05,-0.0022426263751063,-0.000901626445085846,-0.00161085179410492,-0.00219661900285795,1.19996866807526e-05,0.000123381207822071,-0.00338946561972797,-2.91118206749985e-05,-0.004578757455592,1.38260418767189e-05,-0.000369097006689856,0.0951828963428261,-0.0122697805560623,2.37370266198411e-05,2.18648926120224e-05,-0.00569253629009348,-0.00324974513898546,-0.00232995297285576,-8.88911510834589e-05,-0.00384597634444628,-0.00188262607203704,-1.6675046382808e-05,-0.00093501152479547,-0.00567480413096533,-0.00161085179410492,-0.00160898116798158,-0.000803907752766619,-1.0576277712282e-05,2.46846678084722e-05,1.19996866807526e-05,-0.000809004246122402,3.81602578434226e-05
"22:27134717:C:T",5.58898265889951e-06,-0.00128482594826718,-4.79974578215803e-06,-2.65590181314224e-06,-0.00298451506740705,-0.00221387695929298,-0.00130138541466085,-3.74986578774994e-05,-0.00091687754004699,5.58898265889951e-06,-0.00521788640044463,-0.00237465177727092,-0.0010354200059437,-0.00239450075297132,-0.00694162064069381,-0.00365129263863295,-0.00391853928017571,5.58898265889951e-06,-0.00773613286652308,-0.00534657820271356,-0.00121867849197344,-0.00423690058743009,-0.00340570174074895,-0.00154298839468137,-0.00461471821008974,-0.00622971443659814,3.43400371249913e-07,-0.00290667999336858,-0.00490699775543968,-0.00022826851111013,-4.66873836968418e-05,-0.00263367826353544,-0.00125150517272399,-0.000378579068329277,3.76770393728521e-06,-0.0116333625290386,-0.00247014676282031,-0.00290667999336858,-0.00366206058737806,4.18210859276513e-06,-8.21605715017881e-07,-0.0122697805560623,0.176553815892936,5.50429114998252e-06,5.3614031978455e-06,-0.00276558207814093,-0.00946787477358502,-0.00201596238720514,-0.00576914775138082,-0.00818255414009572,-0.00552118853672745,-0.00548672851291432,-0.00171128422832645,-0.00496635857234562,-0.00125150517272399,-0.00357746355196475,-0.000983056818345318,-0.00551960104167915,5.55419433201365e-06,3.76770393728521e-06,-0.00540099863485288,-7.27496015171525e-05
"22:27137338:C:T",-4.52908495001125e-05,-0.00357621152145793,1.69811899768391e-05,9.26087733343905e-06,2.67394089563666e-05,-0.000152400288984111,3.11071634646609e-05,8.12632523077284e-05,-0.000124606198244948,-4.52908495001125e-05,-0.00312160260792282,6.40990286200349e-05,-0.000144629634692528,-0.000131174615109586,-4.33595575852763e-05,-0.00283338564616109,-0.00194043163375657,-4.52908495001125e-05,-0.00169159169268074,1.54741757896204e-05,-0.000110249041744837,-2.44503469826185e-05,1.69332389869936e-05,-0.000345793167265462,6.05555549366699e-05,-0.00296174051459541,-1.61023537437188e-06,4.41853060593189e-05,-0.00549822632822483,-0.00333665422488494,-9.89646203946037e-05,-0.00134360953738977,-0.00560021202986949,-0.00925491674160295,-2.04584590468571e-05,-0.00354415461676361,-0.00404969203727656,4.41853060593189e-05,-0.00380141731270722,-2.39908817487589e-05,-1.87240526248189e-05,2.37370266198411e-05,5.50429114998252e-06,0.0781726111982106,-3.77056539893061e-05,-0.00297983567284366,7.09870631414589e-05,-0.000196133361145989,-0.00304817822513215,-0.00121278486882748,-0.00515712297170889,2.52474957518345e-05,-0.000172008425034065,-0.00311983806033567,-0.000487686028876055,-2.06882430422439e-05,3.25281634037111e-05,1.42644473912767e-05,-4.33595575852763e-05,-2.04584590468571e-05,-0.00365514539552247,-0.00467458917147656
"22:27138317:A:G",-4.11583411628058e-05,4.91078413018542e-05,1.5583353294879e-05,8.53578565429558e-06,2.46138519583994e-05,0.000902060989868225,2.86177059987125e-05,7.5256310442029e-05,-0.000111936447752647,-4.11583411628058e-05,0.000614002224978094,5.92245122739143e-05,-0.000129650451278884,0.000833822229185266,-3.94218642831845e-05,7.41986006405071e-05,0.000189795784810265,-4.11583411628058e-05,0.000247029023824119,1.42063080241783e-05,0.000753432979579749,-2.21629584293837e-05,1.59114310216424e-05,-9.97547212060468e-05,7.27281839045801e-05,-1.36062878262067e-05,-1.46471590767305e-06,4.07384542366884e-05,-0.000111332561466781,-0.000783625948374223,-8.9284824469793e-05,-5.86370445931905e-05,-3.77056539893061e-05,0.000716176104944566,-0.00120277115958967,2.0465633446598e-05,-0.000260370580901892,4.07384542366884e-05,0.000153017356707252,0.000320463791605441,-1.7091781562506e-05,2.18648926120224e-05,5.3614031978455e-06,-3.77056539893061e-05,-0.00304144822253782,0.000362669139912342,6.58441322247683e-05,0.000163181267444301,-0.000358120595019606,9.29813042960248e-05,0.000767960419334912,2.32475340036231e-05,0.000118805696502911,0.000491970063257519,-3.77056539893061e-05,-1.87635659223417e-05,2.99215382408846e-05,1.32092588414068e-05,-3.94218642831845e-05,-1.86616060666722e-05,-0.000709865507349861,-6.27588675286006e-05
"22:27142366:C:T",-0.00483652341381191,-0.00373098520383941,-0.000244550671686383,2.38631417213142e-05,-0.00422447556883299,-0.00431046870986229,-0.00193719951637839,3.47613473792308e-05,-0.00549723863231222,-0.00483652341381191,-0.009174541673167,-0.00853213517676554,-0.00474601613965708,-0.00513093244838325,-0.00285756192755748,-0.000989002215772139,-0.00378575595677422,-0.00483652341381191,-0.00495266986977239,-0.00474643077389825,-0.00422525142187302,-0.00390796505604518,-0.00259384031047816,-0.000808489882410335,-0.0118687978156906,-0.0110582268414001,-0.00430675520557422,-0.000952573242949839,-0.00374795442742215,-0.00790405154220508,-0.000118612725187095,-0.00696789763229333,0.000374891006126532,-0.00915978358602576,-0.00521652478725443,-0.00397420078220367,-0.00868154936093068,-0.00139474313736088,-0.00200481056852864,-0.00549763554723093,0.000190210878143304,-0.00569253629009348,-0.00276558207814093,-0.00297983567284366,0.000362669139912342,0.243632856132827,-0.000401730246593512,-0.00483451496153098,-0.00596710235477849,-0.0125568700996279,0.000196990142761422,-0.00272542253603181,-0.00495051622068621,-0.00496156984861962,-0.00017399743941926,-0.00147664259287739,-0.00202950992255246,-0.000623096908130005,-0.00832917811314449,-0.0060508191720281,-0.00382070388105671,-0.000717414851556963
"22:27146534:C:T",-0.00168085182296451,-0.00463028247402875,-3.27483205522228e-05,-7.82909194718684e-05,-5.59908010666632e-05,-0.00246948714725193,-6.27239571606708e-05,-0.00017487272215444,-0.00047527485797616,-0.00168085182296451,-0.000585032560109333,-0.000135004060450861,-0.000667278528836412,-0.00268294738049857,-0.000196246898263475,-0.000173092038490807,-0.00832066697490053,-0.00168085182296451,-0.00154177321426552,-0.00131180499448824,-0.002925119152005,-0.00209656118318335,-0.00277518748372252,2.77220944564505e-05,-0.0040349620143858,-0.000734660689190925,2.38636343308229e-06,-0.00322415383371144,-0.00399992881767375,-0.000190737316504652,-1.49340756507854e-05,-0.00100682836939736,-0.00142721973659299,-0.00310364793676543,3.61136487585512e-05,-0.00328743741247006,-0.00378316137036849,-0.0013245668378854,-0.000623866193906419,-6.7490904772427e-05,3.3630394888462e-05,-0.00324974513898546,-0.00946787477358502,7.09870631414589e-05,6.58441322247683e-05,-0.000401730246593512,0.0990221241033225,-0.000150441620685449,-0.00210337121161874,-0.0065056187698862,-0.000483158052558608,-0.00150977529930696,-0.000647409252160891,-0.000139843557915853,-0.00142721973659299,-0.000634433018875669,-0.00084671930606639,-0.00020779044638175,-0.00158581882417508,3.61136487585512e-05,-0.00124215184858523,-0.0054352836979632
"22:27148121:T:C",2.14867089427528e-05,-0.00620890016918318,0.000346744270927957,-0.00618654755946046,-0.00621652654877636,-0.00325447556335678,6.23933353569583e-05,-0.00202580017886156,-0.0057477186962589,2.14867089427528e-05,-0.00729908235290999,-0.00372833491565938,-0.00493563889210957,-0.00393726700042452,-0.000533534715669859,-0.00156193849922737,-0.00119578154207067,2.14867089427528e-05,-0.010437087198607,0.000263549469229574,-0.00479855119626205,-0.00410712644161437,-0.00815036499860788,-0.000628417278508486,-0.00442388248361514,-0.000773555179734764,2.08571797877255e-06,-0.00143601507699387,-0.0113796191993858,-0.00283993900663448,-0.00351283758936738,-0.00364684362420542,-0.00519033331123619,-0.0075278048676739,-0.00482471771710902,-0.00228812878248119,-0.0107698037941462,-0.00683369975564396,-0.0145780054268205,-0.000834612702545812,-4.8131555335118e-05,-0.00232995297285576,-0.00201596238720514,-0.000196133361145989,0.000163181267444301,-0.00483451496153098,-0.000150441620685449,0.202992124678002,-0.00300377008949537,-0.001621697808464,-0.00439854449257826,-0.00312752381550307,-0.000975689809052049,-0.00662340006276585,0.000161252384385691,-0.000504578637262387,-0.00172374519314999,-0.00121959827502582,-0.00248128512746959,-0.00458776113236947,-0.0011512896435546,-0.00124887803954277
"22:27152008:C:A",-0.000160502189252121,-0.0090360625434216,-2.0327676281795e-05,-0.000126457144276948,-0.00421233627378204,-0.00184545052603813,-0.00055822614705292,-0.000977210594435896,-0.0045177435555761,-0.000160502189252121,-0.00119753442767534,-0.00395862908183719,-0.00432145098963499,-0.00135471017380251,-0.000208311633700831,-0.00428530826447915,-0.00154966339809182,-0.000160502189252121,-0.011140223161644,-1.87410360306117e-05,-0.000932160833751361,-0.00723033577508847,-0.00437979064993543,-0.0008290621043896,-0.0119543734972107,-0.00295843636761717,1.50274772625636e-06,-6.07963273617784e-05,-0.00646502611287314,-0.00284674827357012,9.11633790323663e-06,-0.00998148607208815,-0.000477897806836936,-0.00592495457361641,-0.0057130915267809,-7.59236012433107e-05,-0.000577831426650466,-0.00302831935422532,-0.00428571969038316,-0.00411139776129144,1.88146051325333e-05,-8.88911510834589e-05,-0.00576914775138082,-0.00304817822513215,-0.000358120595019606,-0.00596710235477849,-0.00210337121161874,-0.00300377008949537,0.186272878548703,-0.0110842090576928,-0.00328789826399678,-0.000183095940062827,-0.00371643954386247,-0.0148548592914195,-0.00674726065584341,-0.000432966080833985,-4.19740421744308e-05,-9.69720591532663e-05,-0.00317437493456119,2.01947853621931e-05,-0.000639271044099665,-8.13597821860412e-05
"22:27152793:G:A",-0.00166329557579648,-0.00628018765479021,1.24058887331913e-05,-0.00863095483402887,-0.014675857875428,-0.00229902968076257,-0.00547537169177392,-0.00338050172578974,-0.00112106547928192,-0.00166329557579648,-0.00361179986661897,-0.00091179881161807,-0.00135617016946865,-0.00113157080654736,-0.000201095238555382,-0.000733051587423539,-0.0050299176182147,-0.00166329557579648,-0.00376678658794249,-0.00531072620817774,-0.00139459994238944,-0.000892795196033802,-0.0062660844010054,-0.000452568760197281,-0.0209285026850679,-0.00053811371328738,-1.49675889282719e-06,-0.00158935825933337,-0.00228930156695295,-0.000192016967135,-0.00597035422890446,-0.0037604156236366,-0.0110047628476106,-0.010396015354778,-0.00522925606245028,-0.00351212992073258,-0.00428999549211628,-0.00582857952711713,-0.0107891813561354,-0.00163923522596487,-2.09385091824998e-05,-0.00384597634444628,-0.00818255414009572,-0.00121278486882748,9.29813042960248e-05,-0.0125568700996279,-0.0065056187698862,-0.001621697808464,-0.0110842090576928,0.246229959187476,-0.000129030255629381,-0.000512027065100895,-0.00319771962085635,-0.00351058270969906,-0.000415826930290741,-0.000540090069538035,-0.000999444703267294,-0.00162554407587434,-0.00311781695985491,-0.00552904137419219,-0.0122118570578036,-0.00364517950662258
"22:27152950:C:G",-0.000785066193592421,-0.00211888273160454,-0.00124170865667672,2.79739630180131e-05,-0.00254701134110036,-0.000705489170707452,-0.00268050860222058,0.000295742257942599,8.91676455667678e-05,-0.000785066193592421,-0.00441163388548027,0.00023255631375374,0.000157098200848971,-0.000713206218038387,-0.000166295451541565,-0.00206276976266295,-0.01253571131741,-0.000785066193592421,-0.00446866873388485,5.58273711073198e-05,-0.000734094362432103,-0.00118345526238972,-0.0043204072756442,-4.25170128961483e-05,-0.0004618470094786,-8.19065363835136e-05,-0.00297704669518861,-0.0043571678020955,-0.00673494072838032,-0.00489814273124534,-0.00196183194109434,-0.00175024825892134,-0.000952278754597913,-0.000925452517087422,-0.00182018934263795,-0.00227023201331011,-0.00308946071130123,-0.00182344443027738,-0.000247791390006746,-5.67392497874408e-05,0.000829704443773061,-0.00188262607203704,-0.00552118853672745,-0.00515712297170889,0.000767960419334912,0.000196990142761422,-0.000483158052558608,-0.00439854449257826,-0.00328789826399678,-0.000129030255629381,0.110790983081735,-0.0015384344197189,-0.000451134684107402,0.000144525920103167,-0.000510588662542943,-0.000727766868720003,-0.0021257689963381,-0.000265917648369474,-0.00157954449789344,-0.00671788984426236,-0.00128666876115302,-0.000828968254341866
"22:27155123:C:T",-0.00194827943637232,-0.000119562250110228,-1.11647665104186e-05,-0.00162082297495036,-1.84347582639077e-05,8.32971294757456e-05,-0.00417589063434765,-0.00458306127490005,-1.4084129770886e-05,-0.00194827943637232,-0.00473728455139799,-4.45824735271216e-05,-0.00197992298270933,7.31530553403914e-05,2.62607718592989e-05,-5.6663687237446e-05,-0.00315879270628372,-0.00194827943637232,-0.00602719165333321,-1.0289206679559e-05,6.26804067831443e-05,1.3601988493761e-05,-0.00268158059568702,-0.00103552705161292,-0.00289317069373585,-0.00250185712982809,9.13509867750406e-07,-3.05491772314426e-05,-0.00028904008800712,-0.00297784733080331,-0.00200829505358691,-0.00102758142603143,2.52474957518345e-05,-0.00890882943702209,1.27179012840983e-05,-1.57820093837913e-05,-0.00508557913934027,-3.05491772314426e-05,-0.00819560471116443,-0.00217676420752255,1.17616158847866e-05,-1.6675046382808e-05,-0.00548672851291432,2.52474957518345e-05,2.32475340036231e-05,-0.00272542253603181,-0.00150977529930696,-0.00312752381550307,-0.000183095940062827,-0.000512027065100895,-0.0015384344197189,0.0965065311971078,-0.00181253085511646,-0.00317611529380368,2.52474957518345e-05,-0.0018023187631,-2.18521670278804e-05,-1.11798372088856e-05,2.62607718592989e-05,1.27179012840983e-05,-0.000856223366666242,-0.00188783976522711
"22:27159903:T:C",-0.00343608586191024,-0.011529484220425,6.28298522658e-05,2.83546303876392e-05,-0.000358916089041372,-0.00217667966273716,-0.00140769604876745,-0.000232180466983145,-0.00734789697947047,-0.00343608586191024,-0.00729720593053074,-0.00803250092816654,-0.00691108823149644,-0.00188980450395437,-0.00292088092784581,-0.00107252059597762,-0.0035319187897338,-0.00343608586191024,-0.000681626462663676,-0.00139239818992909,-0.00169164456486204,-0.00696863215531351,-0.00684861414000482,0.000146305954578096,-0.0067233115360823,-0.000439622967244091,-0.00414185227193542,-0.00339474327915035,-0.00136710038544186,-0.000435976726107512,-0.00173078370155899,-0.00869424562805987,-0.00257392029343606,-0.00656180293142761,-0.00127990533729516,-0.000713028180545194,-0.00856095127183121,0.00015261857165072,-0.00149445963408779,-0.00306513636869976,0.000184314489029447,-0.00093501152479547,-0.00171128422832645,-0.000172008425034065,0.000118805696502911,-0.00495051622068621,-0.000647409252160891,-0.000975689809052049,-0.00371643954386247,-0.00319771962085635,-0.000451134684107402,-0.00181253085511646,0.172906322721038,-0.000335442477550352,-0.00441455717444494,-0.0016506112534449,-0.00107490031251345,-0.00259007399843458,-0.0035584040087473,-0.00127990533729516,-0.00637510193979463,2.59757373077818e-05
"22:27161035:A:G",-0.00595523458490721,-0.00523483729667129,0.000138488272289017,-0.00733371721690101,-0.00466525071542634,-0.00689587880263165,-0.00545183471061073,-0.00716659556155896,-0.000454336352590623,-0.00595523458490721,-0.00541650281101314,-0.00645408751211018,-0.000630131016119417,-0.0111651219965987,-0.000932821547161566,-0.00319847641424875,-0.00662913378429453,-0.00595523458490721,-0.00455423050175296,-0.00232092505223314,-0.0116377955601807,-0.000470617594354295,-0.00656872080251913,-0.00135497936980267,-0.00171748950105233,-0.006959150002809,-0.00317850765461625,-0.00304016239454175,-0.00358118694842036,-0.000864403749085696,-0.00187404541219482,-0.00584663502796445,-0.000819885613131177,-0.00723118623955177,-0.000826813861791287,-0.00301250932831731,-0.0104283972585213,-0.00248730180180612,-0.001477603089171,-0.0068935076070753,-0.000167751041656672,-0.00567480413096533,-0.00496635857234562,-0.00311983806033567,0.000491970063257519,-0.00496156984861962,-0.000139843557915853,-0.00662340006276585,-0.0148548592914195,-0.00351058270969906,0.000144525920103167,-0.00317611529380368,-0.000335442477550352,0.259335275597772,-0.00168542190661825,-0.0126435431071381,-0.00166208088548814,-0.00333376863855905,-0.00550602672913847,-0.00459379686624484,-0.00525826785994399,-0.00125630494966256
"22:27161318:G:A",-4.52908495001125e-05,5.28458158797207e-05,1.69811899768391e-05,9.26087733343905e-06,2.67394089563666e-05,-0.00780508519236545,3.11071634646609e-05,8.12632523077284e-05,-0.000124606198244948,-4.52908495001125e-05,-0.00103520465336171,6.40990286200349e-05,-0.000144629634692528,-0.00751625309263648,-4.33595575852763e-05,8.0125918404228e-05,-0.00325526066103166,-4.52908495001125e-05,-0.000458529193678281,1.54741757896204e-05,-0.0072178558254663,-2.44503469826185e-05,1.69332389869936e-05,-0.00511267419209549,-0.00515384489847648,-0.00124998813959998,-1.61023537437188e-06,4.41853060593189e-05,-0.00502878301983145,7.23616405373662e-05,-9.89646203946037e-05,-6.67961245461868e-05,-0.000487686028876055,0.000147713640077818,-2.04584590468571e-05,-0.00155049684933939,-0.00126600137924893,4.41853060593189e-05,-0.000128959744238877,-2.39908817487589e-05,0.000789191674538614,-0.00161085179410492,-0.00125150517272399,-0.000487686028876055,-3.77056539893061e-05,-0.00017399743941926,-0.00142721973659299,0.000161252384385691,-0.00674726065584341,-0.000415826930290741,-0.000510588662542943,2.52474957518345e-05,-0.00441455717444494,-0.00168542190661825,0.0714126220538889,-2.06882430422439e-05,3.25281634037111e-05,1.42644473912767e-05,-4.33595575852763e-05,-2.04584590468571e-05,-0.00627061394189266,-6.92793474366127e-05
"22:27161876:A:T",-2.26820940660843e-05,-0.00281766318739063,7.75810806885602e-06,4.43832765473218e-06,-0.00149985467248204,-0.0036514846050304,1.391813053786e-05,3.29357259332141e-05,-0.000214574405189794,-2.26820940660843e-05,-0.00151079878536242,2.69170683102615e-05,-0.000164841093065249,-0.00393902375179511,-0.00136484812583948,3.25788444346387e-05,-0.00938443126961985,-2.26820940660843e-05,-0.00365731154267923,7.11730769875629e-06,-0.00259609604251221,-0.00191988950090316,-0.00483613401086913,-4.91308454835249e-05,-0.000541370931287144,-0.00197913816533291,-7.294133057556e-07,1.93633274090388e-05,-0.00191608684635458,-0.000335823676229197,-0.00268592736850248,-0.00150517065430122,-2.06882430422439e-05,-0.000787016375921823,-9.88400901658082e-06,-0.0016499649816204,-1.09611987353375e-05,-0.00157136886013998,-0.0103337380122102,-0.00166866384169762,-9.04662089507013e-06,-0.00160898116798158,-0.00357746355196475,-2.06882430422439e-05,-1.87635659223417e-05,-0.00147664259287739,-0.000634433018875669,-0.000504578637262387,-0.000432966080833985,-0.000540090069538035,-0.000727766868720003,-0.0018023187631,-0.0016506112534449,-0.0126435431071381,-2.06882430422439e-05,0.0925035354067658,1.4485234856032e-05,6.9569546141679e-06,-2.16763166065448e-05,-9.88400901658082e-06,-0.00424326720818913,-3.59344197145006e-05
"22:27163741:C:A",3.51919562984193e-05,-5.26424089128952e-05,-1.39172413762267e-05,-8.46771511575639e-06,-2.29040689552207e-05,0.000115018952233648,-2.59904198145477e-05,-9.07344737974825e-05,9.22608092412958e-05,3.51919562984193e-05,0.00011329398791915,-5.40495657368467e-05,0.000107061592387048,9.96216389745896e-05,3.38527972099101e-05,-6.80426496666442e-05,-0.000879420507106765,3.51919562984193e-05,-0.00231335254445852,-1.28510196741871e-05,8.42117879251703e-05,1.709572018882e-05,-0.000871871329778173,7.97283882700839e-05,-0.00103664705078987,8.53636797160107e-06,1.1353983699891e-06,-3.75091018467444e-05,-0.00671917270919398,-0.000764903813591289,7.51166324031161e-05,-0.000900386881023785,3.25281634037111e-05,-0.00115979796749777,1.61806301779421e-05,-0.000831387606812228,-0.00657109707242931,-3.75091018467444e-05,-0.0011206599050464,1.86522559362245e-05,1.49647211040715e-05,-0.000803907752766619,-0.000983056818345318,3.25281634037111e-05,2.99215382408846e-05,-0.00202950992255246,-0.00084671930606639,-0.00172374519314999,-4.19740421744308e-05,-0.000999444703267294,-0.0021257689963381,-2.18521670278804e-05,-0.00107490031251345,-0.00166208088548814,3.25281634037111e-05,1.4485234856032e-05,0.033943192677004,-1.41444009162939e-05,3.38527972099101e-05,1.61806301779421e-05,0.000749537123107658,5.33576150623105e-05
"22:27165838:A:T",1.53203876251951e-05,-0.00215228735445194,3.70969187182268e-05,-0.00253326206529536,-0.000184772992612103,3.53420705003771e-05,-0.00122742875199133,-0.000903802108012997,-0.00850212903550407,1.53203876251951e-05,-0.00111130775795765,-0.0039580114149631,-0.00819247648435173,3.31361474890102e-05,1.47923761728563e-05,-3.96094413090964e-05,-7.7923988498263e-05,1.53203876251951e-05,-0.00203889229094312,-6.45774370600094e-06,3.01213253806054e-05,-0.00212314460541663,-0.00160581788393444,-0.000471214476025494,-0.00406476164044456,-0.00460868541853987,5.6829405181702e-07,-0.00302522638447211,-0.00361786081296334,-0.00131346905037333,2.80258823535107e-05,-0.00071480259475365,1.42644473912767e-05,-0.00195829389756064,-0.00528433707792164,-9.96917515649898e-06,-0.00358163359871266,-2.0148866176406e-05,-0.00227977655196909,8.60534873581287e-06,6.9446874766399e-06,-1.0576277712282e-05,-0.00551960104167915,1.42644473912767e-05,1.32092588414068e-05,-0.000623096908130005,-0.00020779044638175,-0.00121959827502582,-9.69720591532663e-05,-0.00162554407587434,-0.000265917648369474,-1.11798372088856e-05,-0.00259007399843458,-0.00333376863855905,1.42644473912767e-05,6.9569546141679e-06,-1.41444009162939e-05,0.087780070251239,1.47923761728563e-05,-0.00528433707792164,-0.00171003866719266,2.17264197805989e-05
"22:27167003:G:A",-0.000913045449381755,-0.000713341506981102,1.7691803494202e-05,9.62629451795038e-06,-0.00258025339046686,-0.00488699939371084,3.23716817813846e-05,8.43162792971697e-05,-0.000131081002090028,-0.000913045449381755,0.00017539065115546,6.65760424416462e-05,-0.000152280949376582,-0.00470131185335365,-4.53654902701217e-05,-0.00287106289351247,-0.00150480503013295,-0.000913045449381755,-0.00327468366642947,1.61181202766869e-05,-0.00450689680559524,-2.56248284049576e-05,-0.00023631206502106,-0.000347284585147989,-0.00294020127418815,-1.59006973872167e-05,-1.6848761470456e-06,4.59351775035088e-05,-0.00138273772941222,-0.00163226012046636,-0.000387547265924937,-0.00151594776162334,-4.33595575852763e-05,-0.000228694998388512,-2.13733578782183e-05,2.30884760519245e-05,-0.00823909667401601,4.59351775035088e-05,-0.0016991118261096,-2.50790646072474e-05,-1.95545265011532e-05,2.46846678084722e-05,5.55419433201365e-06,-4.33595575852763e-05,-3.94218642831845e-05,-0.00832917811314449,-0.00158581882417508,-0.00248128512746959,-0.00317437493456119,-0.00311781695985491,-0.00157954449789344,2.62607718592989e-05,-0.0035584040087473,-0.00550602672913847,-4.33595575852763e-05,-2.16763166065448e-05,3.38527972099101e-05,1.47923761728563e-05,0.0800063376447042,-2.13733578782183e-05,-0.00418529990551608,-7.26028627973108e-05
"22:27174941:A:G",-2.22995075365162e-05,-0.00153416646762139,-0.0034987303905174,4.75048086023833e-06,1.34273512015781e-05,-7.52220531134995e-05,1.5504685250356e-05,4.0434221880048e-05,-6.0979247868076e-05,-2.22995075365162e-05,-0.00491117042122102,3.19134092405804e-05,-7.09128443663332e-05,-6.47237686433044e-05,-2.13733578782183e-05,3.98988757011054e-05,-0.00499423272764066,-2.22995075365162e-05,-0.00141624551169084,7.71315590775146e-06,-5.43733583073802e-05,-1.16803532757004e-05,9.65572310374085e-06,-5.3812829601263e-05,-0.00158402610379049,-0.00144512562905064,-7.69652941379206e-07,2.20877740915171e-05,-0.00553563019635295,-0.00181340836340738,-4.86610737864268e-05,-0.00010228578748972,-2.04584590468571e-05,-0.00483678392450937,-0.00885203525206446,1.12725443015549e-05,-8.75710826822029e-05,2.20877740915171e-05,-6.25669802394313e-05,-1.17892195010683e-05,-9.26729003491999e-06,1.19996866807526e-05,3.76770393728521e-06,-2.04584590468571e-05,-1.86616060666722e-05,-0.0060508191720281,3.61136487585512e-05,-0.00458776113236947,2.01947853621931e-05,-0.00552904137419219,-0.00671788984426236,1.27179012840983e-05,-0.00127990533729516,-0.00459379686624484,-2.04584590468571e-05,-9.88400901658082e-06,1.61806301779421e-05,-0.00528433707792164,-2.13733578782183e-05,0.0752327695583714,-0.00013909542234547,-3.41069232359104e-05
"22:27175038:C:T",-0.00261621179897542,-0.00397994835490545,8.04917232848368e-05,-0.00124383961739394,-0.00111117601675215,-0.000204599424817875,-0.00107770941282936,-0.00107486995141848,-0.000830477746109448,-0.00261621179897542,-0.00439624577610109,-0.00255203125906789,-0.000833698221260448,-0.000346680106342756,-0.00218126852756928,-0.00262417449917951,-0.00610038072620167,-0.00261621179897542,-0.00209780155175565,-0.00139400373545584,-0.000578055392202792,-0.00955688374585328,-0.0129605885087041,-0.001379939268777,0.000311919571118757,-0.00816300118472801,-0.00308113887968897,-0.00773160069674983,-0.0134059483298543,-0.000208824689885478,-0.000755050896850573,-0.00552893530171517,-0.00337886113323282,-0.00459019550723649,-0.00206629631753508,-0.000866775176419754,-0.00376934333177337,-3.30984369965037e-05,-0.00221629665357614,-0.00977092420187375,-0.000120960670979109,-0.000809004246122402,-0.00540099863485288,-0.00365514539552247,-0.000709865507349861,-0.00382070388105671,-0.00124215184858523,-0.0011512896435546,-0.000639271044099665,-0.0122118570578036,-0.00128666876115302,-0.000856223366666242,-0.00637510193979463,-0.00525826785994399,-0.00627061394189266,-0.00424326720818913,0.000749537123107658,-0.00171003866719266,-0.00418529990551608,-0.00013909542234547,0.192226333876706,-0.00334315931385598
"22:27175775:A:G",-7.59696511885011e-05,-0.00410579697249691,2.79694569185196e-05,1.46134750584892e-05,-0.00220190789113772,-0.00136010547445942,-0.00304523530318246,0.000132488416923593,-0.000546666973245458,-7.59696511885011e-05,-0.000807037283481193,0.000104639679125995,-0.000610990964332814,-0.00151072031962585,-7.26028627973108e-05,0.000130528591590462,-5.48087793674767e-05,-7.59696511885011e-05,-0.00313790212956055,2.5365393867105e-05,-0.00168905222041005,-0.00177146053735822,-0.000118852237563694,-9.80911409920182e-05,-0.0133931804916489,-0.00166262668697836,-2.78734667258362e-06,7.19283852088637e-05,-0.00197462975127571,-0.00861634697253599,-0.00116967508012333,-0.00303979071681759,-6.92793474366127e-05,-0.000557372714860449,-3.41069232359104e-05,3.55110693703864e-05,-0.00170366472315564,7.19283852088637e-05,-0.00223603945871087,-0.00117231035657372,-3.10970718473413e-05,3.81602578434226e-05,-7.27496015171525e-05,-0.00467458917147656,-6.27588675286006e-05,-0.000717414851556963,-0.0054352836979632,-0.00124887803954277,-8.13597821860412e-05,-0.00364517950662258,-0.000828968254341866,-0.00188783976522711,2.59757373077818e-05,-0.00125630494966256,-6.92793474366127e-05,-3.59344197145006e-05,5.33576150623105e-05,2.17264197805989e-05,-7.26028627973108e-05,-3.41069232359104e-05,-0.00334315931385598,0.079734264156849
