"","15:42293008:G:A","15:42293113:A:C","15:42296780:C:A","15:42300105:G:A","15:42300302:C:T","15:42300475:A:G","15:42304558:C:G","15:42304628:T:C","15:42304698:C:G","15:42305382:C:T","15:42305539:G:A","15:42305777:G:C","15:42308666:G:T","15:42308723:C:T","15:42310911:G:A","15:42311580:G:C","15:42313649:A:G","15:42313663:G:C","15:42313965:T:C","15:42317250:C:T","15:42319110:G:A","15:42323745:A:T","15:42324158:G:A","15:42325235:T:C","15:42326093:A:T","15:42326850:C:T","15:42331036:T:C","15:42332274:T:C","15:42332367:A:C","15:42332368:T:C","15:42332482:A:T","15:42332623:T:G","15:42332784:A:G","15:42335309:C:T","15:42335357:G:A","15:42337503:A:G","15:42340234:G:A","15:42343332:G:A"
"15:42293008:G:A",0.0569211707749941,-0.00226729538219317,-0.000109564507130067,-3.51968355705168e-06,-2.12081204260528e-05,1.36433000186287e-05,-0.00425978269824512,-0.00963702657219256,-0.00130055167538945,-0.00197223264765345,1.37367077854833e-05,7.49691624157833e-06,5.77822885006185e-06,-0.000143031471814936,-0.0022860287096047,-0.00184042963489528,-2.98170888868299e-05,-0.00363833668740732,3.01213253823818e-05,1.08360625796777e-05,3.27979913850029e-05,-0.0020949095545717,2.60869546275799e-05,-1.63829677815031e-05,-0.00330546189937841,7.49691624157833e-06,5.6829405181702e-07,-0.00327083119416738,-0.00122742875199133,-0.0028266346861523,-0.0046703728103914,-0.00200243748044659,-0.00416773511960322,-0.00307212915999155,-0.00290729599014394,1.74309420097885e-05,4.02354756445789e-06,-2.0743467716855e-05
"15:42293113:A:C",-0.00226729538219317,0.0673514667624393,1.77640119076727e-05,3.7382381758988e-06,-0.00226919466596609,-2.01532529588988e-05,-0.0034969729979597,-0.00388819753618108,1.98774392980994e-05,-0.00443322522423273,-0.0063680119365781,-9.88400901658082e-06,-0.00446051314932383,2.4228564493356e-05,9.29167354697391e-05,-0.00243203854438256,2.64890146937091e-05,-0.00424030470323888,-6.05724829343401e-05,-1.52313404342408e-05,5.12599105384481e-06,0.000130736835159073,-0.00820292891890961,2.51162476239131e-06,-0.00291582022141768,-9.88400901658082e-06,-0.0039282403868155,-0.000621613372243424,-0.00374008125195235,-0.000118848582277842,-0.000496326235907674,-5.38633381719222e-06,0.00169719785774802,-0.00321899118767455,-0.00968921560465352,-0.00247761285059589,-5.38633381719222e-06,1.98774392980994e-05
"15:42296780:C:A",-0.000109564507130067,1.77640119076727e-05,0.0255986718288765,-9.43981455048259e-06,-5.19207836866542e-05,-0.00230617650343756,4.50955130810726e-05,-6.4687055926882e-05,-4.96688388649247e-05,-0.000985354875815858,3.84229063739028e-05,2.00964243592949e-05,-0.00247357184594144,0.000262158161588033,9.01840218241468e-05,5.13418547809508e-05,-0.00391302964053342,-0.00348282295797819,0.000100002455478254,2.92615520276485e-05,-1.2232381790156e-05,-0.000673591638659321,-0.000685869913376713,-0.000117121857996949,8.43104325847222e-05,2.00964243592949e-05,1.40191756514696e-06,-0.000665715233070241,-3.32732264283209e-05,-0.000358181655538026,-0.000791466229213,1.01057043462305e-05,-1.31135024501461e-05,-0.00410351869484504,-0.00330930806194596,-0.00211972085545487,1.01057043462305e-05,-4.96688388649247e-05
"15:42300105:G:A",-3.51968355705168e-06,3.7382381758988e-06,-9.43981455048259e-06,0.0581969404115603,-0.00175311992410077,-0.00214034199575774,-0.00203434963758387,-0.00150680219642574,-0.00133488687519545,-0.00202555339329802,7.36748835006296e-06,3.98706449278308e-06,-0.00224256560421399,-1.37486614519844e-05,-0.00127479676346987,9.71953940887005e-06,-1.52912552575657e-05,-0.00214902476920198,-0.00348636580233386,-0.00225138787955714,-2.44216150324661e-06,-0.00888641909757748,1.32838937760837e-05,-0.0123092611048987,1.47679929787259e-05,3.98706449278308e-06,3.03720501193538e-07,-3.59879392943796e-05,-7.03390061307374e-06,-0.00137990737149707,-0.00538437013011706,2.1563180432338e-06,-0.000398450269080364,-0.00150417299021299,-0.00610789827967873,9.42386529700912e-06,2.1563180432338e-06,-1.06944146915922e-05
"15:42300302:C:T",-2.12081204260528e-05,-0.00226919466596609,-5.19207836866542e-05,-0.00175311992410077,0.0517391141642594,-0.00189109896322215,-0.000275209972421919,-0.00741555112559933,-5.77692419785336e-05,-0.00305612811166878,4.2058098144615e-05,2.22837549825883e-05,2.50652453637201e-06,-7.4404035185438e-05,-0.00394307520935966,-0.000829722685706358,-8.13359907274602e-05,-0.000449119569992718,-0.00411804306686037,3.21858141250075e-05,-1.39624910531211e-05,-0.000207255641260673,-0.00937330375349443,-0.00424965958036339,-0.00146718524065381,2.22837549825883e-05,1.55944475199732e-06,-0.00164237980459081,-3.82976058350692e-05,-0.00280946708042684,-0.000920841876133061,-0.00219518622640802,-0.000305215088473254,-0.000246938010950437,-0.00211269624610022,5.38779686483082e-05,1.11898301931035e-05,-5.77692419785336e-05
"15:42300475:A:G",1.36433000186287e-05,-2.01532529588988e-05,-0.00230617650343756,-0.00214034199575774,-0.00189109896322215,0.121664650583597,-0.00173721302117169,-0.00392350542760944,4.22716327017625e-05,-0.0105131023471481,-3.90983688456359e-05,-1.99381290890699e-05,-1.65309026520788e-05,-0.00236931152501452,-0.00910082051533045,-0.00156034502332236,-0.00927618766251559,-0.00768846664278477,-0.00300784472776172,-3.0771265998375e-05,1.03520714063166e-05,-0.00751785645311998,-0.00269244167265725,-0.00388825069226151,-0.00128007107695804,-1.99381290890699e-05,-1.54369094929052e-06,-0.0134965369869549,2.91870707949116e-05,9.41675434038558e-05,-0.0144071811776745,-0.00238215490289662,-0.0101911012497435,-0.00170950291129834,-0.00235807482694828,-5.31697146533006e-05,-1.13051180381518e-05,-0.00620423732405939
"15:42304558:C:G",-0.00425978269824512,-0.0034969729979597,4.50955130810726e-05,-0.00203434963758387,-0.000275209972421919,-0.00173721302117169,0.0986741417861103,-0.00227076498600365,-0.000211223099123359,-0.00238006207318797,-0.00655904174667832,-2.56831440381688e-05,-0.00472729670503913,6.17738619901331e-05,-0.000331373008832347,-0.00203799949523198,6.79796446343417e-05,-0.00778151015435302,-0.00204164581744237,-4.03031655542563e-05,1.27924938073676e-05,-0.0011379117789807,-0.00136155161137586,-0.00197590113223889,-0.00234560991416721,-2.56831440381688e-05,-0.00408730917771383,-0.00947465593837693,-0.00348617352794811,-0.00275318003720315,-0.00826608965070941,-0.00188227749873349,-0.00341779321515112,-8.30451002320487e-05,-0.0142034261966977,-0.000101001425283798,-0.00256237515636037,-0.00148736707154562
"15:42304628:T:C",-0.00963702657219256,-0.00388819753618108,-6.4687055926882e-05,-0.00150680219642574,-0.00741555112559933,-0.00392350542760944,-0.00227076498600365,0.129553219955602,-0.000889626401647803,-0.00205740475374627,-0.000957007278529431,-7.77368107556242e-05,-0.000429018618175014,-0.00322380864078164,-0.00804384870468988,-0.000189515515056193,-0.00535558922902801,-0.00630084685113497,-0.00234020470115848,-0.00326028423031177,-0.00262903218810706,-0.00610849616338216,-0.00480054917335959,-0.00167606325214198,-0.00064154545673345,-7.77368107556242e-05,3.25690871338935e-06,-0.000963529160262322,-0.00438365778681415,-0.00634681525100378,-0.00809417969730308,-0.000359089095415044,-0.00093202823317684,-0.0054687222514751,-0.0104756174426526,-0.00341129109326532,-0.0107892756713825,-0.000567421502131182
"15:42304698:C:G",-0.00130055167538945,1.98774392980994e-05,-4.96688388649247e-05,-0.00133488687519545,-5.77692419785336e-05,4.22716327017625e-05,-0.000211223099123359,-0.000889626401647803,0.0326462939084449,-0.00283372841164642,4.37643684652045e-05,2.27354625454979e-05,1.63828592594228e-05,-7.00178076460389e-05,-0.00297218323485637,5.85991724681989e-05,-7.62964950533629e-05,-0.00133709694008921,0.000116593133806298,3.31055904077004e-05,-0.00128905439994309,-0.00810150822052425,-0.000101359311481808,-1.0937852723103e-05,9.76175355686948e-05,2.27354625454979e-05,1.56119832261936e-06,4.71782027435808e-05,-3.70833018958905e-05,-0.000555896483661833,-0.00188995950372473,1.12823500186821e-05,-0.000191600785468538,-0.0034227637493851,-0.00255951777167862,5.66751623942707e-05,-0.00306718636844838,-0.00087675670856413
"15:42305382:C:T",-0.00197223264765345,-0.00443322522423273,-0.000985354875815858,-0.00202555339329802,-0.00305612811166878,-0.0105131023471481,-0.00238006207318797,-0.00205740475374627,-0.00283372841164642,0.0772219544558355,-8.51107230364079e-05,-4.31837831476045e-05,-0.00472419007855329,-0.00105639775959254,-0.000191693976758334,-0.000143560025764877,-0.00306646589166615,-0.000944995843662255,-0.00621495497580593,-0.00418669139544292,-0.00196878381470977,-6.00651864677282e-05,-0.000179246405603628,-0.000216927447089788,-0.000211316859891397,-4.31837831476045e-05,-3.53929036212008e-06,-0.00436254775309664,6.05867844916119e-05,-0.00241623719813866,-0.00388108387481445,-0.00404687383586122,-0.000417032294922848,-0.00569009346520755,-0.00126085654557428,-0.00014640894014839,-1.76388848345255e-05,-0.00144666936862858
"15:42305539:G:A",1.37367077854833e-05,-0.0063680119365781,3.84229063739028e-05,7.36748835006296e-06,4.2058098144615e-05,-3.90983688456359e-05,-0.00655904174667832,-0.000957007278529431,4.37643684652045e-05,-8.51107230364079e-05,0.0425716972220886,-1.95546078778364e-05,-1.6227227409793e-05,5.42482353678153e-05,-0.00261601949877743,-5.27198815083452e-05,6.04522241385297e-05,-0.000134126479133023,-0.00010478380663681,-2.98881925138161e-05,1.04089365695614e-05,-0.00274897603257251,-0.00227436796921321,-0.000922452021955955,-8.74395362115976e-05,-1.95546078778364e-05,-0.00239913397667202,-0.00599524260997608,2.98559069520365e-05,0.000102956554443701,-0.00106340295060026,-1.11513899581084e-05,-0.00641499228553766,9.67382544292406e-05,-0.00265813098084067,-0.000612080994651265,-0.000926956167981885,4.37643684652045e-05
"15:42305777:G:C",7.49691624157833e-06,-9.88400901658082e-06,2.00964243592949e-05,3.98706449278308e-06,2.22837549825883e-05,-1.99381290890699e-05,-2.56831440381688e-05,-7.77368107556242e-05,2.27354625454979e-05,-4.31837831476045e-05,-1.95546078778364e-05,0.0123123910236016,-0.00140762544998818,2.82781034428581e-05,-0.00135626617193907,-2.7106487419104e-05,3.13258785569204e-05,-0.00138727796689064,-5.4373358306492e-05,-1.52982814949354e-05,5.50463292636749e-06,-0.00134464257256717,-8.28676177304644e-05,2.63376636766566e-06,-4.52702694886398e-05,0.000601974998783561,-7.69652941379206e-07,-0.00172422182746867,1.5504685250356e-05,5.33407295648658e-05,-0.00127738444501801,-5.58744881473672e-06,-0.00147459241045667,5.03504826285806e-05,-0.00168818530184822,-0.001107602191178,-5.58744881473672e-06,2.27354625454979e-05
"15:42308666:G:T",5.77822885006185e-06,-0.00446051314932383,-0.00247357184594144,-0.00224256560421399,2.50652453637201e-06,-1.65309026520788e-05,-0.00472729670503913,-0.000429018618175014,1.63828592594228e-05,-0.00472419007855329,-1.6227227409793e-05,-0.00140762544998818,0.0509373547128984,-0.00254595632864163,-0.000281113082695406,-2.29947718866086e-05,2.18263555318288e-05,-0.00400381382485104,-4.98156955277551e-05,-0.00246114240006623,4.23658808923477e-06,-0.000181884142578248,-2.56826128053333e-05,-0.00199416280435116,-4.0471557086974e-05,-0.00140762544998818,-5.96959264242969e-07,-0.00145758619650715,1.14699828470677e-05,3.38939418762507e-05,-0.0084192859138783,-4.40671598234132e-06,-0.00438010098075292,-0.0016358840340791,-0.00148002255352031,-0.000155339731406023,-4.40671598234132e-06,1.63828592594228e-05
"15:42308723:C:T",-0.000143031471814936,2.4228564493356e-05,0.000262158161588033,-1.37486614519844e-05,-7.4404035185438e-05,-0.00236931152501452,6.17738619901331e-05,-0.00322380864078164,-7.00178076460389e-05,-0.00105639775959254,5.42482353678153e-05,2.82781034428581e-05,-0.00254595632864163,0.0331008949782388,-6.93830169402609e-05,7.21215572143663e-05,-0.00401882897776318,-0.00519839929632493,0.000142221898281392,4.08591248772794e-05,-1.75279577963039e-05,-0.000718115242448025,-0.00119302921839193,6.63018543693994e-05,0.00011949995778604,2.82781034428581e-05,1.90738877492436e-06,-0.000486581684162157,-0.00238770254683462,-0.000432872666196182,-0.00205135713009374,1.37672536517641e-05,-5.01267328258947e-05,-0.00433340872822097,-0.00343854300756519,-6.773605383259e-05,1.37672536517641e-05,-7.00178076460389e-05
"15:42310911:G:A",-0.0022860287096047,9.29167354697391e-05,9.01840218241468e-05,-0.00127479676346987,-0.00394307520935966,-0.00910082051533045,-0.000331373008832347,-0.00804384870468988,-0.00297218323485637,-0.000191693976758334,-0.00261601949877743,-0.00135626617193907,-0.000281113082695406,-6.93830169402609e-05,0.11890348404484,-0.000192611895141859,-0.00793697499469026,-0.00153117837851191,-0.000873383917439519,-0.000543118796304753,-0.00419663688721084,0.000200999549253567,-0.00663068119355525,-0.0039381448332505,-0.000288850299544841,-0.00135626617193907,-0.00409517478122901,-0.0139043846960174,-0.00416136660941291,-0.00295471449709872,-0.00851374777369385,-0.00408663074679794,-0.00269123184114051,-0.0060847037250702,-0.00559654969801393,-0.00174802638416249,-0.00530913410040057,-0.000187470237507092
"15:42311580:G:C",-0.00184042963489528,-0.00243203854438256,5.13418547809508e-05,9.71953940887005e-06,-0.000829722685706358,-0.00156034502332236,-0.00203799949523198,-0.000189515515056193,5.85991724681989e-05,-0.000143560025764877,-5.27198815083452e-05,-2.7106487419104e-05,-2.29947718866086e-05,7.21215572143663e-05,-0.000192611895141859,0.0400071980977623,8.04281474735546e-05,-0.00761851292836369,-0.000838090452079499,-0.00151969354147052,1.39682974209521e-05,-0.00284688155421886,-0.00132111989365136,-0.00169357288450733,-0.00116363683208665,-2.7106487419104e-05,-2.16094949045953e-06,9.15489420658666e-05,4.0249399167358e-05,-0.00229068454423587,-0.000616691455442187,-0.00170318273108805,-0.000133385740958225,0.00012617376512658,-0.00087011150070504,-0.00302356871617082,-0.00561250377315403,5.85991724681989e-05
"15:42313649:A:G",-2.98170888868299e-05,2.64890146937091e-05,-0.00391302964053342,-1.52912552575657e-05,-8.13359907274602e-05,-0.00927618766251559,6.79796446343417e-05,-0.00535558922902801,-7.62964950533629e-05,-0.00306646589166615,6.04522241385297e-05,3.13258785569204e-05,2.18263555318288e-05,-0.00401882897776318,-0.00793697499469026,8.04281474735546e-05,0.0668903323042223,-0.0043673396285504,-0.00218150671246065,4.5213551974399e-05,-1.93782380772944e-05,-0.0037817429416398,-0.0041625247624939,-0.00163544332169874,0.000134972051585969,3.13258785569204e-05,2.07764557913492e-06,-0.0055380855477063,-5.13429855102387e-05,-0.000879388116103996,-0.00294531420465649,1.50253881407991e-05,-0.00609816180338729,-0.000178609541815256,-0.00115227429104614,7.78347306598093e-05,1.50253881407991e-05,-0.000739378882620656
"15:42313663:G:C",-0.00363833668740732,-0.00424030470323888,-0.00348282295797819,-0.00214902476920198,-0.000449119569992718,-0.00768846664278477,-0.00778151015435302,-0.00630084685113497,-0.00133709694008921,-0.000944995843662255,-0.000134126479133023,-0.00138727796689064,-0.00400381382485104,-0.00519839929632493,-0.00153117837851191,-0.00761851292836369,-0.0043673396285504,0.157303714012685,-0.00408442451092927,-0.00134618206644443,-0.00375966368862546,-0.00179952784156345,-0.000875677040968359,-0.000294317783413156,-0.0063463062197977,-0.00138727796689064,-5.92306531732589e-06,-0.0161386013493585,-0.00314341095300463,-0.00145846078236289,-0.0203649281951086,-0.00150185113620793,-0.00834064275535473,-0.000768677625498704,-0.01243664378209,-0.00647248833257041,-0.00156946925797907,-0.00295606603673093
"15:42313965:T:C",3.01213253823818e-05,-6.05724829343401e-05,0.000100002455478254,-0.00348636580233386,-0.00411804306686037,-0.00300784472776172,-0.00204164581744237,-0.00234020470115848,0.000116593133806298,-0.00621495497580593,-0.00010478380663681,-5.4373358306492e-05,-4.98156955277551e-05,0.000142221898281392,-0.000873383917439519,-0.000838090452079499,-0.00218150671246065,-0.00408442451092927,0.0572726374721646,-8.60209365960429e-05,2.61993464496513e-05,-0.00210138200710031,-0.0013452081058043,-0.00224607147551126,-0.000615180326412279,-5.4373358306492e-05,-4.70413127207081e-06,-0.00441010621644367,8.00126738038642e-05,0.000271461479542268,-0.00516219684929187,-0.00376034941483727,-0.00379412427681114,-0.000318416506558172,-0.00254183436297994,-0.000144545518717898,-3.41987666860888e-05,-0.00196452750390286
"15:42317250:C:T",1.08360625796777e-05,-1.52313404342408e-05,2.92615520276485e-05,-0.00225138787955714,3.21858141250075e-05,-3.0771265998375e-05,-4.03031655542563e-05,-0.00326028423031177,3.31055904077004e-05,-0.00418669139544292,-2.98881925138161e-05,-1.52982814949354e-05,-0.00246114240006623,4.08591248772794e-05,-0.000543118796304753,-0.00151969354147052,4.5213551974399e-05,-0.00134618206644443,-8.60209365960429e-05,0.0301292358887006,8.09776159194087e-06,-0.000470138613533955,-0.000138235322806324,-0.0023275384879673,-7.10780947805745e-05,-1.52982814949354e-05,-1.17335314442357e-06,-2.65956459699623e-05,2.27651824475927e-05,7.5001185581236e-05,-0.00197627585222371,-0.00181985765874426,-0.00393488622943572,-0.00225805471979346,-0.000129360328632089,-0.0014965942399261,-8.56698407858403e-06,3.31055904077004e-05
"15:42319110:G:A",3.27979913850029e-05,5.12599105384481e-06,-1.2232381790156e-05,-2.44216150324661e-06,-1.39624910531211e-05,1.03520714063166e-05,1.27924938073676e-05,-0.00262903218810706,-0.00128905439994309,-0.00196878381470977,1.04089365695614e-05,5.50463292636749e-06,4.23658808923477e-06,-1.75279577963039e-05,-0.00419663688721084,1.39682974209521e-05,-1.93782380772944e-05,-0.00375966368862546,2.61993464496513e-05,8.09776159194087e-06,0.0317175604330666,-0.00350398657809148,2.25690514454868e-06,-2.05976567002608e-06,2.23442760880488e-05,5.50463292636749e-06,4.084350075928e-07,-0.00407204832252273,-9.19467847904087e-06,-3.51672000569181e-05,-0.0021587787621522,2.92938334567339e-06,-0.00558755987050485,-0.00146155800030368,-0.00114408271612554,1.35120340702954e-05,2.92938334567339e-06,-1.37794909722544e-05
"15:42323745:A:T",-0.0020949095545717,0.000130736835159073,-0.000673591638659321,-0.00888641909757748,-0.000207255641260673,-0.00751785645311998,-0.0011379117789807,-0.00610849616338216,-0.00810150822052425,-6.00651864677282e-05,-0.00274897603257251,-0.00134464257256717,-0.000181884142578248,-0.000718115242448025,0.000200999549253567,-0.00284688155421886,-0.0037817429416398,-0.00179952784156345,-0.00210138200710031,-0.000470138613533955,-0.00350398657809148,0.124411125507323,-0.00741963203441998,-0.00444503371846938,-0.000269299413157675,-0.00134464257256717,-0.00418094924041768,-0.0157423683505051,-0.000253340045045292,-0.00296252405565678,-0.00533994128952742,-0.00491905369995749,-0.00206183672430527,-0.00559159131436848,-0.00522829525023827,-0.001458583911643,-0.00732351422765998,-0.00191696478293935
"15:42324158:G:A",2.60869546275799e-05,-0.00820292891890961,-0.000685869913376713,1.32838937760837e-05,-0.00937330375349443,-0.00269244167265725,-0.00136155161137586,-0.00480054917335959,-0.000101359311481808,-0.000179246405603628,-0.00227436796921321,-8.28676177304644e-05,-2.56826128053333e-05,-0.00119302921839193,-0.00663068119355525,-0.00132111989365136,-0.0041625247624939,-0.000875677040968359,-0.0013452081058043,-0.000138235322806324,2.25690514454868e-06,-0.00741963203441998,0.100153020686997,-0.00217667055851045,-0.00284763546665445,-8.28676177304644e-05,-0.00379104977505929,-0.00126490110394695,-0.00340920248392163,-0.000725664463200104,-0.00971646449307118,-4.17745622964816e-05,-0.010149175573384,-0.00651301673679416,-0.000781353701682086,-6.83197140975977e-05,-0.00441025139254503,-0.00135002426555175
"15:42325235:T:C",-1.63829677815031e-05,2.51162476239131e-06,-0.000117121857996949,-0.0123092611048987,-0.00424965958036339,-0.00388825069226151,-0.00197590113223889,-0.00167606325214198,-1.0937852723103e-05,-0.000216927447089788,-0.000922452021955955,2.63376636766566e-06,-0.00199416280435116,6.63018543693994e-05,-0.0039381448332505,-0.00169357288450733,-0.00163544332169874,-0.000294317783413156,-0.00224607147551126,-0.0023275384879673,-2.05976567002608e-06,-0.00444503371846938,-0.00217667055851045,0.0753924819861718,-0.00137559776668006,2.63376636766566e-06,-0.00386038005117317,-0.0123222448758566,-6.67883322424956e-06,-0.000119484837823869,-0.000747115830088241,1.55592277018002e-06,-0.00108857345411106,-0.00440004376340131,-0.0036567347206975,-0.00167202613309669,4.65695420626133e-06,-8.79220660614521e-05
"15:42326093:A:T",-0.00330546189937841,-0.00291582022141768,8.43104325847222e-05,1.47679929787259e-05,-0.00146718524065381,-0.00128007107695804,-0.00234560991416721,-0.00064154545673345,9.76175355686948e-05,-0.000211316859891397,-8.74395362115976e-05,-4.52702694886398e-05,-4.0471557086974e-05,0.00011949995778604,-0.000288850299544841,-0.00116363683208665,0.000134972051585969,-0.0063463062197977,-0.000615180326412279,-7.10780947805745e-05,2.23442760880488e-05,-0.000269299413157675,-0.00284763546665445,-0.00137559776668006,0.035549703910903,-4.52702694886398e-05,-3.81791372561224e-06,-0.000164084505153816,6.6964694608096e-05,-0.00426941924417878,-0.000381311896354042,-0.0013966298938346,-0.000338872405862389,0.000210970995736304,-0.000291275905449417,-0.0011330495079056,-0.00305726139035389,9.76175355686948e-05
"15:42326850:C:T",7.49691624157833e-06,-9.88400901658082e-06,2.00964243592949e-05,3.98706449278308e-06,2.22837549825883e-05,-1.99381290890699e-05,-2.56831440381688e-05,-7.77368107556242e-05,2.27354625454979e-05,-4.31837831476045e-05,-1.95546078778364e-05,0.000601974998783561,-0.00140762544998818,2.82781034428581e-05,-0.00135626617193907,-2.7106487419104e-05,3.13258785569204e-05,-0.00138727796689064,-5.4373358306492e-05,-1.52982814949354e-05,5.50463292636749e-06,-0.00134464257256717,-8.28676177304644e-05,2.63376636766566e-06,-4.52702694886398e-05,0.0123123910236016,-7.69652941379206e-07,-0.00172422182746867,1.5504685250356e-05,5.33407295648658e-05,-0.00127738444501801,-5.58744881473672e-06,-0.00147459241045667,5.03504826285806e-05,-0.00168818530184822,-0.001107602191178,-5.58744881473672e-06,2.27354625454979e-05
"15:42331036:T:C",5.6829405181702e-07,-0.0039282403868155,1.40191756514696e-06,3.03720501193538e-07,1.55944475199732e-06,-1.54369094929052e-06,-0.00408730917771383,3.25690871338935e-06,1.56119832261936e-06,-3.53929036212008e-06,-0.00239913397667202,-7.69652941379206e-07,-5.96959264242969e-07,1.90738877492436e-06,-0.00409517478122901,-2.16094949045953e-06,2.07764557913492e-06,-5.92306531732589e-06,-4.70413127207081e-06,-1.17335314442357e-06,4.084350075928e-07,-0.00418094924041768,-0.00379104977505929,-0.00386038005117317,-3.81791372561224e-06,-7.69652941379206e-07,0.0453823270133515,-0.00364403286649395,1.09253053892644e-06,3.22676028474689e-06,-0.00339727872876594,-4.06885465764617e-07,-0.00391946824997014,3.09723225822012e-06,-0.00422479744728665,-2.07808413676958e-06,-0.00384905137741587,1.56119832261936e-06
"15:42332274:T:C",-0.00327083119416738,-0.000621613372243424,-0.000665715233070241,-3.59879392943796e-05,-0.00164237980459081,-0.0134965369869549,-0.00947465593837693,-0.000963529160262322,4.71782027435808e-05,-0.00436254775309664,-0.00599524260997608,-0.00172422182746867,-0.00145758619650715,-0.000486581684162157,-0.0139043846960174,9.15489420658666e-05,-0.0055380855477063,-0.0161386013493585,-0.00441010621644367,-2.65956459699623e-05,-0.00407204832252273,-0.0157423683505051,-0.00126490110394695,-0.0123222448758566,-0.000164084505153816,-0.00172422182746867,-0.00364403286649395,0.148731047276585,-0.00134264330247191,0.000167876068908335,-0.00415724517041349,-0.00213163789139514,-0.000878237023138162,-0.000541587976106594,-0.00505143675442632,-0.00099207657130318,-0.00715868886616633,-0.00363499192726646
"15:42332367:A:C",-0.00122742875199133,-0.00374008125195235,-3.32732264283209e-05,-7.03390061307374e-06,-3.82976058350692e-05,2.91870707949116e-05,-0.00348617352794811,-0.00438365778681415,-3.70833018958905e-05,6.05867844916119e-05,2.98559069520365e-05,1.5504685250356e-05,1.14699828470677e-05,-0.00238770254683462,-0.00416136660941291,4.0249399167358e-05,-5.13429855102387e-05,-0.00314341095300463,8.00126738038642e-05,2.27651824475927e-05,-9.19467847904087e-06,-0.000253340045045292,-0.00340920248392163,-6.67883322424956e-06,6.6964694608096e-05,1.5504685250356e-05,1.09253053892644e-06,-0.00134264330247191,0.0331626760421679,-9.01504577388579e-05,-7.35634950546071e-05,7.89776159049183e-06,-0.000458170086283793,-0.000682518161208456,-0.00270959120990533,-0.00178267665803133,7.89776159049183e-06,-3.70833018958905e-05
"15:42332368:T:C",-0.0028266346861523,-0.000118848582277842,-0.000358181655538026,-0.00137990737149707,-0.00280946708042684,9.41675434038558e-05,-0.00275318003720315,-0.00634681525100378,-0.000555896483661833,-0.00241623719813866,0.000102956554443701,5.33407295648658e-05,3.38939418762507e-05,-0.000432872666196182,-0.00295471449709872,-0.00229068454423587,-0.000879388116103996,-0.00145846078236289,0.000271461479542268,7.5001185581236e-05,-3.51672000569181e-05,-0.00296252405565678,-0.000725664463200104,-0.000119484837823869,-0.00426941924417878,5.33407295648658e-05,3.22676028474689e-06,0.000167876068908335,-9.01504577388579e-05,0.0507476050767233,-0.00357640419394256,-0.00155103818553748,-0.00130211521359147,-0.000167898013060608,-0.00648271125401223,0.000130139267108476,-0.00273435968655722,-0.000134783579747833
"15:42332482:A:T",-0.0046703728103914,-0.000496326235907674,-0.000791466229213,-0.00538437013011706,-0.000920841876133061,-0.0144071811776745,-0.00826608965070941,-0.00809417969730308,-0.00188995950372473,-0.00388108387481445,-0.00106340295060026,-0.00127738444501801,-0.0084192859138783,-0.00205135713009374,-0.00851374777369385,-0.000616691455442187,-0.00294531420465649,-0.0203649281951086,-0.00516219684929187,-0.00197627585222371,-0.0021587787621522,-0.00533994128952742,-0.00971646449307118,-0.000747115830088241,-0.000381311896354042,-0.00127738444501801,-0.00339727872876594,-0.00415724517041349,-7.35634950546071e-05,-0.00357640419394256,0.166631253211829,-0.00452976992069765,-0.000164555094511964,-0.00807634452977224,-0.0151768594660471,-0.00210216433958044,-0.00342871168869774,-0.00113490391213933
"15:42332623:T:G",-0.00200243748044659,-5.38633381719222e-06,1.01057043462305e-05,2.1563180432338e-06,-0.00219518622640802,-0.00238215490289662,-0.00188227749873349,-0.000359089095415044,1.12823500186821e-05,-0.00404687383586122,-1.11513899581084e-05,-5.58744881473672e-06,-4.40671598234132e-06,1.37672536517641e-05,-0.00408663074679794,-0.00170318273108805,1.50253881407991e-05,-0.00150185113620793,-0.00376034941483727,-0.00181985765874426,2.92938334567339e-06,-0.00491905369995749,-4.17745622964816e-05,1.55592277018002e-06,-0.0013966298938346,-5.58744881473672e-06,-4.06885465764617e-07,-0.00213163789139514,7.89776159049183e-06,-0.00155103818553748,-0.00452976992069765,0.0459670313345564,-2.22610553812785e-05,-0.00167835514911285,-0.00196128138723317,-1.51472700515853e-05,-0.00202366780069507,1.12823500186821e-05
"15:42332784:A:G",-0.00416773511960322,0.00169719785774802,-1.31135024501461e-05,-0.000398450269080364,-0.000305215088473254,-0.0101911012497435,-0.00341779321515112,-0.00093202823317684,-0.000191600785468538,-0.000417032294922848,-0.00641499228553766,-0.00147459241045667,-0.00438010098075292,-5.01267328258947e-05,-0.00269123184114051,-0.000133385740958225,-0.00609816180338729,-0.00834064275535473,-0.00379412427681114,-0.00393488622943572,-0.00558755987050485,-0.00206183672430527,-0.010149175573384,-0.00108857345411106,-0.000338872405862389,-0.00147459241045667,-0.00391946824997014,-0.000878237023138162,-0.000458170086283793,-0.00130211521359147,-0.000164555094511964,-2.22610553812785e-05,0.091947184323101,-0.000209491904005432,-0.00504603178218321,-0.000180878298817078,-0.00212166552230464,-0.00129458269730698
"15:42335309:C:T",-0.00307212915999155,-0.00321899118767455,-0.00410351869484504,-0.00150417299021299,-0.000246938010950437,-0.00170950291129834,-8.30451002320487e-05,-0.0054687222514751,-0.0034227637493851,-0.00569009346520755,9.67382544292406e-05,5.03504826285806e-05,-0.0016358840340791,-0.00433340872822097,-0.0060847037250702,0.00012617376512658,-0.000178609541815256,-0.000768677625498704,-0.000318416506558172,-0.00225805471979346,-0.00146155800030368,-0.00559159131436848,-0.00651301673679416,-0.00440004376340131,0.000210970995736304,5.03504826285806e-05,3.09723225822012e-06,-0.000541587976106594,-0.000682518161208456,-0.000167898013060608,-0.00807634452977224,-0.00167835514911285,-0.000209491904005432,0.0855583285424872,-0.0021720314733944,-0.00426048616622676,-0.00251651648903284,-0.00372693767619836
"15:42335357:G:A",-0.00290729599014394,-0.00968921560465352,-0.00330930806194596,-0.00610789827967873,-0.00211269624610022,-0.00235807482694828,-0.0142034261966977,-0.0104756174426526,-0.00255951777167862,-0.00126085654557428,-0.00265813098084067,-0.00168818530184822,-0.00148002255352031,-0.00343854300756519,-0.00559654969801393,-0.00087011150070504,-0.00115227429104614,-0.01243664378209,-0.00254183436297994,-0.000129360328632089,-0.00114408271612554,-0.00522829525023827,-0.000781353701682086,-0.0036567347206975,-0.000291275905449417,-0.00168818530184822,-0.00422479744728665,-0.00505143675442632,-0.00270959120990533,-0.00648271125401223,-0.0151768594660471,-0.00196128138723317,-0.00504603178218321,-0.0021720314733944,0.156573634265433,-0.00812822722947493,-0.00559783690547366,-0.000257338986640043
"15:42337503:A:G",1.74309420097885e-05,-0.00247761285059589,-0.00211972085545487,9.42386529700912e-06,5.38779686483082e-05,-5.31697146533006e-05,-0.000101001425283798,-0.00341129109326532,5.66751623942707e-05,-0.00014640894014839,-0.000612080994651265,-0.001107602191178,-0.000155339731406023,-6.773605383259e-05,-0.00174802638416249,-0.00302356871617082,7.78347306598093e-05,-0.00647248833257041,-0.000144545518717898,-0.0014965942399261,1.35120340702954e-05,-0.001458583911643,-6.83197140975977e-05,-0.00167202613309669,-0.0011330495079056,-0.001107602191178,-2.07808413676958e-06,-0.00099207657130318,-0.00178267665803133,0.000130139267108476,-0.00210216433958044,-1.51472700515853e-05,-0.000180878298817078,-0.00426048616622676,-0.00812822722947493,0.048254171540052,-0.00262923755507405,5.66751623942707e-05
"15:42340234:G:A",4.02354756445789e-06,-5.38633381719222e-06,1.01057043462305e-05,2.1563180432338e-06,1.11898301931035e-05,-1.13051180381518e-05,-0.00256237515636037,-0.0107892756713825,-0.00306718636844838,-1.76388848345255e-05,-0.000926956167981885,-5.58744881473672e-06,-4.40671598234132e-06,1.37672536517641e-05,-0.00530913410040057,-0.00561250377315403,1.50253881407991e-05,-0.00156946925797907,-3.41987666860888e-05,-8.56698407858403e-06,2.92938334567339e-06,-0.00732351422765998,-0.00441025139254503,4.65695420626133e-06,-0.00305726139035389,-5.58744881473672e-06,-0.00384905137741587,-0.00715868886616633,7.89776159049183e-06,-0.00273435968655722,-0.00342871168869774,-0.00202366780069507,-0.00212166552230464,-0.00251651648903284,-0.00559783690547366,-0.00262923755507405,0.0766973066076488,1.12823500186821e-05
"15:42343332:G:A",-2.0743467716855e-05,1.98774392980994e-05,-4.96688388649247e-05,-1.06944146915922e-05,-5.77692419785336e-05,-0.00620423732405939,-0.00148736707154562,-0.000567421502131182,-0.00087675670856413,-0.00144666936862858,4.37643684652045e-05,2.27354625454979e-05,1.63828592594228e-05,-7.00178076460389e-05,-0.000187470237507092,5.85991724681989e-05,-0.000739378882620656,-0.00295606603673093,-0.00196452750390286,3.31055904077004e-05,-1.37794909722544e-05,-0.00191696478293935,-0.00135002426555175,-8.79220660614521e-05,9.76175355686948e-05,2.27354625454979e-05,1.56119832261936e-06,-0.00363499192726646,-3.70833018958905e-05,-0.000134783579747833,-0.00113490391213933,1.12823500186821e-05,-0.00129458269730698,-0.00372693767619836,-0.000257338986640043,5.66751623942707e-05,1.12823500186821e-05,0.0298324821419955
