"","17:64396695:A:G","17:64397190:T:C","17:64397655:T:C","17:64400948:A:T","17:64401016:C:T","17:64401685:C:A","17:64403338:C:T","17:64403508:G:A","17:64405499:G:A","17:64406673:A:G","17:64411414:T:C","17:64411605:C:T","17:64411964:G:A","17:64412908:G:T"
"17:64396695:A:G",0.0105543682716087,-9.29567105503182e-05,0.000137674303116953,-0.000105964250860069,-0.000296164301787805,9.78581623822805e-06,0.000159880295019121,-0.00166740480308025,0.000224751410234703,-0.00185047634733415,-0.00636103563445367,-0.000307607895698503,0.000131936511826858,-0.000536786664279809
"17:64397190:T:C",-9.29567105503182e-05,0.00695543303037205,8.21200237233199e-06,-5.46561927272649e-06,-3.51352627285806e-05,9.23086590276512e-07,2.62831863873103e-05,-0.00179165976809159,1.19025076772417e-05,7.22210661852074e-06,-0.00153901598903872,-0.00352506758659388,7.71484301065328e-06,-2.83898267525728e-05
"17:64397655:T:C",0.000137674303116953,8.21200237233199e-06,0.00117123518638795,-0.000544531082066868,6.3513370890611e-05,-2.08204868901163e-06,-6.37755325234579e-05,-0.000138058988796708,-2.63602453181022e-05,-1.58317910168293e-05,-0.000654264561405604,2.87357713295577e-05,-1.70102532965899e-05,5.25438690157642e-05
"17:64400948:A:T",-0.000105964250860069,-5.46561927272649e-06,-0.000544531082066868,0.000730161073074775,-4.36996041122129e-05,1.22150336778759e-06,3.71939572971769e-05,-3.95310725203046e-05,1.62784162611729e-05,9.75585167406479e-06,-1.08684180695207e-05,-1.92387352653256e-05,1.04289585758366e-05,-3.5740978083787e-05
"17:64401016:C:T",-0.000296164301787805,-3.51352627285806e-05,6.3513370890611e-05,-4.36996041122129e-05,-0.000142874995905373,6.13796957082968e-06,0.000211555085678938,-0.00122779675947715,9.68042185069962e-05,5.66237208863285e-05,-0.000243635796319808,-0.000120299352296627,6.00491507558587e-05,0.00161492255633799
"17:64401685:C:A",9.78581623822805e-06,9.23086590276512e-07,-2.08204868901163e-06,1.22150336778759e-06,6.13796957082968e-06,0.0159259100756506,-7.81156094209479e-06,-0.00758117392692981,-3.0918953148884e-06,-1.81071460403359e-06,-0.00835436557040037,3.06056601839799e-06,-1.94521041141371e-06,5.24190985551343e-06
"17:64403338:C:T",0.000159880295019121,2.62831863873103e-05,-6.37755325234579e-05,3.71939572971769e-05,0.000211555085678938,-7.81156094209479e-06,0.00137350574156958,-0.00164813554896703,-8.98103327156008e-05,0.000246906239555145,-0.000455464887532564,9.42051583647796e-05,-5.92869213811298e-05,0.000174755120189829
"17:64403508:G:A",-0.00166740480308025,-0.00179165976809159,-0.000138058988796708,-3.95310725203046e-05,-0.00122779675947715,-0.00758117392692981,-0.00164813554896703,0.0308309638163919,-0.00233963532076675,-0.00384578332398533,-0.00795518609685342,-0.000403894802872173,-0.000268132947633504,-0.00192457045641792
"17:64405499:G:A",0.000224751410234703,1.19025076772417e-05,-2.63602453181022e-05,1.62784162611729e-05,9.68042185069962e-05,-3.0918953148884e-06,-8.98103327156008e-05,-0.00233963532076675,0.00201672124646723,-2.29167140259889e-05,1.8204061706939e-05,4.24531527150052e-05,-2.46281179734353e-05,7.93276125454767e-05
"17:64406673:A:G",-0.00185047634733415,7.22210661852074e-06,-1.58317910168293e-05,9.75585167406479e-06,5.66237208863285e-05,-1.81071460403359e-06,0.000246906239555145,-0.00384578332398533,-2.29167140259889e-05,0.00534707661702871,1.19689326973926e-05,2.53775089626984e-05,-1.48014111820416e-05,4.66893247255129e-05
"17:64411414:T:C",-0.00636103563445367,-0.00153901598903872,-0.000654264561405604,-1.08684180695207e-05,-0.000243635796319808,-0.00835436557040037,-0.000455464887532564,-0.00795518609685342,1.8204061706939e-05,1.19689326973926e-05,0.0273520407728691,-0.0012397835807727,1.26784334266716e-05,-0.000581271665853755
"17:64411605:C:T",-0.000307607895698503,-0.00352506758659388,2.87357713295577e-05,-1.92387352653256e-05,-0.000120299352296627,3.06056601839799e-06,9.42051583647796e-05,-0.000403894802872173,4.24531527150052e-05,2.53775089626984e-05,-0.0012397835807727,0.00549294064000083,2.70479430177772e-05,-9.792878690984e-05
"17:64411964:G:A",0.000131936511826858,7.71484301065328e-06,-1.70102532965899e-05,1.04289585758366e-05,6.00491507558587e-05,-1.94521041141371e-06,-5.92869213811298e-05,-0.000268132947633504,-2.46281179734353e-05,-1.48014111820416e-05,1.26784334266716e-05,2.70479430177772e-05,8.63487402655849e-05,4.96002809988738e-05
"17:64412908:G:T",-0.000536786664279809,-2.83898267525728e-05,5.25438690157642e-05,-3.5740978083787e-05,0.00161492255633799,5.24190985551343e-06,0.000174755120189829,-0.00192457045641792,7.93276125454767e-05,4.66893247255129e-05,-0.000581271665853755,-9.792878690984e-05,4.96002809988738e-05,0.00118160770462872
