"","12:123775547:G:A","12:123782039:G:A","12:123782849:T:G","12:123785188:G:C","12:123785660:T:C","12:123790514:C:T","12:123794022:T:C","12:123794581:A:C","12:123794759:C:G","12:123801305:A:G","12:123801357:C:T","12:123801856:T:C","12:123803173:G:A","12:123803889:C:T","12:123804752:C:T","12:123806389:T:C","12:123806445:A:G","12:123811371:G:A","12:123814391:C:A","12:123817477:C:A","12:123819257:A:T","12:123819553:T:C","12:123820397:T:C","12:123821277:G:A","12:123824887:G:A","12:123832363:T:C","12:123832443:G:A","12:123832496:G:A","12:123835233:G:A","12:123835424:G:A","12:123836087:G:C","12:123836339:G:A","12:123837415:G:A","12:123840588:T:C","12:123840590:C:T","12:123840994:T:G","12:123843017:C:T","12:123843755:C:A","12:123846045:A:C","12:123846812:T:C","12:123847026:G:A","12:123848987:G:T","12:123849212:G:A"
"12:123775547:G:A",0.0353252663097079,-0.00262685275297958,-2.13733578782183e-05,3.08722657784699e-05,-4.33595575852763e-05,9.62629451795038e-06,1.7691803494202e-05,-0.000613137548996612,4.15619004376921e-05,-0.002501397645986,-6.59816364070309e-05,3.08722657784699e-05,4.53995832394583e-06,8.07373336959571e-05,2.80097211113883e-06,-0.00476920446373796,-0.00275997919929249,-0.00331127422103705,1.7691803494202e-05,-0.000140350363434294,3.08722657784699e-05,5.99582824261091e-05,-0.000613137548996612,9.62629451795038e-06,-0.00331127422103705,-0.00166879097007833,-0.000131827669147988,5.01475600342971e-05,-0.00280034975179255,-0.000151849991945063,-0.00275997919929249,-5.11721772245011e-06,9.62629451795038e-06,1.7691803494202e-05,6.65760424416462e-05,-0.00331127422103705,3.08722657784699e-05,-1.9740601854501e-05,-0.000109044322035956,-0.000613137548996612,-0.00171076241294266,-0.000109044322036844,-0.00166879097007833
"12:123782039:G:A",-0.00262685275297958,0.0557156641391185,-0.00160480742255054,-0.000824196804506627,-0.00107379534161556,-0.00667499552643935,-3.26199364240054e-05,-0.00139566976123717,-0.00274340130123196,-0.000774372279492841,4.37683040983572e-05,-0.000824196804506627,-0.00244234034698554,-0.000754477748989402,-0.000452776368306651,-0.00123503703161987,-0.00026023169579048,-0.000165161270662573,-3.26199364240054e-05,-0.000210465753552658,-0.000824196804506627,-0.00137007615531104,-0.00139566976123717,-0.00667499552643935,-0.000165161270662573,-0.00067462385400141,-0.00268027825063122,0.000784308055307825,0.0020422852919042,0.000856578047936374,-0.00026023169579048,-0.0121554785815645,-0.00142422014044019,-3.26199364240054e-05,-0.00119268733148026,-0.000165161270662573,-0.000824196804506627,-0.00255512506195466,-0.000558382200498642,-0.00139566976123717,-0.000168821805065278,-0.000122365688634662,-0.00067462385400141
"12:123782849:T:G",-2.13733578782183e-05,-0.00160480742255054,0.0117482411644749,1.48205897207987e-05,-2.04584590468571e-05,4.75048086023833e-06,8.43188385601934e-06,-0.00138511439650557,2.00964243584068e-05,5.5210726407573e-05,-3.10912649359452e-05,1.48205897207987e-05,2.43174917891054e-06,3.88084961739921e-05,1.63949465026292e-06,5.78481586916979e-05,2.07684037762945e-05,-0.00151154652976793,8.43188385601934e-06,-6.55157614950497e-05,1.48205897207987e-05,2.89027964370803e-05,-0.00138511439650557,4.75048086023833e-06,-0.00151154652976793,4.7113502740892e-05,-6.16546974816501e-05,2.40075632964576e-05,-0.00157540850285098,-7.13425133724854e-05,2.07684037762945e-05,-2.33682540695668e-06,4.75048086023833e-06,8.43188385601934e-06,3.19134092405804e-05,-0.00151154652976793,1.48205897207987e-05,-9.00291225214289e-06,-5.09956485936769e-05,-0.00138511439650557,1.12725443015549e-05,-5.09956485927887e-05,4.7113502740892e-05
"12:123785188:G:C",3.08722657784699e-05,-0.000824196804506627,1.48205897207987e-05,0.0118596964419115,2.96689158689745e-05,-7.76990024853319e-06,-1.28347736954026e-05,-0.00145510659041737,-3.1984414314401e-05,-8.99719265294863e-05,4.45399261010948e-05,0.00050140844502522,-4.59994322898893e-06,-6.20161106441586e-05,-3.52039672613103e-06,-0.00023138311369042,-3.29229653512897e-05,-0.00141510372540221,-1.28347736954026e-05,-0.000185619629556655,0.00050140844502522,-4.60726362030428e-05,-0.00145510659041737,-7.76990024853319e-06,-0.00141510372540221,-7.85670544907191e-05,8.46749924070522e-05,-3.74655423343029e-05,-0.00074470018719186,9.79564053018578e-05,-3.29229653512897e-05,3.17945616767901e-06,-7.76990024853319e-06,-1.28347736954026e-05,-5.03255696484572e-05,-0.00141510372540221,0.00050140844502522,1.21630058131927e-05,-0.00252703968640144,-0.00145510659041737,-1.81615566576809e-05,7.06851924618945e-05,-7.85670544907191e-05
"12:123785660:T:C",-4.33595575852763e-05,-0.00107379534161556,-2.04584590468571e-05,2.96689158689745e-05,0.00757880820437506,9.26087733343905e-06,1.69811899768391e-05,-0.000658101195305072,-0.00351877486407304,0.000110734954919423,-0.000449436781027934,2.96689158689745e-05,4.39668137186544e-06,7.78091379007861e-05,2.73442768694565e-06,0.000116399877110318,4.14025560706577e-05,7.38083269258283e-06,1.69811899768391e-05,-0.000133406246100698,2.96689158689745e-05,5.77277468654103e-05,-0.000658101195305072,9.26087733343905e-06,7.38083269258283e-06,9.33249967873806e-05,0.00118565172269669,4.82336041596199e-05,-0.00109769900527468,-0.000144358093833397,4.14025560706577e-05,-4.88938735365707e-06,-0.00156052117568262,1.69811899768391e-05,6.40990286200349e-05,7.38083269258283e-06,2.96689158689745e-05,-1.88431960532753e-05,-0.000853938804263876,-0.000658101195305072,2.22076539859728e-05,0.00114524286626683,9.33249967873806e-05
"12:123790514:C:T",9.62629451795038e-06,-0.00667499552643935,4.75048086023833e-06,-7.76990024853319e-06,9.26087733343905e-06,0.081227104418458,-4.28001780239384e-06,-0.012832641262432,-1.08430990959363e-05,-0.000425272397049703,1.35163238939029e-05,-7.76990024853319e-06,-1.39108804475541e-06,-2.20847297480731e-05,-1.0180892546785e-06,-3.48744094109676e-05,-1.11980251826793e-05,-0.00901608481427907,-4.28001780239384e-06,2.4702100296814e-05,-7.76990024853319e-06,-1.5993739387099e-05,-0.012832641262432,3.82753524315049e-05,-0.00901608481427907,-0.000105870004970754,2.36487850111544e-05,-1.29291249972852e-05,-0.00658698752511278,2.63977220473777e-05,-1.11980251826793e-05,1.07676773186682e-06,-0.00178893468085306,-4.28001780239384e-06,-1.76767266850675e-05,-0.00901608481427907,-7.76990024853319e-06,4.05496186051124e-06,2.03990681200139e-05,-0.012832641262432,-5.97713976357994e-06,2.03990681209021e-05,-0.000105870004970754
"12:123794022:T:C",1.7691803494202e-05,-3.26199364240054e-05,8.43188385601934e-06,-1.28347736954026e-05,1.69811899768391e-05,-4.28001780239384e-06,-0.0032445245237458,-8.37154614181657e-05,-1.76534838720599e-05,-4.88619542942104e-05,2.56504295226279e-05,-1.28347736954026e-05,-2.45053097280845e-06,-3.40148661361894e-05,-1.82660712066962e-06,-5.09658463627716e-05,-1.81879893856873e-05,-5.49206103350741e-06,0.00182032951166811,5.25945093352576e-05,-1.28347736954026e-05,-2.53539296277694e-05,-8.37154614181657e-05,-4.28001780239384e-06,-5.49206103350741e-06,-4.24480641214586e-05,4.97094646512153e-05,-2.0770725516428e-05,9.01284712551131e-06,5.77142913895656e-05,-1.81879893856873e-05,1.84244523282473e-06,-4.28001780239384e-06,0.00182032951166811,-2.77595479065695e-05,-5.49206103350741e-06,-1.28347736954026e-05,7.070205234605e-06,4.12684962158849e-05,-8.37154614181657e-05,-1.00193110492697e-05,4.12684962158849e-05,-4.24480641214586e-05
"12:123794581:A:C",-0.000613137548996612,-0.00139566976123717,-0.00138511439650557,-0.00145510659041737,-0.000658101195305072,-0.012832641262432,-8.37154614181657e-05,0.0940964888900897,-0.00501266839903813,-0.00300773775795804,-0.00117906289181757,-0.00145510659041737,-7.12634403132739e-06,-0.00611499633630341,-0.00452093418820354,-0.0011681627822151,-0.002274414417899,-0.0045656908472016,-8.37154614181657e-05,-0.00501334835348644,-0.00145510659041737,1.2743847560337e-05,0.000325322788872207,-0.012832641262432,-0.0045656908472016,-0.000582782807585502,-0.000320184782796495,0.000129575024018891,-0.000488177678509505,-0.00552599742919391,-0.002274414417899,-0.00510962022942518,-2.81973118587686e-05,-8.37154614181657e-05,3.803053176199e-05,-0.0045656908472016,-0.00145510659041737,-2.88121711635725e-05,-0.000840996414032347,0.000325322788872207,-0.00113449308711644,-0.000226622548619382,-0.000582782807585502
"12:123794759:C:G",4.15619004376921e-05,-0.00274340130123196,2.00964243584068e-05,-3.1984414314401e-05,-0.00351877486407304,-1.08430990959363e-05,-1.76534838720599e-05,-0.00501266839903813,0.0285305167121876,-0.000127687300557788,5.96456474735163e-05,-3.1984414314401e-05,-5.32831686008706e-05,-8.71606865340269e-05,-5.14387006145256e-06,-0.00013283087586391,-4.5924000604991e-05,-1.59937306651869e-05,-1.76534838720599e-05,-0.00181360333115688,-3.1984414314401e-05,-6.45293490135757e-05,-0.00501266839903725,-1.08430990959363e-05,-1.59937306651869e-05,-0.000112088059086801,1.86079663304639e-05,-5.2101292866702e-05,-0.00246787440320517,0.00012797272227516,-4.5924000604991e-05,4.2467247505229e-06,-1.08430990959363e-05,-1.76534838720599e-05,-7.03372505617139e-05,-1.59937306651869e-05,-3.1984414314401e-05,-1.88141525239161e-05,-0.000466978128897289,-0.00501266839903725,-0.00158901961306324,2.4329405051482e-05,-0.000112088059086801
"12:123801305:A:G",-0.002501397645986,-0.000774372279492841,5.5210726407573e-05,-8.99719265294863e-05,0.000110734954919423,-0.000425272397049703,-4.88619542942104e-05,-0.00300773775795804,-0.000127687300557788,0.030034423810656,0.000166564267930269,-8.99719265285981e-05,-2.33802320330767e-05,-0.000239837723920999,-0.00133100521827245,-0.000355963682308946,-0.00395934015410671,-0.00116297099749207,-4.88619542942104e-05,0.000330483859700692,-8.99719265285981e-05,-0.000181154167266051,-0.00300773775795804,-0.000425272397049703,-0.00116297099749207,0.000683573665144266,-0.000107550394679023,-0.000143801984483716,-0.000951786830905021,0.000371189069534594,-0.00395934015410671,1.00251896668624e-05,-3.32029549481305e-05,-4.88619542942104e-05,-0.000193242244961311,-0.00116297099749207,-8.99719265285981e-05,3.84449335211201e-05,-0.00351931742935196,-0.00300773775795804,-7.51005805144089e-05,-0.000137598535282279,0.000683573665144266
"12:123801357:C:T",-6.59816364070309e-05,4.37683040983572e-05,-3.10912649359452e-05,4.45399261010948e-05,-0.000449436781027934,1.35163238939029e-05,2.56504295226279e-05,-0.00117906289181757,5.96456474735163e-05,0.000166564267930269,0.021067832189293,4.45399261010948e-05,5.86866284191245e-06,0.000116994702087148,-0.00115132431780918,0.000175666832331167,6.18858843868253e-05,8.06238657080627e-06,2.56504295226279e-05,-0.00423217680613863,4.45399261010948e-05,-0.00299991851004044,-0.00117906289181757,1.35163238939029e-05,8.06238657080627e-06,-0.00306877375628378,-0.000870600404465627,7.26791276983718e-05,4.87735861067762e-05,-0.000219104239470802,6.18858843868253e-05,-7.66804448382175e-06,-0.00149661326437744,2.56504295226279e-05,9.65571743458682e-05,8.06238657080627e-06,4.45399261010948e-05,-2.95620014849618e-05,-0.000158556662166909,-0.00117906289181757,3.27821040144727e-05,-0.000930465046637963,-0.00306877375628378
"12:123801856:T:C",3.08722657784699e-05,-0.000824196804506627,1.48205897207987e-05,0.00050140844502522,2.96689158689745e-05,-7.76990024853319e-06,-1.28347736954026e-05,-0.00145510659041737,-3.1984414314401e-05,-8.99719265285981e-05,4.45399261010948e-05,0.0118596964419106,-4.59994322898893e-06,-6.20161106441586e-05,-3.52039672613103e-06,-0.00023138311369042,-3.29229653512897e-05,-0.00141510372540221,-1.28347736954026e-05,-0.000185619629556655,0.00050140844502522,-4.60726362030428e-05,-0.00145510659041737,-7.76990024853319e-06,-0.00141510372540221,-7.85670544907191e-05,8.46749924070522e-05,-3.74655423343029e-05,-0.00074470018719186,9.79564053018578e-05,-3.29229653512897e-05,3.17945616767901e-06,-7.76990024853319e-06,-1.28347736954026e-05,-5.03255696484572e-05,-0.00141510372540221,0.00050140844502522,1.21630058131927e-05,-0.00252703968640144,-0.00145510659041737,-1.81615566576809e-05,7.06851924618945e-05,-7.85670544907191e-05
"12:123803173:G:A",4.53995832394583e-06,-0.00244234034698554,2.43174917891054e-06,-4.59994322898893e-06,4.39668137186544e-06,-1.39108804475541e-06,-2.45053097280845e-06,-7.12634403132739e-06,-5.32831686008706e-05,-2.33802320330767e-05,5.86866284191245e-06,-4.59994322898893e-06,0.0234073717585641,-1.46060526056147e-05,-0.00476025185893114,-2.47728342612774e-05,-0.00156022283788726,-1.67873874534763e-06,-2.45053097280845e-06,-0.00174146899460759,-4.59994322987711e-06,-0.000145057705640994,-7.12634403043921e-06,-1.39108804475541e-06,-1.67873874534763e-06,-0.00327368038558706,7.15388816541207e-06,-8.01201965039411e-06,-0.00242014835910176,6.66705999918804e-06,-0.00156022283788726,5.84446910423253e-07,-1.39108804475541e-06,-2.45053097280845e-06,-1.13536692758487e-05,-1.67873874534763e-06,-4.59994322987711e-06,-0.000355179648894755,7.18287457068811e-06,-7.12634403043921e-06,-0.00172937873866097,7.18287457068811e-06,-0.00327368038558706
"12:123803889:C:T",8.07373336959571e-05,-0.000754477748989402,3.88084961739921e-05,-6.20161106441586e-05,7.78091379007861e-05,-2.20847297480731e-05,-3.40148661361894e-05,-0.00611499633630341,-8.71606865340269e-05,-0.000239837723920999,0.000116994702087148,-6.20161106441586e-05,-1.46060526056147e-05,0.0528784090909964,-1.20570314559032e-05,-0.000247563442562715,-8.93118585674202e-05,-0.00262245537053474,-3.40148661361894e-05,0.000233534995117246,-6.20161106441586e-05,-0.000124369070357844,-0.00611499633630341,-2.20847297480731e-05,-0.00262245537053474,-0.00762358027723131,-0.00167072959187919,-0.000517462958217862,-0.000619969685782706,0.000259739784264745,-8.93118585674202e-05,-0.00325671065212862,-2.20847297480731e-05,-3.40148661361894e-05,-0.000133929575423686,-0.00262245537053474,-6.20161106441586e-05,-0.00138674934689043,0.000184316538662799,-0.00611499633630341,-0.00115406913402616,-0.00159615475578256,-0.00762358027723131
"12:123804752:C:T",2.80097211113883e-06,-0.000452776368306651,1.63949465026292e-06,-3.52039672613103e-06,2.73442768694565e-06,-1.0180892546785e-06,-1.82660712066962e-06,-0.00452093418820354,-5.14387006145256e-06,-0.00133100521827245,-0.00115132431780918,-3.52039672613103e-06,-0.00476025185893114,-1.20570314559032e-05,0.0763413093701582,-2.13272931750552e-05,-5.34291555887023e-06,-0.00705928924907884,-1.82660712066962e-06,-0.00156120877234223,-3.52039672613103e-06,-0.00359485881585009,-0.00452093418820354,-1.0180892546785e-06,-0.00705928924907884,-0.00604886741570976,1.50369087403845e-06,-6.33582663933652e-06,-0.000508884484371919,-7.54932365509831e-08,-5.34291555887023e-06,4.14460296305208e-07,-1.0180892546785e-06,-1.82660712066962e-06,-9.19809811605887e-06,-0.00705928924907884,-3.52039672613103e-06,-0.00696107949474811,-0.00910320903050987,-0.00452093418820354,-2.61432466608369e-06,2.65453313019748e-06,-0.00604886741570976
"12:123806389:T:C",-0.00476920446373796,-0.00123503703161987,5.78481586916979e-05,-0.00023138311369042,0.000116399877110318,-3.48744094109676e-05,-5.09658463627716e-05,-0.0011681627822151,-0.00013283087586391,-0.000355963682308946,0.000175666832331167,-0.00023138311369042,-2.47728342612774e-05,-0.000247563442562715,-2.13272931750552e-05,0.01843448869894,-0.000378519399289345,-6.87752249559637e-05,-5.09658463627716e-05,-0.000757513540064814,-0.00023138311369042,-0.000187724329896888,-0.0011681627822151,-3.48744094109676e-05,-6.87752249559637e-05,-0.000328497968735242,-0.00164443487784638,-0.000149227592211254,-0.00130120011825774,0.000396827904418195,-0.000378519399289345,1.03551041377159e-05,-3.48744094109676e-05,-5.09658463627716e-05,-0.00019996556020363,-6.87752249559637e-05,-0.00023138311369042,3.97472200237559e-05,0.000275946310435593,-0.0011681627822151,-0.000493756767984799,-0.00167885571644799,-0.000328497968735242
"12:123806445:A:G",-0.00275997919929249,-0.00026023169579048,2.07684037762945e-05,-3.29229653512897e-05,4.14025560706577e-05,-1.11980251826793e-05,-1.81879893856873e-05,-0.002274414417899,-4.5924000604991e-05,-0.00395934015410671,6.18858843868253e-05,-3.29229653512897e-05,-0.00156022283788726,-8.93118585674202e-05,-5.34291555887023e-06,-0.000378519399289345,0.0471168538037565,-0.00322792303171848,-1.81879893856873e-05,-0.00458448355130336,-3.29229653512897e-05,-6.62503700459283e-05,-0.002274414417899,-1.11980251826793e-05,-0.00322792303171848,-0.00309751110428014,-0.00207241225614219,-5.35296899855098e-05,-0.00033273474005302,0.000133883679794167,0.000454610060431904,4.37155594568139e-06,-1.11980251826793e-05,-1.81879893856873e-05,-7.216129527432e-05,-0.00322792303171848,-3.29229653512897e-05,-0.00169488006358165,-0.00202580306820987,-0.002274414417899,-0.00297162183994004,-0.00197914254600562,-0.00309751110428014
"12:123811371:G:A",-0.00331127422103705,-0.000165161270662573,-0.00151154652976793,-0.00141510372540221,7.38083269258283e-06,-0.00901608481427907,-5.49206103350741e-06,-0.0045656908472016,-1.59937306651869e-05,-0.00116297099749207,8.06238657080627e-06,-0.00141510372540221,-1.67873874534763e-06,-0.00262245537053474,-0.00705928924907884,-6.87752249559637e-05,-0.00322792303171848,0.086179337183828,-5.49206103350741e-06,-0.00495467387342252,-0.00141510372540221,-0.0014597886609975,-0.0045656908472016,-0.00901608481427818,1.55603924092418e-05,-3.52623019113096e-05,-0.0024841959505979,-1.96645789927175e-05,-0.000180133647008862,-0.00457148947482811,-0.00322792303171848,-0.00552005944947709,-0.00392407277662787,-5.49206103350741e-06,-0.000657832113517998,1.55603924092418e-05,-0.00141510372540221,4.08701551712909e-06,3.78664672329165e-06,-0.0045656908472016,-0.000244702938936747,-0.00236551213067226,-3.52623019113096e-05
"12:123814391:C:A",1.7691803494202e-05,-3.26199364240054e-05,8.43188385601934e-06,-1.28347736954026e-05,1.69811899768391e-05,-4.28001780239384e-06,0.00182032951166811,-8.37154614181657e-05,-1.76534838720599e-05,-4.88619542942104e-05,2.56504295226279e-05,-1.28347736954026e-05,-2.45053097280845e-06,-3.40148661361894e-05,-1.82660712066962e-06,-5.09658463627716e-05,-1.81879893856873e-05,-5.49206103350741e-06,-0.0032445245237458,5.25945093352576e-05,-1.28347736954026e-05,-2.53539296277694e-05,-8.37154614181657e-05,-4.28001780239384e-06,-5.49206103350741e-06,-4.24480641214586e-05,4.97094646512153e-05,-2.0770725516428e-05,9.01284712551131e-06,5.77142913895656e-05,-1.81879893856873e-05,1.84244523282473e-06,-4.28001780239384e-06,0.00182032951166811,-2.77595479065695e-05,-5.49206103350741e-06,-1.28347736954026e-05,7.070205234605e-06,4.12684962158849e-05,-8.37154614181657e-05,-1.00193110492697e-05,4.12684962158849e-05,-4.24480641214586e-05
"12:123817477:C:A",-0.000140350363434294,-0.000210465753552658,-6.55157614950497e-05,-0.000185619629556655,-0.000133406246100698,2.4702100296814e-05,5.25945093352576e-05,-0.00501334835348644,-0.00181360333115688,0.000330483859700692,-0.00423217680613863,-0.000185619629556655,-0.00174146899460759,0.000233534995117246,-0.00156120877234223,-0.000757513540064814,-0.00458448355130336,-0.00495467387342252,5.25945093352576e-05,0.0651150247138887,-0.000185619629556655,-0.0018495477655911,-0.00501334835348644,2.4702100296814e-05,-0.00495467387342252,-0.00187883571589786,-0.00149741329547215,-0.00143208702969133,-0.000185852577850198,-0.00111207202956187,-0.00458448355130336,-1.76556873929812e-05,2.4702100296814e-05,5.25945093352576e-05,-0.000462738922150763,-0.00495467387342252,-0.000185619629556655,-0.0033655042465206,-0.000302004443104131,-0.00501334835348644,6.22785328658892e-05,-0.00151944263088488,-0.00187883571589786
"12:123819257:A:T",3.08722657784699e-05,-0.000824196804506627,1.48205897207987e-05,0.00050140844502522,2.96689158689745e-05,-7.76990024853319e-06,-1.28347736954026e-05,-0.00145510659041737,-3.1984414314401e-05,-8.99719265285981e-05,4.45399261010948e-05,0.00050140844502522,-4.59994322987711e-06,-6.20161106441586e-05,-3.52039672613103e-06,-0.00023138311369042,-3.29229653512897e-05,-0.00141510372540221,-1.28347736954026e-05,-0.000185619629556655,0.0118596964419115,-4.60726362030428e-05,-0.00145510659041737,-7.76990024853319e-06,-0.00141510372540221,-7.85670544907191e-05,8.46749924070522e-05,-3.74655423343029e-05,-0.00074470018719186,9.79564053018578e-05,-3.29229653512897e-05,3.17945616767901e-06,-7.76990024853319e-06,-1.28347736954026e-05,-5.03255696484572e-05,-0.00141510372540221,0.00050140844502522,1.21630058131927e-05,-0.00252703968640144,-0.00145510659041737,-1.81615566576809e-05,7.06851924618945e-05,-7.85670544907191e-05
"12:123819553:T:C",5.99582824261091e-05,-0.00137007615531104,2.89027964370803e-05,-4.60726362030428e-05,5.77277468654103e-05,-1.5993739387099e-05,-2.53539296277694e-05,1.2743847560337e-05,-6.45293490135757e-05,-0.000181154167266051,-0.00299991851004044,-4.60726362030428e-05,-0.000145057705640994,-0.000124369070357844,-0.00359485881585009,-0.000187724329896888,-6.62503700459283e-05,-0.0014597886609975,-2.53539296277694e-05,-0.0018495477655911,-4.60726362030428e-05,0.0227966981610521,1.2743847560337e-05,-1.5993739387099e-05,-0.0014597886609975,0.000535100749536888,0.000162621501614169,-0.00487875897758183,-0.00120643476055182,0.000188703011260394,-6.62503700459283e-05,5.88806422108235e-06,-1.5993739387099e-05,-2.53539296277694e-05,-0.000100436951162131,-0.0014597886609975,-4.60726362030428e-05,-0.000100794588589359,0.000135866457569023,1.2743847560337e-05,-0.00305680409897402,0.000135866457568135,0.000535100749536888
"12:123820397:T:C",-0.000613137548996612,-0.00139566976123717,-0.00138511439650557,-0.00145510659041737,-0.000658101195305072,-0.012832641262432,-8.37154614181657e-05,0.000325322788872207,-0.00501266839903725,-0.00300773775795804,-0.00117906289181757,-0.00145510659041737,-7.12634403043921e-06,-0.00611499633630341,-0.00452093418820354,-0.0011681627822151,-0.002274414417899,-0.0045656908472016,-8.37154614181657e-05,-0.00501334835348644,-0.00145510659041737,1.2743847560337e-05,0.0940964888900879,-0.012832641262432,-0.0045656908472016,-0.000582782807585502,-0.000320184782796495,0.000129575024018891,-0.000488177678509505,-0.00552599742919391,-0.002274414417899,-0.00510962022942518,-2.81973118587686e-05,-8.37154614181657e-05,3.803053176199e-05,-0.0045656908472016,-0.00145510659041737,-2.88121711635725e-05,-0.000840996414032347,0.000325322788872207,-0.00113449308711644,-0.000226622548619382,-0.000582782807585502
"12:123821277:G:A",9.62629451795038e-06,-0.00667499552643935,4.75048086023833e-06,-7.76990024853319e-06,9.26087733343905e-06,3.82753524315049e-05,-4.28001780239384e-06,-0.012832641262432,-1.08430990959363e-05,-0.000425272397049703,1.35163238939029e-05,-7.76990024853319e-06,-1.39108804475541e-06,-2.20847297480731e-05,-1.0180892546785e-06,-3.48744094109676e-05,-1.11980251826793e-05,-0.00901608481427818,-4.28001780239384e-06,2.4702100296814e-05,-7.76990024853319e-06,-1.5993739387099e-05,-0.012832641262432,0.0812271044184572,-0.00901608481427907,-0.000105870004970754,2.36487850111544e-05,-1.29291249972852e-05,-0.00658698752511278,2.63977220473777e-05,-1.11980251826793e-05,1.07676773186682e-06,-0.00178893468085306,-4.28001780239384e-06,-1.76767266850675e-05,-0.00901608481427907,-7.76990024853319e-06,4.05496186051124e-06,2.03990681200139e-05,-0.012832641262432,-5.97713976357994e-06,2.03990681209021e-05,-0.000105870004970754
"12:123824887:G:A",-0.00331127422103705,-0.000165161270662573,-0.00151154652976793,-0.00141510372540221,7.38083269258283e-06,-0.00901608481427907,-5.49206103350741e-06,-0.0045656908472016,-1.59937306651869e-05,-0.00116297099749207,8.06238657080627e-06,-0.00141510372540221,-1.67873874534763e-06,-0.00262245537053474,-0.00705928924907884,-6.87752249559637e-05,-0.00322792303171848,1.55603924092418e-05,-5.49206103350741e-06,-0.00495467387342252,-0.00141510372540221,-0.0014597886609975,-0.0045656908472016,-0.00901608481427907,0.0861793371838289,-3.52623019113096e-05,-0.0024841959505979,-1.96645789927175e-05,-0.000180133647008862,-0.00457148947482811,-0.00322792303171848,-0.00552005944947709,-0.00392407277662787,-5.49206103350741e-06,-0.000657832113517998,1.55603924092418e-05,-0.00141510372540221,4.08701551712909e-06,3.78664672329165e-06,-0.0045656908472016,-0.000244702938936747,-0.00236551213067226,-3.52623019113096e-05
"12:123832363:T:C",-0.00166879097007833,-0.00067462385400141,4.7113502740892e-05,-7.85670544907191e-05,9.33249967873806e-05,-0.000105870004970754,-4.24480641214586e-05,-0.000582782807585502,-0.000112088059086801,0.000683573665144266,-0.00306877375628378,-7.85670544907191e-05,-0.00327368038558706,-0.00762358027723131,-0.00604886741570976,-0.000328497968735242,-0.00309751110428014,-3.52623019113096e-05,-4.24480641214586e-05,-0.00187883571589786,-7.85670544907191e-05,0.000535100749536888,-0.000582782807585502,-0.000105870004970754,-3.52623019113096e-05,0.0462562363907497,0.000146410910589978,-0.00464954179183952,-0.000650878149936585,0.000292307197744535,-0.00309751110428103,-0.000151176453154989,-2.82086471115051e-05,-4.24480641214586e-05,-0.000172749252363325,-3.52623019104215e-05,-7.85670544907191e-05,-0.00261672174391325,-0.00444372845733909,-0.000582782807585502,-0.00280223775275612,0.000129915782939527,0.000711507412112233
"12:123832443:G:A",-0.000131827669147988,-0.00268027825063122,-6.16546974816501e-05,8.46749924070522e-05,0.00118565172269669,2.36487850111544e-05,4.97094646512153e-05,-0.000320184782796495,1.86079663304639e-05,-0.000107550394679023,-0.000870600404465627,8.46749924070522e-05,7.15388816541207e-06,-0.00167072959187919,1.50369087403845e-06,-0.00164443487784638,-0.00207241225614219,-0.0024841959505979,4.97094646512153e-05,-0.00149741329547215,8.46749924070522e-05,0.000162621501614169,-0.000320184782796495,2.36487850111544e-05,-0.0024841959505979,0.000146410910589978,0.0236831460047484,0.000139221047401605,-0.00267562266274135,-0.000441147953696763,-0.00207241225614219,-1.64714443986469e-05,-0.00184168184342859,4.97094646512153e-05,0.000184358690560771,-0.0024841959505979,8.46749924070522e-05,-6.37857801928376e-05,-0.00136203773260846,-0.000320184782796495,-3.22721585233054e-05,0.00144526320248506,0.000146410910589978
"12:123832496:G:A",5.01475600342971e-05,0.000784308055307825,2.40075632964576e-05,-3.74655423343029e-05,4.82336041596199e-05,-1.29291249972852e-05,-2.0770725516428e-05,0.000129575024018891,-5.2101292866702e-05,-0.000143801984483716,7.26791276983718e-05,-3.74655423343029e-05,-8.01201965039411e-06,-0.000517462958217862,-6.33582663933652e-06,-0.000149227592211254,-5.35296899855098e-05,-1.96645789927175e-05,-2.0770725516428e-05,-0.00143208702969133,-3.74655423343029e-05,-0.00487875897758183,0.000129575024018891,-1.29291249972852e-05,-1.96645789927175e-05,-0.00464954179183952,0.000139221047401605,0.0143379415697806,0.000751855473630769,0.00016236739931319,-5.35296899855098e-05,4.96383019310542e-06,-1.29291249972852e-05,-2.0770725516428e-05,-8.09784447097783e-05,-1.96645789927175e-05,-3.74655423343029e-05,1.90296853217475e-05,0.000115649035564047,0.000129575024018891,-2.99135117645122e-05,0.000115649035564935,-0.00464954179183952
"12:123835233:G:A",-0.00280034975179255,0.0020422852919042,-0.00157540850285098,-0.00074470018719186,-0.00109769900527468,-0.00658698752511278,9.01284712551131e-06,-0.000488177678509505,-0.00246787440320517,-0.000951786830905021,4.87735861067762e-05,-0.00074470018719186,-0.00242014835910176,-0.000619969685782706,-0.000508884484371919,-0.00130120011825774,-0.00033273474005302,-0.000180133647008862,9.01284712551131e-06,-0.000185852577850198,-0.00074470018719186,-0.00120643476055182,-0.000488177678509505,-0.00658698752511278,-0.000180133647008862,-0.000650878149936585,-0.00267562266274135,0.000751855473630769,0.0517951452410736,0.000910996927434127,-0.00033273474005302,-0.0123848309381032,-0.00154368581043762,9.01284712551131e-06,-0.000474608927905962,-0.000180133647008862,-0.000744700187190972,-0.00250253598014716,-0.000439862222997078,-0.000488177678509505,-0.000176694382975739,-0.000117710100746127,-0.000650878149937473
"12:123835424:G:A",-0.000151849991945063,0.000856578047936374,-7.13425133724854e-05,9.79564053018578e-05,-0.000144358093833397,2.63977220473777e-05,5.77142913895656e-05,-0.00552599742919391,0.00012797272227516,0.000371189069534594,-0.000219104239470802,9.79564053018578e-05,6.66705999918804e-06,0.000259739784264745,-7.54932365509831e-08,0.000396827904418195,0.000133883679794167,-0.00457148947482811,5.77142913895656e-05,-0.00111207202956187,9.79564053018578e-05,0.000188703011260394,-0.00552599742919391,2.63977220473777e-05,-0.00457148947482811,0.000292307197744535,-0.000441147953696763,0.00016236739931319,0.000910996927434127,0.0287714396986205,0.000133883679794167,-1.96018349996052e-05,2.63977220473777e-05,5.77142913895656e-05,0.000215709481725668,-0.00457148947482811,9.79564053018578e-05,-7.55378515036043e-05,-0.000936702843464587,-0.00552599742919391,6.7293680574565e-05,-0.0003677746468016,0.000292307197744535
"12:123836087:G:C",-0.00275997919929249,-0.00026023169579048,2.07684037762945e-05,-3.29229653512897e-05,4.14025560706577e-05,-1.11980251826793e-05,-1.81879893856873e-05,-0.002274414417899,-4.5924000604991e-05,-0.00395934015410671,6.18858843868253e-05,-3.29229653512897e-05,-0.00156022283788726,-8.93118585674202e-05,-5.34291555887023e-06,-0.000378519399289345,0.000454610060431904,-0.00322792303171848,-1.81879893856873e-05,-0.00458448355130336,-3.29229653512897e-05,-6.62503700459283e-05,-0.002274414417899,-1.11980251826793e-05,-0.00322792303171848,-0.00309751110428103,-0.00207241225614219,-5.35296899855098e-05,-0.00033273474005302,0.000133883679794167,0.0471168538037574,4.37155594568139e-06,-1.11980251826793e-05,-1.81879893856873e-05,-7.216129527432e-05,-0.00322792303171848,-3.29229653512897e-05,-0.00169488006358165,-0.00202580306820987,-0.002274414417899,-0.00297162183994004,-0.00197914254600562,-0.00309751110428014
"12:123836339:G:A",-5.11721772245011e-06,-0.0121554785815645,-2.33682540695668e-06,3.17945616767901e-06,-4.88938735365707e-06,1.07676773186682e-06,1.84244523282473e-06,-0.00510962022942518,4.2467247505229e-06,1.00251896668624e-05,-7.66804448382175e-06,3.17945616767901e-06,5.84446910423253e-07,-0.00325671065212862,4.14460296305208e-07,1.03551041377159e-05,4.37155594568139e-06,-0.00552005944947709,1.84244523282473e-06,-1.76556873929812e-05,3.17945616767901e-06,5.88806422108235e-06,-0.00510962022942518,1.07676773186682e-06,-0.00552005944947709,-0.000151176453154989,-1.64714443986469e-05,4.96383019310542e-06,-0.0123848309381032,-1.96018349996052e-05,4.37155594568139e-06,0.0600150821943339,1.07676773186682e-06,1.84244523282473e-06,6.39890507692087e-06,-0.00552005944947798,3.17945616767901e-06,-2.02291903139695e-06,-1.3240060968478e-05,-0.00510962022942518,2.47810249742741e-06,-1.3240060968478e-05,-0.000151176453154989
"12:123837415:G:A",9.62629451795038e-06,-0.00142422014044019,4.75048086023833e-06,-7.76990024853319e-06,-0.00156052117568262,-0.00178893468085306,-4.28001780239384e-06,-2.81973118587686e-05,-1.08430990959363e-05,-3.32029549481305e-05,-0.00149661326437744,-7.76990024853319e-06,-1.39108804475541e-06,-2.20847297480731e-05,-1.0180892546785e-06,-3.48744094109676e-05,-1.11980251826793e-05,-0.00392407277662787,-4.28001780239384e-06,2.4702100296814e-05,-7.76990024853319e-06,-1.5993739387099e-05,-2.81973118587686e-05,-0.00178893468085306,-0.00392407277662787,-2.82086471115051e-05,-0.00184168184342859,-1.29291249972852e-05,-0.00154368581043762,2.63977220473777e-05,-1.11980251826793e-05,1.07676773186682e-06,0.0277400211655552,-4.28001780239384e-06,-1.76767266850675e-05,-0.00392407277662876,-7.76990024853319e-06,-0.00230952558104036,2.03990681200139e-05,-2.81973118587686e-05,-5.97713976357994e-06,-0.00193732205623043,-2.82086471115051e-05
"12:123840588:T:C",1.7691803494202e-05,-3.26199364240054e-05,8.43188385601934e-06,-1.28347736954026e-05,1.69811899768391e-05,-4.28001780239384e-06,0.00182032951166811,-8.37154614181657e-05,-1.76534838720599e-05,-4.88619542942104e-05,2.56504295226279e-05,-1.28347736954026e-05,-2.45053097280845e-06,-3.40148661361894e-05,-1.82660712066962e-06,-5.09658463627716e-05,-1.81879893856873e-05,-5.49206103350741e-06,0.00182032951166811,5.25945093352576e-05,-1.28347736954026e-05,-2.53539296277694e-05,-8.37154614181657e-05,-4.28001780239384e-06,-5.49206103350741e-06,-4.24480641214586e-05,4.97094646512153e-05,-2.0770725516428e-05,9.01284712551131e-06,5.77142913895656e-05,-1.81879893856873e-05,1.84244523282473e-06,-4.28001780239384e-06,-0.0032445245237458,-2.77595479065695e-05,-5.49206103350741e-06,-1.28347736954026e-05,7.070205234605e-06,4.12684962158849e-05,-8.37154614181657e-05,-1.00193110492697e-05,4.12684962158849e-05,-4.24480641214586e-05
"12:123840590:C:T",6.65760424416462e-05,-0.00119268733148026,3.19134092405804e-05,-5.03255696484572e-05,6.40990286200349e-05,-1.76767266850675e-05,-2.77595479065695e-05,3.803053176199e-05,-7.03372505617139e-05,-0.000193242244961311,9.65571743458682e-05,-5.03255696484572e-05,-1.13536692758487e-05,-0.000133929575423686,-9.19809811605887e-06,-0.00019996556020363,-7.216129527432e-05,-0.000657832113517998,-2.77595479065695e-05,-0.000462738922150763,-5.03255696484572e-05,-0.000100436951162131,3.803053176199e-05,-1.76767266850675e-05,-0.000657832113517998,-0.000172749252363325,0.000184358690560771,-8.09784447097783e-05,-0.000474608927905962,0.000215709481725668,-7.216129527432e-05,6.39890507692087e-06,-1.76767266850675e-05,-2.77595479065695e-05,0.0079349746553028,-0.000657832113517998,-5.03255696484572e-05,2.45332611976679e-05,-0.00312120246174619,3.803053176199e-05,-4.06448440610774e-05,0.000153040576158503,-0.000172749252363325
"12:123840994:T:G",-0.00331127422103705,-0.000165161270662573,-0.00151154652976793,-0.00141510372540221,7.38083269258283e-06,-0.00901608481427907,-5.49206103350741e-06,-0.0045656908472016,-1.59937306651869e-05,-0.00116297099749207,8.06238657080627e-06,-0.00141510372540221,-1.67873874534763e-06,-0.00262245537053474,-0.00705928924907884,-6.87752249559637e-05,-0.00322792303171848,1.55603924092418e-05,-5.49206103350741e-06,-0.00495467387342252,-0.00141510372540221,-0.0014597886609975,-0.0045656908472016,-0.00901608481427907,1.55603924092418e-05,-3.52623019104215e-05,-0.0024841959505979,-1.96645789927175e-05,-0.000180133647008862,-0.00457148947482811,-0.00322792303171848,-0.00552005944947798,-0.00392407277662876,-5.49206103350741e-06,-0.000657832113517998,0.0861793371838298,-0.00141510372540221,4.08701551712909e-06,3.78664672329165e-06,-0.0045656908472016,-0.000244702938936747,-0.00236551213067226,-3.52623019113096e-05
"12:123843017:C:T",3.08722657784699e-05,-0.000824196804506627,1.48205897207987e-05,0.00050140844502522,2.96689158689745e-05,-7.76990024853319e-06,-1.28347736954026e-05,-0.00145510659041737,-3.1984414314401e-05,-8.99719265285981e-05,4.45399261010948e-05,0.00050140844502522,-4.59994322987711e-06,-6.20161106441586e-05,-3.52039672613103e-06,-0.00023138311369042,-3.29229653512897e-05,-0.00141510372540221,-1.28347736954026e-05,-0.000185619629556655,0.00050140844502522,-4.60726362030428e-05,-0.00145510659041737,-7.76990024853319e-06,-0.00141510372540221,-7.85670544907191e-05,8.46749924070522e-05,-3.74655423343029e-05,-0.000744700187190972,9.79564053018578e-05,-3.29229653512897e-05,3.17945616767901e-06,-7.76990024853319e-06,-1.28347736954026e-05,-5.03255696484572e-05,-0.00141510372540221,0.0118596964419106,1.21630058131927e-05,-0.00252703968640144,-0.00145510659041737,-1.81615566576809e-05,7.06851924618945e-05,-7.85670544907191e-05
"12:123843755:C:A",-1.9740601854501e-05,-0.00255512506195466,-9.00291225214289e-06,1.21630058131927e-05,-1.88431960532753e-05,4.05496186051124e-06,7.070205234605e-06,-2.88121711635725e-05,-1.88141525239161e-05,3.84449335211201e-05,-2.95620014849618e-05,1.21630058131927e-05,-0.000355179648894755,-0.00138674934689043,-0.00696107949474811,3.97472200237559e-05,-0.00169488006358165,4.08701551712909e-06,7.070205234605e-06,-0.0033655042465206,1.21630058131927e-05,-0.000100794588589359,-2.88121711635725e-05,4.05496186051124e-06,4.08701551712909e-06,-0.00261672174391325,-6.37857801928376e-05,1.90296853217475e-05,-0.00250253598014716,-7.55378515036043e-05,-0.00169488006358165,-2.02291903139695e-06,-0.00230952558104036,7.070205234605e-06,2.45332611976679e-05,4.08701551712909e-06,1.21630058131927e-05,0.0302488897845405,-5.13021475638809e-05,-2.88121711635725e-05,-0.00187483070654348,-5.13021475638809e-05,-0.00261672174391325
"12:123846045:A:C",-0.000109044322035956,-0.000558382200498642,-5.09956485936769e-05,-0.00252703968640144,-0.000853938804263876,2.03990681200139e-05,4.12684962158849e-05,-0.000840996414032347,-0.000466978128897289,-0.00351931742935196,-0.000158556662166909,-0.00252703968640144,7.18287457068811e-06,0.000184316538662799,-0.00910320903050987,0.000275946310435593,-0.00202580306820987,3.78664672329165e-06,4.12684962158849e-05,-0.000302004443104131,-0.00252703968640144,0.000135866457569023,-0.000840996414032347,2.03990681200139e-05,3.78664672329165e-06,-0.00444372845733909,-0.00136203773260846,0.000115649035564047,-0.000439862222997078,-0.000936702843464587,-0.00202580306820987,-1.3240060968478e-05,2.03990681200139e-05,4.12684962158849e-05,-0.00312120246174619,3.78664672329165e-06,-0.00252703968640144,-5.13021475638809e-05,0.0494030711925317,-0.000840996414032347,-0.00230188712561841,-0.00139952273932131,-0.00444372845733909
"12:123846812:T:C",-0.000613137548996612,-0.00139566976123717,-0.00138511439650557,-0.00145510659041737,-0.000658101195305072,-0.012832641262432,-8.37154614181657e-05,0.000325322788872207,-0.00501266839903725,-0.00300773775795804,-0.00117906289181757,-0.00145510659041737,-7.12634403043921e-06,-0.00611499633630341,-0.00452093418820354,-0.0011681627822151,-0.002274414417899,-0.0045656908472016,-8.37154614181657e-05,-0.00501334835348644,-0.00145510659041737,1.2743847560337e-05,0.000325322788872207,-0.012832641262432,-0.0045656908472016,-0.000582782807585502,-0.000320184782796495,0.000129575024018891,-0.000488177678509505,-0.00552599742919391,-0.002274414417899,-0.00510962022942518,-2.81973118587686e-05,-8.37154614181657e-05,3.803053176199e-05,-0.0045656908472016,-0.00145510659041737,-2.88121711635725e-05,-0.000840996414032347,0.0940964888900879,-0.00113449308711644,-0.000226622548619382,-0.000582782807585502
"12:123847026:G:A",-0.00171076241294266,-0.000168821805065278,1.12725443015549e-05,-1.81615566576809e-05,2.22076539859728e-05,-5.97713976357994e-06,-1.00193110492697e-05,-0.00113449308711644,-0.00158901961306324,-7.51005805144089e-05,3.27821040144727e-05,-1.81615566576809e-05,-0.00172937873866097,-0.00115406913402616,-2.61432466608369e-06,-0.000493756767984799,-0.00297162183994004,-0.000244702938936747,-1.00193110492697e-05,6.22785328658892e-05,-1.81615566576809e-05,-0.00305680409897402,-0.00113449308711644,-5.97713976357994e-06,-0.000244702938936747,-0.00280223775275612,-3.22721585233054e-05,-2.99135117645122e-05,-0.000176694382975739,6.7293680574565e-05,-0.00297162183994004,2.47810249742741e-06,-5.97713976357994e-06,-1.00193110492697e-05,-4.06448440610774e-05,-0.000244702938936747,-1.81615566576809e-05,-0.00187483070654348,-0.00230188712561841,-0.00113449308711644,0.0300618800666737,-1.76796369073529e-05,-0.00280223775275701
"12:123848987:G:T",-0.000109044322036844,-0.000122365688634662,-5.09956485927887e-05,7.06851924618945e-05,0.00114524286626683,2.03990681209021e-05,4.12684962158849e-05,-0.000226622548619382,2.4329405051482e-05,-0.000137598535282279,-0.000930465046637963,7.06851924618945e-05,7.18287457068811e-06,-0.00159615475578256,2.65453313019748e-06,-0.00167885571644799,-0.00197914254600562,-0.00236551213067226,4.12684962158849e-05,-0.00151944263088488,7.06851924618945e-05,0.000135866457568135,-0.000226622548619382,2.03990681209021e-05,-0.00236551213067226,0.000129915782939527,0.00144526320248506,0.000115649035564935,-0.000117710100746127,-0.0003677746468016,-0.00197914254600562,-1.3240060968478e-05,-0.00193732205623043,4.12684962158849e-05,0.000153040576158503,-0.00236551213067226,7.06851924618945e-05,-5.13021475638809e-05,-0.00139952273932131,-0.000226622548619382,-1.76796369073529e-05,0.0180477579513134,0.000129915782939527
"12:123849212:G:A",-0.00166879097007833,-0.00067462385400141,4.7113502740892e-05,-7.85670544907191e-05,9.33249967873806e-05,-0.000105870004970754,-4.24480641214586e-05,-0.000582782807585502,-0.000112088059086801,0.000683573665144266,-0.00306877375628378,-7.85670544907191e-05,-0.00327368038558706,-0.00762358027723131,-0.00604886741570976,-0.000328497968735242,-0.00309751110428014,-3.52623019113096e-05,-4.24480641214586e-05,-0.00187883571589786,-7.85670544907191e-05,0.000535100749536888,-0.000582782807585502,-0.000105870004970754,-3.52623019113096e-05,0.000711507412112233,0.000146410910589978,-0.00464954179183952,-0.000650878149937473,0.000292307197744535,-0.00309751110428014,-0.000151176453154989,-2.82086471115051e-05,-4.24480641214586e-05,-0.000172749252363325,-3.52623019113096e-05,-7.85670544907191e-05,-0.00261672174391325,-0.00444372845733909,-0.000582782807585502,-0.00280223775275701,0.000129915782939527,0.0462562363907515
