"","5:150815963:G:A","5:150820880:G:A","5:150821852:G:A","5:150822452:T:C","5:150822787:A:T","5:150825943:T:C","5:150828014:G:A","5:150828467:C:T","5:150830060:C:T","5:150831642:G:T","5:150831807:G:C","5:150832626:G:A","5:150833038:C:G","5:150834418:C:T","5:150836194:A:G","5:150838995:C:G","5:150839515:A:G","5:150841243:C:T","5:150842535:C:T","5:150843512:C:T","5:150844647:C:G","5:150845260:G:A","5:150855494:G:A","5:150856391:C:T","5:150857862:G:A","5:150858282:A:G","5:150862369:A:G","5:150862554:C:T","5:150863087:T:G","5:150865371:T:C","5:150867278:G:A","5:150868879:C:T"
"5:150815963:G:A",0.0272746319300716,-7.01615461728977e-07,-9.40726982978646e-06,1.39636072482574e-07,1.54796138662761e-06,-2.02039455965419e-05,-2.6026164308135e-05,-0.00315856845647566,-0.00236557212721333,-5.28342454457764e-05,-1.62424322169841e-05,3.6369246103618e-07,-6.56268606054056e-05,-3.33838332267078e-06,-0.00640375678060767,-2.07704941246334e-06,-0.00111953239403295,-1.82660711889326e-06,2.71580220534418e-06,-0.000792322193118089,3.29240558727406e-06,-0.00391164179664294,-0.00167502003377162,1.53015108850241e-06,-3.71056641439438e-05,-3.89965993718988e-07,-0.000148503627986685,-0.00221079540803082,-0.0028938692787408,-4.96365189484038e-06,-0.00236557212721333,1.67650031190902e-06
"5:150820880:G:A",-7.01615461728977e-07,0.00805411474997175,-1.37546089939988e-05,2.49982571531859e-07,1.27056235088574e-05,4.39908741256545e-06,-3.35052822091342e-05,3.4513846918216e-06,-1.2330628242907e-06,-4.83372373700774e-05,-2.22300795327257e-05,6.38919960493922e-07,-0.00170250821328466,-5.39888570738611e-06,-1.65792381707774e-05,-3.48165525476674e-06,8.25441374896485e-06,-3.06732684940414e-06,-0.00176689897523463,-0.00255827893410121,9.00365814526793e-06,3.21421246685105e-06,8.39044918343745e-06,2.9770411638097e-06,-3.06732684940414e-06,-7.01615461728977e-07,-7.24287160185355e-05,-0.0018635852320994,-7.01056216634299e-06,1.33231456240779e-05,-1.2330628242907e-06,3.27896196505861e-06
"5:150821852:G:A",-9.40726982978646e-06,-1.37546089939988e-05,0.0141559969630487,2.14169470780234e-06,0.000190344852895485,4.44089487228183e-05,-0.00023231962616066,3.48247568888738e-05,-1.37546089939988e-05,-0.00312472777290029,-0.000167950650797444,-0.00100465039756159,-0.00134941410611589,-4.92327999896958e-05,-0.000132776316080552,-3.51964351601453e-05,-0.00308912884261403,-2.82244393945419e-05,0.000143541308404771,-0.00016798017044195,0.000103379548935578,3.24939056266516e-05,9.47036674165957e-05,3.01882872415504e-05,-2.82244393945419e-05,-9.40726982978646e-06,-0.00131266849531464,-0.000421121943810832,-0.00280099406468359,0.000281980231510381,-1.37546089939988e-05,-0.00110931529833724
"5:150822452:T:C",1.39636072482574e-07,2.49982571531859e-07,2.14169470780234e-06,0.0288285342138073,-5.38560156293499e-06,-0.00435214690903063,3.74082256104913e-06,-8.34084366907462e-07,2.49982571531859e-07,-4.87572728857799e-08,2.96477193284517e-06,-1.54074062841403e-07,-0.00454625316852475,1.00456487217571e-06,-0.00465124301011688,6.71373925342778e-07,-2.44070925159434e-06,6.07392329321499e-07,-4.28160968724001e-06,-0.00398860364247344,-2.784716796711e-06,-0.00566854732527577,-2.50764117470936e-06,-0.0018076542485721,6.07392329321499e-07,1.39636072482574e-07,-0.00378066233334007,-6.83948611523988e-07,-1.74954361726876e-05,-8.77678473365506e-06,2.49982571531859e-07,-7.97445297351373e-07
"5:150822787:A:T",1.54796138662761e-06,1.27056235088574e-05,0.000190344852895485,-5.38560156293499e-06,0.0141166850439998,-0.000641327324752972,0.000388787031813109,-0.00044859658426688,1.27056235088574e-05,-0.000407581884705799,0.000279852923101842,-0.000745958678458614,-0.000338139277208604,7.98255362637335e-05,0.000215955955185088,-0.00421673039014969,-0.00684764762430579,4.96636578688481e-05,-0.000975388056805748,-0.00116215784069507,-0.000812060567376705,0.00120647265612916,-0.000197080902249347,-5.53191137857567e-05,4.96636578688481e-05,1.54796138662761e-06,-0.000106605708301899,-7.84338791861572e-05,0.000343336551695828,0.000152047607213213,1.27056235088574e-05,-7.54348335227917e-05
"5:150825943:T:C",-2.02039455965419e-05,4.39908741256545e-06,4.44089487228183e-05,-0.00435214690903063,-0.000641327324752972,0.0131892696309825,8.70109562285393e-05,-1.56317577175713e-05,4.39908741256545e-06,-0.00023899661243787,6.45221301400767e-05,-3.76284855985176e-06,-0.00306511297321155,1.96035795143601e-05,5.11799924165501e-05,-2.30395960834073e-05,-4.36963567382875e-05,1.17980485025981e-05,-8.50870689461658e-05,-0.000119969534723374,-5.03854894553513e-05,-1.44047399359692e-05,-6.03265589660396e-05,-1.31943672529999e-05,1.17980485025981e-05,2.14982291613097e-06,-0.00257605242344372,-0.00186550261633389,-0.000149806480512993,-0.000140685760171344,4.39908741256545e-06,-1.56050562933885e-05
"5:150828014:G:A",-2.6026164308135e-05,-3.35052822091342e-05,-0.00023231962616066,3.74082256104913e-06,0.000388787031813109,8.70109562285393e-05,0.0133466159113564,7.00179541910373e-05,-0.000695290833902185,-0.000133453226342173,-0.000350620490517706,-6.54305529579347e-06,0.000330598092093126,-0.000444622447695053,-0.000280402918062528,-8.10099836590084e-05,0.000195083915840222,-5.83781464671418e-05,-0.00439161334216198,4.54035534209751e-05,-0.00180302349640904,6.58873747640953e-05,-0.000760148250383175,6.18023085348085e-05,-5.83781464671418e-05,-0.000708052274185356,-0.00229842535316571,-0.00143965296822124,0.000213710430033487,0.000577762010181893,-0.000695290833902185,-0.000889663521503437
"5:150828467:C:T",-0.00315856845647566,3.4513846918216e-06,3.48247568888738e-05,-8.34084366907462e-07,-0.00044859658426688,-1.56317577175713e-05,7.00179541910373e-05,0.0333759261341031,3.4513846918216e-06,-0.000253490382479349,5.12038575575247e-05,-0.00157770495265286,-0.00117427125054448,1.52015690160212e-05,4.03321950308566e-05,9.71231735924505e-06,-3.27623212452721e-05,9.09020117845216e-06,-5.61402422336599e-05,-0.00963443142055187,-0.00343364065944485,-0.00405879535232323,-0.0034582213595824,-1.00344951761144e-05,-0.00128751939242999,1.74655340856589e-06,-0.00300305946398716,-1.05069208853337e-05,-0.000430758794731645,-0.000101763423310253,3.4513846918216e-06,-0.00147167837840367
"5:150830060:C:T",-0.00236557212721333,-1.2330628242907e-06,-1.37546089939988e-05,2.49982571531859e-07,1.27056235088574e-05,4.39908741256545e-06,-0.000695290833902185,3.4513846918216e-06,0.0218154485958846,-0.00252087146968005,-0.00108589696190986,-0.00217549382451487,-0.00250397471956632,-5.39888570738611e-06,-0.00138272986226973,-3.48165525476674e-06,-0.00118579980575007,-3.06732684940414e-06,-0.000334332570750995,-0.000670482504053549,9.00365814526793e-06,3.21421246685105e-06,-0.00203728926899949,2.9770411638097e-06,-3.06732684940414e-06,-7.01615461728977e-07,-0.000318939466720458,-0.00228066889903289,-0.0002327625814047,1.33231456240779e-05,1.35341685378876e-05,-0.00205749752229778
"5:150831642:G:T",-5.28342454457764e-05,-4.83372373700774e-05,-0.00312472777290029,-4.87572728857799e-08,-0.000407581884705799,-0.00023899661243787,-0.000133453226342173,-0.000253490382479349,-0.00252087146968005,0.0492515427076063,-0.0036310095408667,-0.00275546473962551,-0.00614541913626931,-0.00285330252503346,-0.000471054160759543,-5.62276852349441e-05,-0.000174712269103594,-1.02164907671565e-05,-0.00192391853277352,-0.00819689944043001,-0.000451414861624144,-1.36656772413701e-05,-0.000661638019169963,-1.13732427422519e-05,-1.02164907671565e-05,-0.000773049539006809,-0.003373699107029,-0.000971662056146627,-0.00671289521568585,-0.0005236194117062,-0.00252087146968005,-0.000228871507308881
"5:150831807:G:C",-1.62424322169841e-05,-2.22300795327257e-05,-0.000167950650797444,2.96477193284517e-06,0.000279852923101842,6.45221301400767e-05,-0.000350620490517706,5.12038575575247e-05,-0.00108589696190986,-0.0036310095408667,0.0271051938223561,-6.55643962232944e-07,-0.00147958075787891,-7.45821458991713e-05,-0.000773006061543846,-5.53729350114551e-05,0.000141293607761384,-4.21596593813689e-05,-0.00316530342122867,-0.00481026100694359,-0.00268903172122759,4.7964649314558e-05,-0.00121078850039957,4.47604172366667e-05,-4.21596593813689e-05,-1.62424322169841e-05,-0.00562927040698735,2.62885319406436e-05,0.000109813026229588,-0.00156682856502766,-0.00108589696190986,4.1232297269822e-05
"5:150832626:G:A",3.6369246103618e-07,6.38919960493922e-07,-0.00100465039756159,-1.54074062841403e-07,-0.000745958678458614,-3.76284855985176e-06,-6.54305529579347e-06,-0.00157770495265286,-0.00217549382451487,-0.00275546473962551,-6.55643962232944e-07,0.020525179417076,-5.94873466797097e-05,-0.00168112430213707,1.28470461469021e-06,-0.00192037104743026,-0.000942958592486498,1.40438574280921e-06,-0.000526482228726977,-0.000975952897215748,-1.17765405232007e-05,-2.47526972607659e-06,-1.02908579293626e-05,-2.24430559114808e-06,1.40438574280921e-06,3.6369246103618e-07,-8.81800103691432e-06,-0.000580942265592022,-0.00136343127451299,-0.000544281511537292,-0.00217549382451487,-0.00145412071772455
"5:150833038:C:G",-6.56268606054056e-05,-0.00170250821328466,-0.00134941410611589,-0.00454625316852475,-0.000338139277208604,-0.00306511297321155,0.000330598092093126,-0.00117427125054448,-0.00250397471956632,-0.00614541913626931,-0.00147958075787891,-5.94873466797097e-05,0.0495621424480546,-0.00220811737825599,0.000188601136740907,-0.00365060253674176,-0.000635826042428178,4.39972261769839e-05,-0.000768670076486622,-0.00162559341518831,-0.00598902500814802,-5.4614480415438e-05,-0.000237611298161688,-4.9514902951131e-05,4.39972261769839e-05,-0.0035554783202123,-0.00171601234966001,-0.000131817456839656,-0.00411194616853328,-0.000518416753184425,-0.00250397471956632,1.76725874201367e-05
"5:150834418:C:T",-3.33838332267078e-06,-5.39888570738611e-06,-4.92327999896958e-05,1.00456487217571e-06,7.98255362637335e-05,1.96035795143601e-05,-0.000444622447695053,1.52015690160212e-05,-5.39888570738611e-06,-0.00285330252503346,-7.45821458991713e-05,-0.00168112430213707,-0.00220811737825599,0.0295990643795845,-5.8232368073341e-05,-1.44083678348395e-05,4.10502918004596e-05,-1.22843831880104e-05,-0.00361413359642704,-0.00951803681013175,4.52786972555685e-05,1.41281955743366e-05,4.14142588720523e-05,1.30653618430898e-05,-1.22843831880104e-05,-3.33838332267078e-06,-0.00021884213040213,1.11877326309795e-05,-0.0092283152707493,0.000115678902788297,-5.39888570738611e-06,1.38892627568055e-05
"5:150836194:A:G",-0.00640375678060767,-1.65792381707774e-05,-0.000132776316080552,-0.00465124301011688,0.000215955955185088,5.11799924165501e-05,-0.000280402918062528,4.03321950308566e-05,-0.00138272986226973,-0.000471054160759543,-0.000773006061543846,1.28470461469021e-06,0.000188601136740907,-5.8232368073341e-05,0.0264079843685439,-4.21471841605126e-05,0.000110206808472846,-3.3121544883663e-05,-1.99138854757308e-05,-6.51052638422911e-05,-0.00150439190792362,-0.00460719370884899,-0.00137011304247014,-0.000748796504673521,-3.3121544883663e-05,-0.00304162256001117,-0.000630065604780405,2.35299799191679e-05,0.000259753501454796,0.000315410663378479,-0.00138272986226973,3.38640241510646e-05
"5:150838995:C:G",-2.07704941246334e-06,-3.48165525476674e-06,-3.51964351601453e-05,6.71373925342778e-07,-0.00421673039014969,-2.30395960834073e-05,-8.10099836590084e-05,9.71231735924505e-06,-3.48165525476674e-06,-5.62276852349441e-05,-5.53729350114551e-05,-0.00192037104743026,-0.00365060253674176,-1.44083678348395e-05,-4.21471841605126e-05,0.0297694809397742,2.47066231615634e-05,-8.25068879617419e-06,-0.00189435181736375,-0.00183016082617637,-0.00200342841342493,9.03585798983642e-06,-0.00436760108619971,8.36296320194663e-06,-8.25068879617419e-06,-2.07704941246334e-06,-0.000266124472311446,-0.00373842173824102,-0.00566011098954533,5.53854462257419e-05,-3.48165525476674e-06,9.0504252723278e-06
"5:150839515:A:G",-0.00111953239403295,8.25441374896485e-06,-0.00308912884261403,-2.44070925159434e-06,-0.00684764762430579,-4.36963567382875e-05,0.000195083915840222,-3.27623212452721e-05,-0.00118579980575007,-0.000174712269103594,0.000141293607761384,-0.000942958592486498,-0.000635826042428178,4.10502918004596e-05,0.000110206808472846,2.47066231615634e-05,0.0249510563469695,2.48945964180791e-05,-0.000159745534640265,-0.000724726099433859,-0.000104627858381612,-3.01106211599844e-05,-0.000897678007609315,-2.74904783212904e-05,2.48945964180791e-05,-0.00111953239403295,-0.00145729825991658,-0.00422780142081702,-0.000387112167259396,-0.000272719594899939,-0.00118579980575007,-0.000852294000412535
"5:150841243:C:T",-1.82660711889326e-06,-3.06732684940414e-06,-2.82244393945419e-05,6.07392329321499e-07,4.96636578688481e-05,1.17980485025981e-05,-5.83781464671418e-05,9.09020117845216e-06,-3.06732684940414e-06,-1.02164907671565e-05,-4.21596593813689e-05,1.40438574280921e-06,4.39972261769839e-05,-1.22843831880104e-05,-3.3121544883663e-05,-8.25068879617419e-06,2.48945964180791e-05,0.00053938688780697,3.98963678955866e-05,2.05641520256705e-05,2.77075700534368e-05,8.43188385601934e-06,2.52596993499665e-05,7.78077916763209e-06,-7.19518179792544e-06,-1.82660711889326e-06,-3.55488294738748e-05,6.99384465630004e-06,-0.000651581947233915,7.38856998063753e-05,-3.06732684940414e-06,8.45411333472157e-06
"5:150842535:C:T",2.71580220534418e-06,-0.00176689897523463,0.000143541308404771,-4.28160968724001e-06,-0.000975388056805748,-8.50870689461658e-05,-0.00439161334216198,-5.61402422336599e-05,-0.000334332570750995,-0.00192391853277352,-0.00316530342122867,-0.000526482228726977,-0.000768670076486622,-0.00361413359642704,-1.99138854757308e-05,-0.00189435181736375,-0.000159745534640265,3.98963678955866e-05,0.0426955724802185,-0.000555135150901442,-0.000223286678838974,-5.12163266277454e-05,-0.000174726016076932,-4.63811456734575e-05,3.98963678955866e-05,-0.0020341934380852,-0.00533607403046465,-0.00203597579471282,-0.0103626359253561,-0.00203022519789364,-0.000334332570750995,-5.11790922947952e-05
"5:150843512:C:T",-0.000792322193118089,-0.00255827893410121,-0.00016798017044195,-0.00398860364247344,-0.00116215784069507,-0.000119969534723374,4.54035534209751e-05,-0.00963443142055187,-0.000670482504053549,-0.00819689944043001,-0.00481026100694359,-0.000975952897215748,-0.00162559341518831,-0.00951803681013175,-6.51052638422911e-05,-0.00183016082617637,-0.000724726099433859,2.05641520256705e-05,-0.000555135150901442,0.0781525372480898,1.00566869054575e-06,-0.00398677329516772,-0.00152635626458331,-4.81315553333417e-05,2.05641520256705e-05,-0.00394837458342279,-0.0139060427873887,-0.000814837471533547,-0.0053969654519066,-0.000449974672934061,-0.000670482504053549,-9.60390375071007e-05
"5:150844647:C:G",3.29240558727406e-06,9.00365814526793e-06,0.000103379548935578,-2.784716796711e-06,-0.000812060567376705,-5.03854894553513e-05,-0.00180302349640904,-0.00343364065944485,9.00365814526793e-06,-0.000451414861624144,-0.00268903172122759,-1.17765405232007e-05,-0.00598902500814802,4.52786972555685e-05,-0.00150439190792362,-0.00200342841342493,-0.000104627858381612,2.77075700534368e-05,-0.000223286678838974,1.00566869054575e-06,0.0304286473664002,-3.43721335429592e-05,-0.00176969677804095,-3.13087908399012e-05,2.77075700534368e-05,-0.00197751609502639,-0.00651166498326461,-3.85234780644339e-05,-0.0004765099186681,-0.000705923256338892,9.00365814526793e-06,-3.96364480508282e-05
"5:150845260:G:A",-0.00391164179664294,3.21421246685105e-06,3.24939056266516e-05,-0.00566854732527577,0.00120647265612916,-1.44047399359692e-05,6.58873747640953e-05,-0.00405879535232323,3.21421246685105e-06,-1.36656772413701e-05,4.7964649314558e-05,-2.47526972607659e-06,-5.4614480415438e-05,1.41281955743366e-05,-0.00460719370884899,9.03585798983642e-06,-3.01106211599844e-05,8.43188385601934e-06,-5.12163266277454e-05,-0.00398677329516772,-3.43721335429592e-05,0.0332511792318684,-0.00420821812391559,-0.0018076542485721,-0.00204121466972396,1.63949465381563e-06,3.65345642814319e-05,-9.64158491978395e-06,-0.00407976820711742,-9.23264738066365e-05,3.21421246685105e-06,-1.07764164951618e-05
"5:150855494:G:A",-0.00167502003377162,8.39044918343745e-06,9.47036674165957e-05,-2.50764117470936e-06,-0.000197080902249347,-6.03265589660396e-05,-0.000760148250383175,-0.0034582213595824,-0.00203728926899949,-0.000661638019169963,-0.00121078850039957,-1.02908579293626e-05,-0.000237611298161688,4.14142588720523e-05,-0.00137011304247014,-0.00436760108619971,-0.000897678007609315,2.52596993499665e-05,-0.000174726016076932,-0.00152635626458331,-0.00176969677804095,-0.00420821812391559,0.0325162383046322,-2.84275297932624e-05,-0.00027332938530833,3.24981246802025e-06,-0.00030060606675697,-0.0019235750957316,-0.00315968093528252,-0.000305443625855162,-0.00203728926899949,-3.55922745116644e-05
"5:150856391:C:T",1.53015108850241e-06,2.9770411638097e-06,3.01882872415504e-05,-0.0018076542485721,-5.53191137857567e-05,-1.31943672529999e-05,6.18023085348085e-05,-1.00344951761144e-05,2.9770411638097e-06,-1.13732427422519e-05,4.47604172366667e-05,-2.24430559114808e-06,-4.9514902951131e-05,1.30653618430898e-05,-0.000748796504673521,8.36296320194663e-06,-2.74904783212904e-05,7.78077916763209e-06,-4.63811456734575e-05,-4.81315553333417e-05,-3.13087908399012e-05,-0.0018076542485721,-2.84275297932624e-05,0.0047146515856662,7.78077916763209e-06,1.53015108850241e-06,3.4109511495295e-05,-8.79643920903561e-06,-0.000145308399399191,-8.30027527971566e-05,2.9770411638097e-06,-9.86089853949323e-06
"5:150857862:G:A",-3.71056641439438e-05,-3.06732684940414e-06,-2.82244393945419e-05,6.07392329321499e-07,4.96636578688481e-05,1.17980485025981e-05,-5.83781464671418e-05,-0.00128751939242999,-3.06732684940414e-06,-1.02164907671565e-05,-4.21596593813689e-05,1.40438574280921e-06,4.39972261769839e-05,-1.22843831880104e-05,-3.3121544883663e-05,-8.25068879617419e-06,2.48945964180791e-05,-7.19518179792544e-06,3.98963678955866e-05,2.05641520256705e-05,2.77075700534368e-05,-0.00204121466972396,-0.00027332938530833,7.78077916763209e-06,0.00421951117667874,-1.82660711889326e-06,-3.55488294738748e-05,6.99384465630004e-06,-0.000651581947233915,7.38856998063753e-05,-3.06732684940414e-06,8.45411333472157e-06
"5:150858282:A:G",-3.89965993718988e-07,-7.01615461728977e-07,-9.40726982978646e-06,1.39636072482574e-07,1.54796138662761e-06,2.14982291613097e-06,-0.000708052274185356,1.74655340856589e-06,-7.01615461728977e-07,-0.000773049539006809,-1.62424322169841e-05,3.6369246103618e-07,-0.0035554783202123,-3.33838332267078e-06,-0.00304162256001117,-2.07704941246334e-06,-0.00111953239403295,-1.82660711889326e-06,-0.0020341934380852,-0.00394837458342279,-0.00197751609502639,1.63949465381563e-06,3.24981246802025e-06,1.53015108850241e-06,-1.82660711889326e-06,0.0245084629378702,-0.00220938853209418,-7.82693694212355e-06,-6.96727084781301e-05,-0.00504058601974133,-7.01615461728977e-07,1.67650031190902e-06
"5:150862369:A:G",-0.000148503627986685,-7.24287160185355e-05,-0.00131266849531464,-0.00378066233334007,-0.000106605708301899,-0.00257605242344372,-0.00229842535316571,-0.00300305946398716,-0.000318939466720458,-0.003373699107029,-0.00562927040698735,-8.81800103691432e-06,-0.00171601234966001,-0.00021884213040213,-0.000630065604780405,-0.000266124472311446,-0.00145729825991658,-3.55488294738748e-05,-0.00533607403046465,-0.0139060427873887,-0.00651166498326461,3.65345642814319e-05,-0.00030060606675697,3.4109511495295e-05,-3.55488294738748e-05,-0.00220938853209418,0.0598769407866682,-0.000557358943560793,-0.00173270057117758,-0.00210554062457646,-0.000318939466720458,1.93047229100074e-05
"5:150862554:C:T",-0.00221079540803082,-0.0018635852320994,-0.000421121943810832,-6.83948611523988e-07,-7.84338791861572e-05,-0.00186550261633389,-0.00143965296822124,-1.05069208853337e-05,-0.00228066889903289,-0.000971662056146627,2.62885319406436e-05,-0.000580942265592022,-0.000131817456839656,1.11877326309795e-05,2.35299799191679e-05,-0.00373842173824102,-0.00422780142081702,6.99384465630004e-06,-0.00203597579471282,-0.000814837471533547,-3.85234780644339e-05,-9.64158491978395e-06,-0.0019235750957316,-8.79643920903561e-06,6.99384465630004e-06,-7.82693694212355e-06,-0.000557358943560793,0.0309718625369455,-0.00235028651992231,-0.00072964447218915,-0.00228066889903289,-0.000468124081081989
"5:150863087:T:G",-0.0028938692787408,-7.01056216634299e-06,-0.00280099406468359,-1.74954361726876e-05,0.000343336551695828,-0.000149806480512993,0.000213710430033487,-0.000430758794731645,-0.0002327625814047,-0.00671289521568585,0.000109813026229588,-0.00136343127451299,-0.00411194616853328,-0.0092283152707493,0.000259753501454796,-0.00566011098954533,-0.000387112167259396,-0.000651581947233915,-0.0103626359253561,-0.0053969654519066,-0.0004765099186681,-0.00407976820711742,-0.00315968093528252,-0.000145308399399191,-0.000651581947233915,-6.96727084781301e-05,-0.00173270057117758,-0.00235028651992231,0.0639795749444891,-0.00147340434649568,-0.0002327625814047,-0.000126820709527742
"5:150865371:T:C",-4.96365189484038e-06,1.33231456240779e-05,0.000281980231510381,-8.77678473365506e-06,0.000152047607213213,-0.000140685760171344,0.000577762010181893,-0.000101763423310253,1.33231456240779e-05,-0.0005236194117062,-0.00156682856502766,-0.000544281511537292,-0.000518416753184425,0.000115678902788297,0.000315410663378479,5.53854462257419e-05,-0.000272719594899939,7.38856998063753e-05,-0.00203022519789364,-0.000449974672934061,-0.000705923256338892,-9.23264738066365e-05,-0.000305443625855162,-8.30027527971566e-05,7.38856998063753e-05,-0.00504058601974133,-0.00210554062457646,-0.00072964447218915,-0.00147340434649568,0.0155118607062974,1.33231456240779e-05,-0.000499739504986607
"5:150867278:G:A",-0.00236557212721333,-1.2330628242907e-06,-1.37546089939988e-05,2.49982571531859e-07,1.27056235088574e-05,4.39908741256545e-06,-0.000695290833902185,3.4513846918216e-06,1.35341685378876e-05,-0.00252087146968005,-0.00108589696190986,-0.00217549382451487,-0.00250397471956632,-5.39888570738611e-06,-0.00138272986226973,-3.48165525476674e-06,-0.00118579980575007,-3.06732684940414e-06,-0.000334332570750995,-0.000670482504053549,9.00365814526793e-06,3.21421246685105e-06,-0.00203728926899949,2.9770411638097e-06,-3.06732684940414e-06,-7.01615461728977e-07,-0.000318939466720458,-0.00228066889903289,-0.0002327625814047,1.33231456240779e-05,0.0218154485958846,-0.00205749752229778
"5:150868879:C:T",1.67650031190902e-06,3.27896196505861e-06,-0.00110931529833724,-7.97445297351373e-07,-7.54348335227917e-05,-1.56050562933885e-05,-0.000889663521503437,-0.00147167837840367,-0.00205749752229778,-0.000228871507308881,4.1232297269822e-05,-0.00145412071772455,1.76725874201367e-05,1.38892627568055e-05,3.38640241510646e-05,9.0504252723278e-06,-0.000852294000412535,8.45411333472157e-06,-5.11790922947952e-05,-9.60390375071007e-05,-3.96364480508282e-05,-1.07764164951618e-05,-3.55922745116644e-05,-9.86089853949323e-06,8.45411333472157e-06,1.67650031190902e-06,1.93047229100074e-05,-0.000468124081081989,-0.000126820709527742,-0.000499739504986607,-0.00205749752229778,0.0113919907573563
