"","16:89725002:C:T","16:89726819:G:A","16:89727286:C:T","16:89727392:C:T","16:89728333:G:A","16:89730387:T:G","16:89733926:C:T","16:89734917:C:T","16:89737595:A:G"
"16:89725002:C:T",0.00851257051021914,-0.00151570717858096,-9.28687987489241e-06,-0.00312898439379428,2.05174944012398e-05,-0.00127264314654241,-0.000426296668646131,-0.00215599551319468,-2.41742239870391e-05
"16:89726819:G:A",-0.00151570717858096,0.00727870910013184,1.0498750313559e-06,-0.00203603058434965,-0.00184591043650872,1.08134557610384e-05,-0.00192436212007596,2.06244328300187e-05,1.08134557610384e-05
"16:89727286:C:T",-9.28687987489241e-06,1.0498750313559e-06,0.00739124227454635,-0.00182371193536923,5.88438081372544e-07,-7.49290316903739e-07,-1.86131795620881e-05,-0.00295530974508829,-0.00258520955744768
"16:89727392:C:T",-0.00312898439379428,-0.00203603058434965,-0.00182371193536923,0.0072296727624801,-9.15331500372929e-07,5.59001755107147e-07,-0.000275213797742424,3.4065276765638e-05,5.59001755107147e-07
"16:89728333:G:A",2.05174944012398e-05,-0.00184591043650872,5.88438081372544e-07,-9.15331500372929e-07,0.0042327130656572,-0.00245432463777817,5.45933533580012e-06,3.85104948499304e-05,3.36157746172461e-06
"16:89730387:T:G",-0.00127264314654241,1.08134557610384e-05,-7.49290316903739e-07,5.59001755107147e-07,-0.00245432463777817,0.0110713251897874,-0.00260557633189684,-0.00301751457797206,-0.00173188966279714
"16:89733926:C:T",-0.000426296668646131,-0.00192436212007596,-1.86131795620881e-05,-0.000275213797742424,5.45933533580012e-06,-0.00260557633189684,0.00595344435211409,-0.000642847372101407,-6.59942174250361e-05
"16:89734917:C:T",-0.00215599551319468,2.06244328300187e-05,-0.00295530974508829,3.4065276765638e-05,3.85104948499304e-05,-0.00301751457797206,-0.000642847372101407,0.00893203286718602,-0.000253565863275185
"16:89737595:A:G",-2.41742239870391e-05,1.08134557610384e-05,-0.00258520955744768,5.59001755107147e-07,3.36157746172461e-06,-0.00173188966279714,-6.59942174250361e-05,-0.000253565863275185,0.0046460994899542
