"","9:93566767:T:G","9:93568667:C:T","9:93569795:G:A","9:93571341:A:G","9:93572498:G:A","9:93575549:G:A","9:93576544:G:A","9:93577173:C:T","9:93578294:A:C","9:93582032:C:A","9:93582057:A:G","9:93582132:A:G","9:93582553:G:A","9:93582771:G:A","9:93584793:A:G","9:93587612:C:G","9:93589029:A:G","9:93596539:G:A","9:93596548:C:T","9:93597535:T:A","9:93602185:A:C","9:93604732:C:T","9:93611320:G:C","9:93612959:C:T","9:93613252:G:A","9:93615704:G:A","9:93615717:G:A","9:93616619:G:A","9:93616900:C:T","9:93616960:G:T","9:93617251:C:T","9:93617445:A:G","9:93623372:A:G","9:93623379:A:T","9:93623615:C:T","9:93623959:A:G","9:93624155:G:A","9:93625326:A:C","9:93625553:C:A","9:93625806:T:C","9:93627484:C:T","9:93628282:G:T","9:93633166:C:A","9:93634625:C:T","9:93635367:G:C","9:93636875:A:G","9:93639590:A:G","9:93641296:C:T","9:93645670:C:T","9:93647272:A:G","9:93651635:C:T","9:93651885:G:C","9:93652656:C:T","9:93654616:C:G","9:93658952:T:C","9:93659715:T:G","9:93660309:T:C","9:93660311:C:T","9:93660398:T:G","9:93661822:G:A"
"9:93566767:T:G",0.00134275913732562,1.36769706262641e-05,3.12543772285068e-05,-4.05444496456298e-05,4.5677706259184e-05,-2.31287551466508e-05,3.81469132699763e-05,0.000110443561211149,0.000409452758652229,-7.5242494346206e-05,2.9770411638097e-06,2.56919619197049e-05,4.38989509099486e-06,-5.21841990277494e-05,4.81537069250138e-05,-1.15959004727273e-05,-8.50887695591496e-06,-3.8057148237236e-05,0.000102997565908147,-4.10253455260801e-05,0.00016839743879693,7.78077916763209e-06,5.29052104818462e-05,-0.000121627422870141,-8.24225665851941e-06,1.24173278743811e-05,0.000224980155723031,4.64679622131925e-05,2.56919619197049e-05,-0.000112433703501225,-0.000171541583948276,6.15789696585267e-05,5.45323920029261e-05,-9.86296022400523e-05,4.47604172366667e-05,-6.08008820348616e-05,-4.36298639083788e-06,4.52217622877171e-05,-3.29659457634079e-05,-4.30338026298216e-05,-4.73774122928816e-05,3.66393698119083e-05,-0.000317223417343193,4.47604172366667e-05,3.86378141534749e-05,-1.32209019030327e-05,-3.99463915812248e-06,-0.0007380977094682,-1.65078928855422e-05,6.36019050324066e-05,-7.03701908024712e-05,-0.000137664995878417,-1.15959004718391e-05,-0.000391288856119942,-0.000103223403323582,-2.2976024422583e-05,-7.64433151685395e-05,-0.0001149223066923,-1.48312311774035e-05,-8.03319266742264e-05
"9:93568667:C:T",1.36769706262641e-05,0.134518245067152,-6.59714162880576e-05,-0.0030309961727677,-0.00180673195266401,-0.000288158914317549,-0.000773848321188986,-0.00102356699107009,-0.000130145243752544,-0.000131765519237881,-0.00278179315324678,-0.000258184060134781,-0.00332251600815958,5.70718956698357e-05,-0.00112780350203989,1.78832748760627e-05,1.36769706262641e-05,-0.000158741641913984,-0.00458906020944294,-0.00180830674472743,-0.00530493357025641,-1.41471301722262e-05,-0.0038957957401653,-0.00195782076282658,1.60679187555246e-06,-2.40673698765903e-05,-0.0110541367480099,-0.00342454901776135,-0.00579441736679165,-0.00547211666347858,-0.00532464097244034,-0.00958644063748793,-0.00013154724197495,-0.00309967410882495,-0.001581797739858,6.03433269779075e-05,-0.00212554858295899,-0.000104546487582624,4.30989390753922e-05,-0.000118674982704015,-0.00350389308570698,-3.86947271993066e-05,-0.000278296039092574,-0.001581797739858,-8.53997743188728e-05,-0.00116666875319726,-0.00610434300096285,-0.00574217925014953,-0.00403412612378329,-0.0016050550410327,-0.00108645049219014,-0.00270238270365164,-0.00217827906774559,-0.00901661885494454,-0.00151648645721369,-7.71787603603968e-05,-0.00217786949953513,-0.00758177450518005,-0.00218204038798753,-0.00175362399864643
"9:93569795:G:A",3.12543772285068e-05,-6.59714162880576e-05,-0.0130780321378046,-0.000926801269635291,-0.000174731346204382,0.000388017649376238,0.00341860547414718,0.000701234194680822,-6.41478153520225e-05,-0.000203489922152578,-1.42883521077053e-05,-0.000109166245026771,-1.86518379656775e-05,0.000188855027054124,9.20354081586083e-05,-0.000606529471667727,3.12543772285068e-05,-0.000739394288046036,-6.58686332872804e-05,0.000495355467723613,0.000108894361670941,-2.91387123239062e-05,0.00218436557196444,-1.68497015708979e-05,2.56589727980483e-05,-4.88256502162443e-05,-0.00059436314306538,9.00296946060308e-05,-0.000109166245025882,0.000170047576752985,-0.000172257960472599,0.00010524032283854,0.00423827098953389,0.000194177891835068,-0.00017213660014459,0.000216134443771665,1.35976367579005e-05,-0.000173441456813528,0.000116797745787878,-0.000242158481010613,0.000285700378640286,-0.000140909498147046,0.000852563195864242,-0.00017213660014459,0.00373711224794793,-9.90060185594999e-05,0.000236489894734682,0.000293377184604537,-0.00025856009785219,0.000741366749702266,0.000242366155876361,0.000182555053878097,4.09349496903744e-05,-0.000127386158371934,-0.000128260975315264,8.1113869833338e-05,4.24612120495382e-05,-0.000984722940152949,5.10619176088412e-05,-6.0537019620277e-05
"9:93571341:A:G",-4.05444496456298e-05,-0.0030309961727677,-0.000926801269635291,0.249925554352052,-0.00426931451873802,-0.00328524403626052,-0.00101345030768751,-0.000530204547394053,-0.00205720461476133,-0.00252937709718681,-0.000777107682297107,-4.35452627742805e-05,-0.0010041947931505,-0.000690421110791206,-0.00406871048873647,-0.000238660903416843,-4.05444496456298e-05,-0.00394107707106128,-0.0117035138382762,-0.000671346822265662,-0.00379511689109213,0.000113281892931028,-0.00345847520172349,-0.0069923406767054,-0.000132696956002931,-0.00322964010116511,-0.0151243553085538,-0.010644153929583,-0.00307239443206209,-0.00926829658638617,-0.00439414011750472,-0.0071140432006267,-0.0023882986313577,-0.0116332139043922,-0.00469628712607939,-0.00520691370904203,-0.00367881160710581,-0.00646864515788881,-0.000171130240038231,-0.0032952332982914,-0.00933509378902952,-0.00388464010810985,-0.00882739255904896,-0.00469628712607939,-0.00251834827552511,-0.00256451566120131,-0.0138523086226043,-0.00549054510391134,-0.00447847807514945,-0.00609626697281618,-0.00342028977807063,-0.00349270971589544,-0.00548068762107157,-0.00428356831459897,-0.00357437937942917,-0.00428441610864372,-0.00624251284076527,-0.00504404145239157,-0.00439467677111027,-0.00245123145743742
"9:93572498:G:A",4.5677706259184e-05,-0.00180673195266401,-0.000174731346204382,-0.00426931451873802,0.0693088533299444,8.58282982951764e-05,-0.000215951355764687,-0.00705887308290709,-0.00306112257176316,-1.31718572449202e-05,-2.27475968621604e-05,-0.00016857344111898,-0.00509355297157477,0.000273711497846385,0.000398804916561524,5.89338638787851e-05,4.5677706259184e-05,0.000171346075504175,-0.000279492143317128,-0.00170679816079389,-0.00102527984792511,-4.29384135793853e-05,-0.000304230606066547,0.000576440149586688,3.50221776432846e-05,-7.32611015283879e-05,-0.000493202137116455,-0.00098934084556479,-0.001502760229946,-0.000393686459959852,-0.00126494555683099,-0.000849502373075239,-0.000309789946492778,-0.00395492318393131,-0.000256935734156194,0.000311186649436301,-0.00430551293027648,-0.000179133603525727,0.000168240361332117,-0.00100758001532597,-0.000542143702736197,0.00207425441589582,-0.000577270458963497,-0.000256935734156194,-0.000217825397355043,5.60782947074401e-05,-0.00394505411778923,-0.00106859412899674,7.99653435814562e-05,-0.00520813556479194,-0.00284476822769442,-0.00225419855513564,5.89338638778969e-05,-0.00252033272895158,-0.00276589726879539,0.000116736490988423,-0.00395929321904731,-0.00335633009149472,-0.00134927425443632,-0.00217555370699962
"9:93575549:G:A",-2.31287551466508e-05,-0.000288158914317549,0.000388017649376238,-0.00328524403626052,8.58282982951764e-05,0.1902234798287,-0.00549955733503538,-0.00072213688396161,-0.00889329617612145,-0.00208650651614395,-0.000609734391463057,-0.000682946357967396,-0.00587600305116176,8.53419261757082e-05,-0.00585934158200629,-0.00154800505277386,-2.31287551466508e-05,-0.000950089434237356,-0.000523449056597514,-0.0032854301806009,-0.0011589405379695,1.91358181815815e-05,-0.00117239928102464,-0.00379335467110575,-0.00271321647837741,-0.00414174358257746,-0.00525601827839761,-0.0094070132649744,-0.000131421353375849,-0.00627158324555221,-0.00785170564100879,-0.000367157553944786,-0.00230706964433036,-0.00198128854236579,-0.00451171707353826,-0.00529735292714051,-0.0040832168000895,-0.00795959062287022,-0.000557619337719473,-0.0010014223663859,-0.00289568475150537,-0.000602654830565541,-0.00436144445959741,-0.00451171707353826,-0.00407359482817693,-0.0054545559300907,-0.00208883714661567,-0.000962711030934926,-0.00234390784107319,-0.00212364380022834,-0.00410892086980041,-0.00600175849363893,0.000177421083182416,-0.0061049407700966,-0.0107796884082827,-3.64744337595369e-05,-0.0124521683408312,-0.0045858542474928,-0.00317684123201989,-0.00419383843397236
"9:93576544:G:A",3.81469132699763e-05,-0.000773848321188986,0.00341860547414718,-0.00101345030768751,-0.000215951355764687,-0.00549955733503538,0.101155897150019,8.63302147360301e-05,-0.00383876809378414,-0.00532262533322481,-1.81971761410438e-05,-0.000137177919235398,-2.33509487843619e-05,0.000228976121794844,-0.00101651523673674,-0.0014133948361561,3.81469132699763e-05,-0.00333585388077484,-0.0026467944174664,-0.00193418196738637,-0.0056402678405405,-3.5740978083787e-05,-0.000482948453012888,-0.00689494794363643,3.03354556896451e-05,-6.04336574729913e-05,-0.000541185405918299,-0.000535386913888658,-0.000643220958616908,-0.00385569882890646,-0.00619299119503491,-0.00124483243415963,0.00156983932611787,-0.00545374911574381,-0.000212948317100725,0.00026112210392526,-0.00491496245685674,-0.000214458483164925,0.000141380497332477,-0.00125520140946378,-0.00458941700374993,-0.000174180041460303,-0.0045355195896768,-0.000212948317100725,0.00108268176822524,-0.000832943760760152,-0.00534465285787178,-0.000842224580903661,-0.000988854364391223,-0.00193723057980488,-0.00112372821018347,-0.00560044031261331,4.96002809988738e-05,-0.00512843200459479,-0.000162186583264834,9.82034834793311e-05,-0.00653630737424926,-0.0048144216395869,6.15759994557763e-05,-6.87129612817472e-05
"9:93577173:C:T",0.000110443561211149,-0.00102356699107009,0.000701234194680822,-0.000530204547394053,-0.00705887308290709,-0.00072213688396161,8.63302147360301e-05,0.115491946015243,-0.000177049580904587,-0.000514903790122645,-0.000805050497320714,-0.00982084056140131,-0.00496791704636479,0.000662042543303265,-0.00332226889930576,0.000132811724659732,0.000110443561211149,-2.27568983852677e-05,-0.00141083883850435,-0.00260626330753366,-0.000981997799196055,-0.000106234845558717,-0.000581695818254069,0.000760703546348829,5.67380006488705e-05,-0.000669230819856814,-0.000578857724997661,-0.0057715939341918,-0.00224733875863414,-0.00387759534621424,-0.00243066626572563,0.000190115465656504,-0.000769967864473031,0.000139927901737558,-0.000650545941172531,-0.00115576912892124,-0.00411274830021746,-0.00655833853578169,-0.00105666073603672,-0.00192374169209675,-0.00184049087543059,-0.00168704508022621,0.000764840028903535,-0.000650545941172531,-0.000542001556497418,-0.00848724821212965,0.000281763832280735,0.00220540635073441,0.000168348148393171,-0.00135916952447701,-0.00384425071485239,-0.00762269103488977,-0.000906741427122881,-0.000989291407225146,-0.0148804573090686,-0.00115756140000212,-0.00318319535817491,-0.00144440087732178,0.000156225744106564,-0.00696857567875941
"9:93578294:A:C",0.000409452758652229,-0.000130145243752544,-6.41478153520225e-05,-0.00205720461476133,-0.00306112257176316,-0.00889329617612145,-0.00383876809378414,-0.000177049580904587,0.184157938085826,-0.00303985032418819,-0.000833389161793541,-0.00107859123561571,3.82682120845246e-05,-0.000339798256958623,-0.000690846789253907,-0.0015922291101047,0.000409452758652229,-0.00928361194662308,0.000697769004042836,-0.000711080886386828,-0.00227507661396054,0.000129368552896914,-0.000458128176174633,-0.00879558976549255,-0.00467259054653724,-0.00190967415341614,-0.00620709437960443,-0.00578968016846826,-0.00222091839456784,-0.0140916179360553,-0.00487934449299043,6.89175946009257e-05,-3.28580698774061e-05,-0.00890447280233753,0.000690656678204782,-0.00373594233179197,-0.00309548236893065,5.38958706473025e-05,-0.000742223990753743,-0.00508157828114442,-0.00144296289269308,0.000263725909247725,-0.001955470130512,0.000690656678204782,-0.000412999526794522,-0.00326951844815326,-0.00990995150017548,6.12237036570207e-05,-0.00942142637548127,-0.0021557358362978,-0.00181656804072183,-0.00570974866893881,0.000335563981436415,-0.00668235648240012,-0.00259817644188942,-0.0100153977559474,-0.00319832910161377,-0.00633896646424459,-0.00141789380298007,-0.0129779840398436
"9:93582032:C:A",-7.5242494346206e-05,-0.000131765519237881,-0.000203489922152578,-0.00252937709718681,-1.31718572449202e-05,-0.00208650651614395,-0.00532262533322481,-0.000514903790122645,-0.00303985032418819,0.172139384576056,-2.56208894251486e-05,-0.00199533448940326,-0.00296367832922328,-0.00890562138124196,0.000876071418725921,-0.00414783867213142,4.86961018708598e-05,-0.0029795034464577,-0.00250299174746305,-0.00866586999280861,-0.00378016233241807,-4.75217984954313e-05,-0.000215366329620714,-0.000552853789745011,-0.00203968120244102,-8.27449003617531e-05,-0.00528747339383351,-0.00439757431897103,-0.00337632757785755,-0.0106334302634981,-0.00574853867042879,-0.000440635946488577,-0.00132298881603443,-0.00589817996004394,-0.000309909598136926,0.000201025635181651,-0.0024894682947556,-0.0021563795541768,8.50659154192357e-05,-0.00426474882601546,-0.00842546594930349,-0.000509538277486676,-0.00108813592665502,-0.000309909598136926,-0.000604370041494384,-0.000213559490080506,-0.00578380348318719,-0.000553739006577736,-0.00200270997205099,-0.000504588689270946,-0.00383219903922694,-0.0126475628372846,-0.00498403432452665,-0.00278291934361308,-0.00539502614496179,-0.00162696272551255,-0.00923466741722123,-0.0044487307693073,-0.00498249071528445,-0.00427245252074648
"9:93582057:A:G",2.9770411638097e-06,-0.00278179315324678,-1.42883521077053e-05,-0.000777107682297107,-2.27475968621604e-05,-0.000609734391463057,-1.81971761410438e-05,-0.000805050497320714,-0.000833389161793541,-2.56208894251486e-05,0.084139931633687,-0.00254260826198305,-1.76140566132688e-06,1.2406135099674e-05,-0.000316704676068369,3.92553746397795e-06,2.9770411638097e-06,-0.0041122549839967,-0.00286202474718777,-3.43156946325252e-05,-0.00204113024011487,-3.06732684940414e-06,-0.00100365346646036,-0.00226616235992783,2.77192348985267e-06,-5.12860881229926e-06,-0.00295759685567099,-0.0083183008697727,-0.00146381604468893,-0.00207782975764292,-0.00306357220470854,-3.41628006168548e-05,-2.84189951935687e-05,-0.00317706513627414,-2.22300795327257e-05,-0.000228307682706763,-0.00869135647812502,-0.00224085119941542,9.40320402786909e-06,1.11473456154698e-05,-0.00104191637744133,-0.00129326566002419,-0.000156427434067297,-2.22300795327257e-05,-1.84597932788577e-05,4.29237852461739e-06,-0.00307957917688029,-4.35356364016926e-05,5.34252991091222e-06,-0.000123353119160008,-0.00115895598751692,-0.00466564437522754,3.92553746486612e-06,-0.00521799874648199,-0.00605616766879713,7.12347407549885e-06,-0.00376426658022133,-0.00167875959888253,4.87158305961799e-06,-0.00251028635413286
"9:93582132:A:G",2.56919619197049e-05,-0.000258184060134781,-0.000109166245026771,-4.35452627742805e-05,-0.00016857344111898,-0.000682946357967396,-0.000137177919235398,-0.00982084056140131,-0.00107859123561571,-0.00199533448940326,-0.00254260826198305,0.0959850993594538,-0.00298129051455565,-9.4467960418676e-05,-0.00420713914135762,3.35864662810437e-05,2.56919619197049e-05,-0.000615737452464238,-0.00156553748937416,-0.00283798360730403,-0.00398605583827472,0.000172103014198122,-0.000200638874085612,-0.00011329660094539,2.17591777555981e-05,-0.00143051315607945,-0.00187813097513256,-0.00161540725622356,2.94428661122836e-05,-0.00259440030367752,-0.00441599373165014,-0.000479285966207499,-0.000205429433926874,-0.00161054904653701,-0.00316518288293555,-0.00136689183688787,-0.00186097036771482,-0.00090665977192117,-0.000158964870277778,-0.0063426260571795,-0.00147909200575613,-0.000132651958614893,-0.000578728232360604,-0.00316518288293555,-0.000138655513264752,-0.000454274165053725,-0.0007802672919488,-0.00298541975923428,-0.00444838163473005,-0.000536841638477448,-0.0015851927184336,-0.00321283520975202,3.358646628282e-05,-0.00629209276885634,-0.00264416707339343,6.42750848065532e-05,-0.000609175552871655,-0.000286449961846458,-0.00190596059563752,-0.00368574642577002
"9:93582553:G:A",4.38989509099486e-06,-0.00332251600815958,-1.86518379656775e-05,-0.0010041947931505,-0.00509355297157477,-0.00587600305116176,-2.33509487843619e-05,-0.00496791704636479,3.82682120845246e-05,-0.00296367832922328,-1.76140566132688e-06,-0.00298129051455565,0.118545087921301,2.25884403999288e-05,-0.00158724828043688,5.84534231773404e-06,4.38989509099486e-06,-0.00582997702111232,-0.00299863764475816,-7.01325329295344e-05,-0.000318714892733496,-4.28001780328202e-06,-3.40511706671265e-05,-0.00233525903495035,4.05496186051124e-06,-7.06115959836495e-06,-0.00235629574693519,-0.000190797105242169,-0.00133548704600184,-0.00495896941008311,-0.00694149334756844,-0.00025159181844181,-3.51434549425989e-05,-0.0060473267456187,-0.00187979144919126,-0.0019587529140761,2.1752312804324e-06,-2.83828272342745e-05,1.53524179760112e-05,1.91283072306092e-05,-0.00519773905688048,-2.24056507809323e-05,-0.0070507912926514,-0.00187979144919126,-2.36603476784225e-05,-0.00013104229912031,-0.0026556819126089,-0.000383758116535127,8.09420638248071e-06,-0.00428579087774761,-0.00218884558118582,-0.0119618075319421,5.84534231773404e-06,-0.00257895896931704,-1.83750998834498e-05,1.11069283406096e-05,-0.00529760928383727,3.63053845013894e-05,-0.00156213094105162,-0.008061933548837
"9:93582771:G:A",-5.21841990277494e-05,5.70718956698357e-05,0.000188855027054124,-0.000690421110791206,0.000273711497846385,8.53419261757082e-05,0.000228976121794844,0.000662042543303265,-0.000339798256958623,-0.00890562138124196,1.2406135099674e-05,-9.4467960418676e-05,2.25884403999288e-05,0.00510874619366763,-0.000946118091546211,-7.4021717415107e-05,-5.21841990277494e-05,1.89751259753734e-05,0.000538250448284927,0.00101511190406267,-7.37788652624971e-05,4.70140638366701e-05,0.000315815622383475,0.00015536673311356,-5.88284507312409e-05,7.11037557916683e-05,-0.000291353931470617,0.000219313767138907,0.000134016050840735,7.42244272826653e-05,0.000321684341632711,-3.29720634955066e-05,0.000328766742918596,-0.000124331914206799,0.000266585757769278,0.000486935397714383,-3.11287827186035e-05,0.00027016987009798,-0.000208279855505644,-0.000278613219038881,-0.00046317751855085,0.000217500481953792,0.000295095401144252,0.000266585757769278,0.000232711846551936,-9.44086548155809e-05,-8.73398195642139e-05,-0.000327853149290291,-0.00010879422802379,0.000366364970838085,0.000187340984070694,0.000415356926422028,-7.40217174142188e-05,-6.59607800734818e-05,0.000145250798201602,0.000338087342989013,-0.000227773994065927,0.000647746223732426,-9.69214786783468e-05,-0.000214759184194335
"9:93584793:A:G",4.81537069250138e-05,-0.00112780350203989,9.20354081586083e-05,-0.00406871048873647,0.000398804916561524,-0.00585934158200629,-0.00101651523673674,-0.00332226889930576,-0.000690846789253907,0.000876071418725921,-0.000316704676068369,-0.00420713914135762,-0.00158724828043688,-0.000946118091546211,0.239228741440144,-5.99291555287707e-05,4.81537069250138e-05,-0.00886126204952875,-0.00167805891451556,-0.00664103968597995,-0.0048087045266425,-0.00014998597445004,-0.0108114876752698,-0.0023584093148119,-0.00311321981890123,-0.00326989109698772,-0.00297130021958036,-0.00226356749636381,-0.00407574961348178,-0.0136968336810628,-0.00338443333925076,-0.00850050579347883,-0.000535186782509633,-0.0118732431192514,-0.00574069370137531,-0.0119150103277983,-0.0081629319002845,-0.00805331566983769,-0.000482614343766841,-0.000624725313710162,-0.0159281274765291,-0.00157563238231662,-0.0116011309668824,-0.00574069370137531,-0.000445118336171113,-0.00120393296292409,-0.0110909655697817,-0.00213603685145136,-0.00236276063517504,-0.00685549570370059,-0.00100901679685039,-0.00600631661793338,-0.000468024549798329,-0.0121340331076238,-0.000418121167980789,-0.00685484717165918,-0.00160381683045285,-0.00536138118041452,-0.000546292384646652,-0.000175420001915949
"9:93587612:C:G",-1.15959004727273e-05,1.78832748760627e-05,-0.000606529471667727,-0.000238660903416843,5.89338638787851e-05,-0.00154800505277386,-0.0014133948361561,0.000132811724659732,-0.0015922291101047,-0.00414783867213142,3.92553746397795e-06,3.35864662810437e-05,5.84534231773404e-06,-7.4021717415107e-05,-5.99291555287707e-05,0.0636290758401374,-1.15959004727273e-05,-0.00622296545267087,0.000124713760030204,-0.00316904872518009,-0.00152897214158543,1.04289585758366e-05,-0.00156530287788126,-9.64630574005199e-05,-1.13664469001407e-05,1.65156242726283e-05,-0.000144815314738089,-0.00188066369701723,-0.00203434914586431,-0.00197877196903917,5.29684563410626e-05,7.80040152106309e-05,-0.000904545289584391,-0.000320568098870488,5.77895125122296e-05,-8.70536120078924e-05,-5.9921786270678e-06,5.83653912320514e-05,-4.60825049426461e-05,-0.000112518918926163,-0.00220491514841115,4.76877055426428e-05,-0.00200355996237267,5.77895125122296e-05,-0.00105668037098727,-1.83277057352882e-05,-0.000355986035036615,9.33104973759313e-05,-0.0028591366597448,-0.00205970876871753,-0.000101958610391861,-0.00454077264626651,0.000277121464686836,-0.00605086625019435,-0.004185410736258,-3.1837044558003e-05,-0.00429213424266894,-0.00520889065755004,-2.0437080398672e-05,4.71451227603836e-05
"9:93589029:A:G",-8.50887695591496e-06,1.36769706262641e-05,3.12543772285068e-05,-4.05444496456298e-05,4.5677706259184e-05,-2.31287551466508e-05,3.81469132699763e-05,0.000110443561211149,0.000409452758652229,4.86961018708598e-05,2.9770411638097e-06,2.56919619197049e-05,4.38989509099486e-06,-5.21841990277494e-05,4.81537069250138e-05,-1.15959004727273e-05,-0.000887147911312169,0.000188071176413729,0.000102997565908147,-4.10253455260801e-05,-0.000296720933171457,7.78077916763209e-06,5.29052104818462e-05,-0.000121627422870141,-8.24225665851941e-06,1.24173278743811e-05,0.000224980155723031,4.64679622131925e-05,2.56919619197049e-05,-0.000112433703501225,0.000101979656920825,6.15789696585267e-05,5.45323920029261e-05,-9.86296022400523e-05,4.47604172366667e-05,-6.08008820348616e-05,-4.36298639083788e-06,4.52217622877171e-05,-3.29659457634079e-05,-4.30338026298216e-05,0.000316710040576318,3.66393698119083e-05,0.000117901509103291,4.47604172366667e-05,3.86378141534749e-05,-1.32209019030327e-05,-0.000103611446123253,7.45925637044564e-05,-1.65078928855422e-05,6.36019050324066e-05,0.000515998904172754,-0.000137664995878417,-1.15959004718391e-05,-0.000391288856119942,2.91827599454564e-05,-2.2976024422583e-05,-0.000236067160066966,-0.0001149223066923,-1.48312311774035e-05,-8.03319266742264e-05
"9:93596539:G:A",-3.8057148237236e-05,-0.000158741641913984,-0.000739394288046036,-0.00394107707106128,0.000171346075504175,-0.000950089434237356,-0.00333585388077484,-2.27568983852677e-05,-0.00928361194662308,-0.0029795034464577,-0.0041122549839967,-0.000615737452464238,-0.00582997702111232,1.89751259753734e-05,-0.00886126204952875,-0.00622296545267087,0.000188071176413729,0.150797502736787,9.3343973269544e-05,2.67814653649445e-05,-0.000785986564678431,3.29066571076453e-05,-0.00439652046329986,-0.000230196660033322,-0.00801814405455126,-0.00390517193104412,-0.00347975788989752,-0.0110249119901797,-8.67257857333215e-05,-0.00204042715042396,-0.00172125565155001,-5.47021775343381e-06,-0.0038986781679764,-0.00383656916458142,-0.00113246549259127,-0.00154947370672076,-0.00405339439661834,-0.000502163341845829,-0.00168087022750729,-0.00108048775746461,-0.000159870996149003,-0.000534212823709801,-0.0051794315031195,-0.00113246549259127,-0.00569326567651185,-5.24393178160665e-05,-0.00267913376425977,3.1288634262161e-05,-0.00283808661147944,-0.00471605694893995,0.00203999086416395,-0.00508945830781826,-5.38976821591319e-05,-0.00655043727923399,-0.0106522191398151,-5.56471214983034e-05,-0.00202534671972865,-0.00154877933764475,-0.00316601319201393,-0.000753491464399403
"9:93596548:C:T",0.000102997565908147,-0.00458906020944294,-6.58686332872804e-05,-0.0117035138382762,-0.000279492143317128,-0.000523449056597514,-0.0026467944174664,-0.00141083883850435,0.000697769004042836,-0.00250299174746305,-0.00286202474718777,-0.00156553748937416,-0.00299863764475816,0.000538250448284927,-0.00167805891451556,0.000124713760030204,0.000102997565908147,9.3343973269544e-05,0.209869618346215,-0.00571426513990403,-0.010655354756099,-0.000103778641351582,-0.00114530579234629,-0.00405079000754238,-0.000395067572213748,-0.00166065365851864,-0.00062085142031254,-0.00132044430600775,-0.00945479907789393,-0.0139048518409512,-0.00275447133537687,-0.0030925924490961,-0.0028763412941526,-0.011404596939979,-0.000373015498555063,-0.00780854392414732,-0.000316847542318754,-0.00383480431717409,-0.00239411170721482,-0.00285129782399274,-0.00464203688639842,-0.00239297921236226,-0.0109634577089617,-0.000373015498555063,-0.00304453360902013,-0.00218131115109266,-0.0118886194526651,-0.00117711492193262,-0.0049414584754679,-0.00898504133943145,-0.00316644182389414,-0.00211863214276775,-0.000835338795975638,-0.0137610456179575,-0.000296010629229571,-0.00274131141327949,-0.00203067070043739,-0.00832381245243496,-0.00259395662208473,-0.00551384948437095
"9:93597535:T:A",-4.10253455260801e-05,-0.00180830674472743,0.000495355467723613,-0.000671346822265662,-0.00170679816079389,-0.0032854301806009,-0.00193418196738637,-0.00260626330753366,-0.000711080886386828,-0.00866586999280861,-3.43156946325252e-05,-0.00283798360730403,-7.01325329295344e-05,0.00101511190406267,-0.00664103968597995,-0.00316904872518009,-4.10253455260801e-05,2.67814653649445e-05,-0.00571426513990403,0.186252314934297,-0.0120207207555145,3.01487424270164e-05,-0.00121782436569351,-0.00349396026033943,-0.000132905126726257,-0.00152633191989615,-0.00241111232853797,-0.00184273796313805,-0.0021349390476364,-0.00841016147062223,-0.00218480850160407,-0.00397488372394461,-0.000873585523556208,-0.010064761339279,-0.00992475429677864,0.000173624382131976,-0.00191578325863784,-0.00518184222298945,0.000289430587569584,-0.00145432069776108,-0.00339131286463523,-0.0033010983599695,-0.00584307930855976,-0.00992475429677864,-0.0010471715619742,-0.000687644215171979,-0.012941003270778,-0.00152690500643615,-0.00157324883711274,-0.0053323603587625,-0.000635506997694879,-0.00317925700157007,-0.000373347411879443,-0.000384347091291648,-0.00103736447031899,-0.00740077672108397,-0.00515401355805034,-0.0067105871185813,-0.00327512005839914,-0.00586032203238762
"9:93602185:A:C",0.00016839743879693,-0.00530493357025641,0.000108894361670941,-0.00379511689109213,-0.00102527984792511,-0.0011589405379695,-0.0056402678405405,-0.000981997799196055,-0.00227507661396054,-0.00378016233241807,-0.00204113024011487,-0.00398605583827472,-0.000318714892733496,-7.37788652624971e-05,-0.0048087045266425,-0.00152897214158543,-0.000296720933171457,-0.000785986564678431,-0.010655354756099,-0.0120207207555145,0.206932563878057,2.72770620846075e-06,-1.60730114062702e-05,-0.00519108977798721,-0.00140205991549047,-7.8179987117899e-05,-0.00509738789290992,-0.00375197592803467,-0.00353297218226345,-0.0106921111927494,-0.0123426611017834,-0.000361905858883738,-0.00185340144683099,-0.0059042384800243,-1.61524666681956e-05,-0.000158268768470027,-0.00496711926458238,0.00021373280746273,-0.00558617245243642,-0.00325384654484351,-0.00532038891839459,-0.00155132540994707,-0.0113231203234614,-1.61524666681956e-05,-0.000736420538336446,-0.00049356741706541,-0.00633052711217763,-0.000859579013165135,-0.00336438296846397,-0.0105240275752192,-0.00295364048009805,-0.00171313527654116,-0.00100732832504935,-0.00611562414539302,-0.00891405483627494,-0.00451989325846069,-0.000868541573997295,-0.00361678409356347,-0.00198130460658508,-0.0105329866334163
"9:93604732:C:T",7.78077916763209e-06,-1.41471301722262e-05,-2.91387123239062e-05,0.000113281892931028,-4.29384135793853e-05,1.91358181815815e-05,-3.5740978083787e-05,-0.000106234845558717,0.000129368552896914,-4.75217984954313e-05,-3.06732684940414e-06,0.000172103014198122,-4.28001780328202e-06,4.70140638366701e-05,-0.00014998597445004,1.04289585758366e-05,7.78077916763209e-06,3.29066571076453e-05,-0.000103778641351582,3.01487424270164e-05,2.72770620846075e-06,-0.000202945839873792,-4.99321831632926e-05,0.000104893656504679,7.070205234605e-06,-1.17277497375667e-05,-0.000232825690467564,-4.72037392977853e-05,-2.5145567974505e-05,9.11919549873019e-05,-0.000103443767359934,0.000267387254872631,-5.13025971331516e-05,8.12400682379533e-05,-4.21596593813689e-05,5.42835851913281e-05,3.7474149809924e-06,-4.25512697175279e-05,2.95598960855514e-05,3.80939033401972e-05,2.6043358280603e-05,-3.4453830054737e-05,-0.000115658912048566,-4.21596593813689e-05,-3.61603912137909e-05,1.1322091320487e-05,8.52313621395595e-05,-7.13655276678438e-05,1.46314457589725e-05,-6.10641870357753e-05,6.19091542537475e-05,0.000106107385599685,1.04289585749484e-05,-1.82936995516414e-05,-2.90068892203621e-05,2.06153396247188e-05,-3.49240335424383e-05,9.90124050170849e-05,1.31985138205337e-05,9.05141139666554e-05
"9:93611320:G:C",5.29052104818462e-05,-0.0038957957401653,0.00218436557196444,-0.00345847520172349,-0.000304230606066547,-0.00117239928102464,-0.000482948453012888,-0.000581695818254069,-0.000458128176174633,-0.000215366329620714,-0.00100365346646036,-0.000200638874085612,-3.40511706671265e-05,0.000315815622383475,-0.0108114876752698,-0.00156530287788126,5.29052104818462e-05,-0.00439652046329986,-0.00114530579234629,-0.00121782436569351,-1.60730114062702e-05,-4.99321831632926e-05,0.13891822611368,-0.000291552313155918,-0.00125252586237057,-0.00080663680860571,-0.00141798164247797,-0.00280770801644792,-0.000837246775782674,-0.00282390385972775,-0.00553676326459129,-0.00458225711181015,-0.00136720237222487,-0.00534899015187484,-0.000300645082170092,-0.0052228065019575,-0.00366661163127713,-0.000302448209554385,0.000193495140078603,-0.00444164280204085,-0.00132405960797488,-0.000245900492339857,-0.008092918786474,-0.000300645082170092,-0.0045347924660577,-0.00053031172518736,-0.00529901716208681,-0.000521788129592693,-0.00462853191420987,-0.0102771681407878,-0.00554328224747902,-0.000242938170149198,6.77420797403627e-05,-0.00929226468062616,-0.00357750651504318,0.000134181670570221,-0.000990407439847907,-0.00234481905489492,-0.00321135184750077,-0.00894518126457333
"9:93612959:C:T",-0.000121627422870141,-0.00195782076282658,-1.68497015708979e-05,-0.0069923406767054,0.000576440149586688,-0.00379335467110575,-0.00689494794363643,0.000760703546348829,-0.00879558976549255,-0.000552853789745011,-0.00226616235992783,-0.00011329660094539,-0.00233525903495035,0.00015536673311356,-0.0023584093148119,-9.64630574005199e-05,-0.000121627422870141,-0.000230196660033322,-0.00405079000754238,-0.00349396026033943,-0.00519108977798721,0.000104893656504679,-0.000291552313155918,0.155456300332834,-0.000126566885374046,-0.00189794068961024,0.000590079449473979,-0.00177148811971861,-0.0032042172080935,-0.00292773611315322,-0.00394833040804343,-0.000764951060657104,-5.93090154845655e-05,-0.00741012791791729,-0.00258567695370004,0.0012179210863712,-0.00184421553890779,-0.000110376698232884,-0.0146693820131247,-0.00464821404324134,-0.00752245054013656,-0.00285861452648195,-0.00156987239165973,-0.00258567695370004,-0.000387109634492511,-0.000328844919298632,-0.00461709148976919,0.000455148996801213,-0.00345363699877499,-0.00239389508441246,0.000516465496552598,-0.00391678749717439,0.000195031436263982,-0.00313865860349472,-0.00748756216408175,-0.00558429348198608,-0.00625026355684044,-0.00530999301787727,-0.00147881631231161,-0.00550205950218219
"9:93613252:G:A",-8.24225665851941e-06,1.60679187555246e-06,2.56589727980483e-05,-0.000132696956002931,3.50221776432846e-05,-0.00271321647837741,3.03354556896451e-05,5.67380006488705e-05,-0.00467259054653724,-0.00203968120244102,2.77192348985267e-06,2.17591777555981e-05,4.05496186051124e-06,-5.88284507312409e-05,-0.00311321981890123,-1.13664469001407e-05,-8.24225665851941e-06,-0.00801814405455126,-0.000395067572213748,-0.000132905126726257,-0.00140205991549047,7.070205234605e-06,-0.00125252586237057,-0.000126566885374046,0.0986111898690729,-0.00243192370216327,-0.000180133345469624,-0.000394184457874758,-0.00214038708136499,-0.00381933533051004,-0.000183700385191443,-0.00225860139753475,3.99509056183689e-05,-0.0089384661145071,-0.00327481658336914,-0.00340219962339461,-0.00240396696597855,3.47573470227402e-05,-3.49204610827769e-05,-0.00330555887509654,-0.00733206340522319,2.93630471874806e-05,-0.00257478940048106,-0.00327481658336914,3.06482189236235e-05,-0.00178331925992836,-0.0086675783174206,4.8951306221845e-05,-0.00167469634774076,-0.00202128261341183,-0.00160487959063627,-0.00479256992225441,-1.13664469001407e-05,-0.00404530213247556,-0.00160513201594537,-4.29338366902954e-06,-0.000214463449164981,9.01339802457102e-05,-1.4720581475558e-05,-0.00259519073772019
"9:93615704:G:A",1.24173278743811e-05,-2.40673698765903e-05,-4.88256502162443e-05,-0.00322964010116511,-7.32611015283879e-05,-0.00414174358257746,-6.04336574729913e-05,-0.000669230819856814,-0.00190967415341614,-8.27449003617531e-05,-5.12860881229926e-06,-0.00143051315607945,-7.06115959836495e-06,7.11037557916683e-05,-0.00326989109698772,1.65156242726283e-05,1.24173278743811e-05,-0.00390517193104412,-0.00166065365851864,-0.00152633191989615,-7.8179987117899e-05,-1.17277497375667e-05,-0.00080663680860571,-0.00189794068961024,-0.00243192370216327,0.0628589866177549,-0.000524644929600804,2.93327989071557e-05,-4.26686765466755e-05,-0.00310525971578457,-2.42629762041702e-05,-0.000104331600391028,-0.000150771087561452,-0.000847951683972781,-0.00200217022461402,8.1160175667172e-05,5.89837369968649e-06,-0.00447457451329836,-0.0020857484779766,-0.00224169712297684,-0.00155776762021187,-5.82574578089634e-05,-0.000366807782086198,-0.00200217022461402,-0.000256612220647767,-0.00173311650918428,-0.000917873376870659,-0.000126352442999078,-0.00241149897890836,-0.000283042825217628,9.1384044671905e-05,-0.00239593319416809,1.65156242717401e-05,-9.41630016049189e-05,-0.00015663546636091,3.22311785536655e-05,-0.000166259535543389,-0.0044950200502516,2.07742039899372e-05,-0.00335236355328128
"9:93615717:G:A",0.000224980155723031,-0.0110541367480099,-0.00059436314306538,-0.0151243553085538,-0.000493202137116455,-0.00525601827839761,-0.000541185405918299,-0.000578857724997661,-0.00620709437960443,-0.00528747339383351,-0.00295759685567099,-0.00187813097513256,-0.00235629574693519,-0.000291353931470617,-0.00297130021958036,-0.000144815314738089,0.000224980155723031,-0.00347975788989752,-0.00062085142031254,-0.00241111232853797,-0.00509738789290992,-0.000232825690467564,-0.00141798164247797,0.000590079449473979,-0.000180133345469624,-0.000524644929600804,0.224757841447537,-0.00805111822700466,-0.00244809511486954,-0.00809138253497022,-0.0112760457007202,-0.00268121398095644,-0.00157181509444904,-0.00258562757797876,-0.000919502717371845,-0.00565840992544731,-0.00416676161811225,-0.00074287843728138,-0.00403684047518915,-0.00611876892278751,-0.01394334299999,-0.00193514200120459,-0.0047276278998849,-0.000919502717371845,-0.00132754399386048,-0.00538104407760587,-0.00299952134018744,-0.00213930660938422,-0.0136628356920991,-0.00372667604041643,-0.000408766416392314,-0.00206961525595339,-0.00163715514300655,-0.00519986030738107,-0.00239778577586147,-0.00574601054271051,-0.00798754267364421,-0.00836285883375609,-0.00223639606898196,-0.0109400117889278
"9:93616619:G:A",4.64679622131925e-05,-0.00342454901776135,9.00296946060308e-05,-0.010644153929583,-0.00098934084556479,-0.0094070132649744,-0.000535386913888658,-0.0057715939341918,-0.00578968016846826,-0.00439757431897103,-0.0083183008697727,-0.00161540725622356,-0.000190797105242169,0.000219313767138907,-0.00226356749636381,-0.00188066369701723,4.64679622131925e-05,-0.0110249119901797,-0.00132044430600775,-0.00184273796313805,-0.00375197592803467,-4.72037392977853e-05,-0.00280770801644792,-0.00177148811971861,-0.000394184457874758,2.93327989071557e-05,-0.00805111822700466,0.228803076689055,-0.00277328957015444,-0.00883208962987236,-0.0105525546705572,-0.00154502969208314,-0.00464363637970067,-0.00631124288752671,-0.000501284971043958,-0.00801818436232171,-0.00049979141822476,-0.00409342707803084,-0.00172860585778967,-0.00970545536799339,-0.00688056038463092,-0.000355462039723697,-0.00134871190378316,-0.000501284971043958,-0.00386879857519951,-0.00142835846327394,-0.00522406126644404,-0.000240820476278714,-0.0116343573202391,-0.00103661564126289,-0.00363885878605297,-0.00992330673557351,4.43664330784799e-05,-0.00779512802024884,-0.00183601543147116,-0.0036946793511774,-0.0103485611291334,-0.00929227056748205,-0.00143199057306109,-0.00335482022010636
"9:93616900:C:T",2.56919619197049e-05,-0.00579441736679165,-0.000109166245025882,-0.00307239443206209,-0.001502760229946,-0.000131421353375849,-0.000643220958616908,-0.00224733875863414,-0.00222091839456784,-0.00337632757785755,-0.00146381604468893,2.94428661122836e-05,-0.00133548704600184,0.000134016050840735,-0.00407574961348178,-0.00203434914586431,2.56919619197049e-05,-8.67257857333215e-05,-0.00945479907789393,-0.0021349390476364,-0.00353297218226345,-2.5145567974505e-05,-0.000837246775782674,-0.0032042172080935,-0.00214038708136499,-4.26686765466755e-05,-0.00244809511486954,-0.00277328957015444,0.159020441202395,-0.0115121460577008,-0.00611759800654532,-0.0133770532328654,-0.000205429433926874,-0.00215297338586584,-0.00397467656973216,-0.000121389762198554,-0.00290053371855326,-0.000895828152440714,8.95087246091109e-05,5.8117931025059e-05,-0.00501176701440542,-0.000128472783868183,-0.000685579447424089,-0.00397467656973216,-0.000138655513263863,-0.00130344581120401,-0.00301708641179177,-0.00511050971840366,4.58841708095292e-05,-5.56126487447628e-05,-0.00654079816051567,-0.0041825101327535,-0.00227462039105841,-0.018253364386918,-0.00165548180470676,-0.00047223687398823,-0.00353392950622711,-0.00395649848884982,-0.00219639256064941,-0.000991675070068698
"9:93616960:G:T",-0.000112433703501225,-0.00547211666347858,0.000170047576752985,-0.00926829658638617,-0.000393686459959852,-0.00627158324555221,-0.00385569882890646,-0.00387759534621424,-0.0140916179360553,-0.0106334302634981,-0.00207782975764292,-0.00259440030367752,-0.00495896941008311,7.42244272826653e-05,-0.0136968336810628,-0.00197877196903917,-0.000112433703501225,-0.00204042715042396,-0.0139048518409512,-0.00841016147062223,-0.0106921111927494,9.11919549873019e-05,-0.00282390385972775,-0.00292773611315322,-0.00381933533051004,-0.00310525971578457,-0.00809138253497022,-0.00883208962987236,-0.0115121460577008,0.26871780434436,-0.00114999493314771,-0.00791267686007213,-0.00177150858140962,-0.00680917722671204,-0.00246871000359317,-0.000635711176967035,-0.00303659130616118,-0.00448709120094826,-0.00416766687861525,-0.002326479511229,-0.00616560325971172,-0.000969400714614821,-0.00190923004639298,-0.00246871000359317,-0.00169728843058792,-0.00304882087797509,-0.00637827602453322,-0.00371211672868954,-0.00245611607029161,-0.00241354756829271,-0.000504136136716848,-0.00628863965022886,-0.00481502311430226,-0.00474207521226377,-0.00278150548981815,-0.00189131555606625,-0.00693323418923075,-0.002353580992426,-0.00210034632625078,-0.0151035914775166
"9:93617251:C:T",-0.000171541583948276,-0.00532464097244034,-0.000172257960472599,-0.00439414011750472,-0.00126494555683099,-0.00785170564100879,-0.00619299119503491,-0.00243066626572563,-0.00487934449299043,-0.00574853867042879,-0.00306357220470854,-0.00441599373165014,-0.00694149334756844,0.000321684341632711,-0.00338443333925076,5.29684563410626e-05,0.000101979656920825,-0.00172125565155001,-0.00275447133537687,-0.00218480850160407,-0.0123426611017834,-0.000103443767359934,-0.00553676326459129,-0.00394833040804343,-0.000183700385191443,-2.42629762041702e-05,-0.0112760457007202,-0.0105525546705572,-0.00611759800654532,-0.00114999493314771,0.215063773457767,-0.000344936441320609,-0.00153149272883901,-0.00289160326386106,-0.00343072163068303,-0.00154894975951514,-0.00526709258831826,-0.00177734764267345,-0.00186300903402259,-0.00637634603989401,-0.00616840812068009,-0.000246997450341624,-0.00295615924893422,-0.00343072163068303,-0.00151859743370419,-0.00428263197372925,-0.00305775190949564,-0.00299969517985987,-0.00881559441476742,-0.000421807255288176,-0.00109033860212371,-0.00362180629892617,-0.00429353714851644,-0.00385955702388907,-0.00245915619586956,-0.00140901621416578,-0.00585825230909798,-0.00417752718723818,-0.00894788632340759,-0.00676130908057804
"9:93617445:A:G",6.15789696585267e-05,-0.00958644063748793,0.00010524032283854,-0.0071140432006267,-0.000849502373075239,-0.000367157553944786,-0.00124483243415963,0.000190115465656504,6.89175946009257e-05,-0.000440635946488577,-3.41628006168548e-05,-0.000479285966207499,-0.00025159181844181,-3.29720634955066e-05,-0.00850050579347883,7.80040152106309e-05,6.15789696585267e-05,-5.47021775343381e-06,-0.0030925924490961,-0.00397488372394461,-0.000361905858883738,0.000267387254872631,-0.00458225711181015,-0.000764951060657104,-0.00225860139753475,-0.000104331600391028,-0.00268121398095644,-0.00154502969208314,-0.0133770532328654,-0.00791267686007213,-0.000344936441320609,0.166024772656748,-0.000455009816668905,-0.00406036366423956,-0.000932199301105996,-0.00228873254122508,-4.35417683855022e-05,-0.00972325079016834,7.47746520284309e-05,-0.00370434552380594,-0.00884485446981298,-0.00385904788457125,-0.00167367341613467,-0.000932199301105996,-0.00031395153188285,-0.00483060387512868,-0.00423972913764104,0.000193499202373992,0.00010397705610643,-0.000607151377931103,0.000141933897935154,-0.00812282678215803,-0.00174582676666191,-0.00216358588756727,-0.00312676855865046,-0.00205622836380304,-0.00599711368310896,-0.0050299476735427,-0.00435306936934232,-0.0183607243576533
"9:93623372:A:G",5.45323920029261e-05,-0.00013154724197495,0.00423827098953389,-0.0023882986313577,-0.000309789946492778,-0.00230706964433036,0.00156983932611787,-0.000769967864473031,-3.28580698774061e-05,-0.00132298881603443,-2.84189951935687e-05,-0.000205429433926874,-3.51434549425989e-05,0.000328766742918596,-0.000535186782509633,-0.000904545289584391,5.45323920029261e-05,-0.0038986781679764,-0.0028763412941526,-0.000873585523556208,-0.00185340144683099,-5.13025971331516e-05,-0.00136720237222487,-5.93090154845655e-05,3.99509056183689e-05,-0.000150771087561452,-0.00157181509444904,-0.00464363637970067,-0.000205429433926874,-0.00177150858140962,-0.00153149272883901,-0.000455009816668905,0.0594166500560522,3.67811123291872e-05,-0.000306194675514959,0.000372786421112714,2.11697997212212e-05,-0.000308002720489142,0.000200153517475599,-0.00236957418380968,-0.000278677698025476,-0.000250943964518413,8.68943214253903e-05,-0.000306194675514959,0.00429288092345992,-0.000401134168252604,-0.00441845788116169,-0.000527270984128414,-0.00256428926276708,0.000282826059187613,-0.00782196353721698,-0.000871509480081301,6.97338887336585e-05,-0.00960787275572361,-0.000744205862780234,0.000138460418638076,-0.00238646698434053,-0.00385950420954728,8.56379868627855e-05,-0.00398687649870855
"9:93623379:A:T",-9.86296022400523e-05,-0.00309967410882495,0.000194177891835068,-0.0116332139043922,-0.00395492318393131,-0.00198128854236579,-0.00545374911574381,0.000139927901737558,-0.00890447280233753,-0.00589817996004394,-0.00317706513627414,-0.00161054904653701,-0.0060473267456187,-0.000124331914206799,-0.0118732431192514,-0.000320568098870488,-9.86296022400523e-05,-0.00383656916458142,-0.011404596939979,-0.010064761339279,-0.0059042384800243,8.12400682379533e-05,-0.00534899015187484,-0.00741012791791729,-0.0089384661145071,-0.000847951683972781,-0.00258562757797876,-0.00631124288752671,-0.00215297338586584,-0.00680917722671204,-0.00289160326386106,-0.00406036366423956,3.67811123291872e-05,0.201689945197725,-0.00139993088152757,-0.00165237770055793,-0.00177344120913236,3.99963856008156e-05,-0.00278659900114286,-0.000148884330093857,-0.00032681180942884,-0.00783676164550506,-0.000568068127337007,-0.00139993088152757,0.000343897768284585,-0.00134978166791955,-0.00121252003255989,-0.000675318189280461,-0.000989722987216002,-0.000715783171056472,-0.00249407203686314,-0.00228894734796681,8.49384924617169e-06,-0.00887752638155037,-0.00900392049029408,-0.000572284124422673,-0.00310666444042873,-0.00417327363618369,-0.00135988360436068,-0.00497942179744282
"9:93623615:C:T",4.47604172366667e-05,-0.001581797739858,-0.00017213660014459,-0.00469628712607939,-0.000256935734156194,-0.00451171707353826,-0.000212948317100725,-0.000650545941172531,0.000690656678204782,-0.000309909598136926,-2.22300795327257e-05,-0.00316518288293555,-0.00187979144919126,0.000266585757769278,-0.00574069370137531,5.77895125122296e-05,4.47604172366667e-05,-0.00113246549259127,-0.000373015498555063,-0.00992475429677864,-1.61524666681956e-05,-4.21596593813689e-05,-0.000300645082170092,-0.00258567695370004,-0.00327481658336914,-0.00200217022461402,-0.000919502717371845,-0.000501284971043958,-0.00397467656973216,-0.00246871000359317,-0.00343072163068303,-0.000932199301105996,-0.000306194675514959,-0.00139993088152757,0.0805579161697838,0.000302951178054123,1.82857924002633e-05,-0.000255280616766385,0.000164479087824354,-0.00125647857632671,0.000256532987371827,-0.000207225337465644,-0.00221828565798443,0.00266741095566125,-0.000214813040637196,-0.000430785993271954,-0.00145907199606654,-0.000920273998478827,-0.00130889576182458,-0.00106333210007215,0.000336005936572015,-0.00139434176356446,5.77895125122296e-05,-0.000917072761046356,-0.00223356627267535,0.000114297724041812,-0.000156047466138176,-0.0025515552189157,-0.00159440531769128,-0.0106135369966336
"9:93623959:A:G",-6.08008820348616e-05,6.03433269779075e-05,0.000216134443771665,-0.00520691370904203,0.000311186649436301,-0.00529735292714051,0.00026112210392526,-0.00115576912892124,-0.00373594233179197,0.000201025635181651,-0.000228307682706763,-0.00136689183688787,-0.0019587529140761,0.000486935397714383,-0.0119150103277983,-8.70536120078924e-05,-6.08008820348616e-05,-0.00154947370672076,-0.00780854392414732,0.000173624382131976,-0.000158268768470027,5.42835851913281e-05,-0.0052228065019575,0.0012179210863712,-0.00340219962339461,8.1160175667172e-05,-0.00565840992544731,-0.00801818436232171,-0.000121389762198554,-0.000635711176967035,-0.00154894975951514,-0.00228873254122508,0.000372786421112714,-0.00165237770055793,0.000302951178054123,0.0952909646300268,-0.0012794649856378,-0.00180734905513003,-0.000246695362754679,-0.00122664770799474,-0.000947852573553565,0.000247785826057445,-0.00190963064730809,0.000302951178054123,0.000265456081596227,-0.000113550359848169,-0.00555097877218236,0.000492204242566352,-0.00116343089401738,-0.00223412306540194,0.000465196270301504,-0.00130773323224576,-8.70536120078924e-05,-0.00324044542166213,-0.00137987188507172,-0.00017262819122088,-0.00790051090450827,-3.98389953444322e-05,-0.000389580098940634,-0.000668002861942352
"9:93624155:G:A",-4.36298639083788e-06,-0.00212554858295899,1.35976367579005e-05,-0.00367881160710581,-0.00430551293027648,-0.0040832168000895,-0.00491496245685674,-0.00411274830021746,-0.00309548236893065,-0.0024894682947556,-0.00869135647812502,-0.00186097036771482,2.1752312804324e-06,-3.11287827186035e-05,-0.0081629319002845,-5.9921786270678e-06,-4.36298639083788e-06,-0.00405339439661834,-0.000316847542318754,-0.00191578325863784,-0.00496711926458238,3.7474149809924e-06,-0.00366661163127713,-0.00184421553890779,-0.00240396696597855,5.89837369968649e-06,-0.00416676161811225,-0.00049979141822476,-0.00290053371855326,-0.00303659130616118,-0.00526709258831826,-4.35417683855022e-05,2.11697997212212e-05,-0.00177344120913236,1.82857924002633e-05,-0.0012794649856378,0.109257203506901,1.84262164184545e-05,-0.00281449133878908,-2.48181372359824e-05,-8.28188027961474e-05,-0.00309578414619427,3.02139877206287e-05,1.82857924002633e-05,1.62433317827393e-05,-4.29768537202335e-07,-0.00392359056746727,2.59469820731439e-05,-8.66076817285233e-06,2.36130949122781e-05,-0.00151810764440174,-0.00070210643512425,-5.9921786270678e-06,-0.000689070611290532,-0.00196664212634978,-0.00278690794368508,-0.00430031355093607,-0.00180341355719982,-7.73934799003229e-06,-2.19060039627905e-05
"9:93625326:A:C",4.52217622877171e-05,-0.000104546487582624,-0.000173441456813528,-0.00646864515788881,-0.000179133603525727,-0.00795959062287022,-0.000214458483164925,-0.00655833853578169,5.38958706473025e-05,-0.0021563795541768,-0.00224085119941542,-0.00090665977192117,-2.83828272342745e-05,0.00027016987009798,-0.00805331566983769,5.83653912320514e-05,4.52217622877171e-05,-0.000502163341845829,-0.00383480431717409,-0.00518184222298945,0.00021373280746273,-4.25512697175279e-05,-0.000302448209554385,-0.000110376698232884,3.47573470227402e-05,-0.00447457451329836,-0.00074287843728138,-0.00409342707803084,-0.000895828152440714,-0.00448709120094826,-0.00177734764267345,-0.00972325079016834,-0.000308002720489142,3.99963856008156e-05,-0.000255280616766385,-0.00180734905513003,1.84262164184545e-05,0.0998094235677423,0.000166371914908758,0.000209208211837009,0.000220178013663919,-0.000584706753160802,-0.00502326043961787,-0.000255280616766385,-0.000216327907207159,-0.00367863458811524,0.000118090675433891,-0.00508552452254474,7.92122320456556e-05,-0.000383319886997135,-0.00516452587685734,0.000341757147488853,5.83653912311632e-05,-0.000240396245729357,0.000895991643194982,0.000115525061658239,-0.000187314362745994,0.000532474189060217,-0.00537847595051666,-0.00354565867410983
"9:93625553:C:A",-3.29659457634079e-05,4.30989390753922e-05,0.000116797745787878,-0.000171130240038231,0.000168240361332117,-0.000557619337719473,0.000141380497332477,-0.00105666073603672,-0.000742223990753743,8.50659154192357e-05,9.40320402786909e-06,-0.000158964870277778,1.53524179760112e-05,-0.000208279855505644,-0.000482614343766841,-4.60825049426461e-05,-3.29659457634079e-05,-0.00168087022750729,-0.00239411170721482,0.000289430587569584,-0.00558617245243642,2.95598960855514e-05,0.000193495140078603,-0.0146693820131247,-3.49204610827769e-05,-0.0020857484779766,-0.00403684047518915,-0.00172860585778967,8.95087246091109e-05,-0.00416766687861525,-0.00186300903402259,7.47746520284309e-05,0.000200153517475599,-0.00278659900114286,0.000164479087824354,-0.000246695362754679,-0.00281449133878908,0.000166371914908758,0.0698674283902903,-0.00279179669927654,-0.000380565358508278,-0.00185353079142381,-0.00428416524084696,0.000164479087824354,0.000143392792736563,-0.00319412450872303,-0.00262149118115262,-0.00172747650015825,-6.71149559128281e-05,-0.00197128652038003,-0.000293312522391176,-0.000392314543845362,-4.60825049408697e-05,0.00018715228379218,-0.00107653707186905,-9.18925512998214e-05,-0.0039930324322599,0.000297337516597551,-5.99133815875064e-05,-1.76448499820125e-05
"9:93625806:T:C",-4.30338026298216e-05,-0.000118674982704015,-0.000242158481010613,-0.0032952332982914,-0.00100758001532597,-0.0010014223663859,-0.00125520140946378,-0.00192374169209675,-0.00508157828114442,-0.00426474882601546,1.11473456154698e-05,-0.0063426260571795,1.91283072306092e-05,-0.000278613219038881,-0.000624725313710162,-0.000112518918926163,-4.30338026298216e-05,-0.00108048775746461,-0.00285129782399274,-0.00145432069776108,-0.00325384654484351,3.80939033401972e-05,-0.00444164280204085,-0.00464821404324134,-0.00330555887509654,-0.00224169712297684,-0.00611876892278751,-0.00970545536799339,5.8117931025059e-05,-0.002326479511229,-0.00637634603989401,-0.00370434552380594,-0.00236957418380968,-0.000148884330093857,-0.00125647857632671,-0.00122664770799474,-2.48181372359824e-05,0.000209208211837009,-0.00279179669927654,0.105899336473105,-0.000956047027656837,-0.00150512149685866,-0.000570201269185056,-0.00125647857632671,-0.00300398965344595,-7.6533908352161e-05,-0.000143384465394636,-8.43131673118336e-05,0.000193693237868331,-0.000151987206111315,2.36739602703651e-05,-0.000547594131949047,-6.08637055368177e-05,-0.00136092702015755,-0.000294574308197681,-0.000194725199226475,-0.00346128588342065,-0.00186107754132347,-0.000136494272362953,-0.00582524940305706
"9:93627484:C:T",-4.73774122928816e-05,-0.00350389308570698,0.000285700378640286,-0.00933509378902952,-0.000542143702736197,-0.00289568475150537,-0.00458941700374993,-0.00184049087543059,-0.00144296289269308,-0.00842546594930349,-0.00104191637744133,-0.00147909200575613,-0.00519773905688048,-0.00046317751855085,-0.0159281274765291,-0.00220491514841115,0.000316710040576318,-0.000159870996149003,-0.00464203688639842,-0.00339131286463523,-0.00532038891839459,2.6043358280603e-05,-0.00132405960797488,-0.00752245054013656,-0.00733206340522319,-0.00155776762021187,-0.01394334299999,-0.00688056038463092,-0.00501176701440542,-0.00616560325971172,-0.00616840812068009,-0.00884485446981298,-0.000278677698025476,-0.00032681180942884,0.000256532987371827,-0.000947852573553565,-8.28188027961474e-05,0.000220178013663919,-0.000380565358508278,-0.000956047027656837,0.184474722814121,-0.00225795832310371,0.000418538897719589,0.000256532987371827,-0.000112496287777653,-0.00452433410534736,-0.000778355466757308,0.000341323934031745,-0.00124500982843445,-0.00150232231653646,-0.00322009153630187,-0.00194941179303187,-0.00220758785994857,-0.001389329004577,-0.00253651960613066,-0.00930913704476399,-0.00539610924039469,-0.00253740527431923,-0.00465674396489035,-0.00279871435512069
"9:93628282:G:T",3.66393698119083e-05,-3.86947271993066e-05,-0.000140909498147046,-0.00388464010810985,0.00207425441589582,-0.000602654830565541,-0.000174180041460303,-0.00168704508022621,0.000263725909247725,-0.000509538277486676,-0.00129326566002419,-0.000132651958614893,-2.24056507809323e-05,0.000217500481953792,-0.00157563238231662,4.76877055426428e-05,3.66393698119083e-05,-0.000534212823709801,-0.00239297921236226,-0.0033010983599695,-0.00155132540994707,-3.4453830054737e-05,-0.000245900492339857,-0.00285861452648195,2.93630471874806e-05,-5.82574578089634e-05,-0.00193514200120459,-0.000355462039723697,-0.000128472783868183,-0.000969400714614821,-0.000246997450341624,-0.00385904788457125,-0.000250943964518413,-0.00783676164550506,-0.000207225337465644,0.000247785826057445,-0.00309578414619427,-0.000584706753160802,-0.00185353079142381,-0.00150512149685866,-0.00225795832310371,0.0671919679425068,-0.00060585719608941,-0.000207225337465644,-0.00017582502386837,-0.00297398747613542,-0.00782460304652144,-0.000359069204802331,6.51940319924549e-05,-0.000310177255503419,-0.00168262434937994,-0.00238016978125088,4.7687705543531e-05,-0.000312433064818762,-0.00421938414084799,9.41555802347338e-05,-0.000388311360056903,0.000144168743229756,-0.00181873307866987,-0.00111335415344538
"9:93633166:C:A",-0.000317223417343193,-0.000278296039092574,0.000852563195864242,-0.00882739255904896,-0.000577270458963497,-0.00436144445959741,-0.0045355195896768,0.000764840028903535,-0.001955470130512,-0.00108813592665502,-0.000156427434067297,-0.000578728232360604,-0.0070507912926514,0.000295095401144252,-0.0116011309668824,-0.00200355996237267,0.000117901509103291,-0.0051794315031195,-0.0109634577089617,-0.00584307930855976,-0.0113231203234614,-0.000115658912048566,-0.008092918786474,-0.00156987239165973,-0.00257478940048106,-0.000366807782086198,-0.0047276278998849,-0.00134871190378316,-0.000685579447424089,-0.00190923004639298,-0.00295615924893422,-0.00167367341613467,8.68943214253903e-05,-0.000568068127337007,-0.00221828565798443,-0.00190963064730809,3.02139877206287e-05,-0.00502326043961787,-0.00428416524084696,-0.000570201269185056,0.000418538897719589,-0.00060585719608941,0.162220437732807,-0.00221828565798443,0.000997260716479431,1.84410067891605e-05,0.000186514138443172,0.00120520287858739,-2.67300340892618e-05,-0.00206607849873386,0.000367688851372172,-0.00278132197074665,8.44829883401843e-05,-0.00397104086751021,-0.00351926157090787,-0.00866186273934311,-0.00625150478113135,-0.0086768335967391,-0.00843461992635941,-0.00319755888415596
"9:93634625:C:T",4.47604172366667e-05,-0.001581797739858,-0.00017213660014459,-0.00469628712607939,-0.000256935734156194,-0.00451171707353826,-0.000212948317100725,-0.000650545941172531,0.000690656678204782,-0.000309909598136926,-2.22300795327257e-05,-0.00316518288293555,-0.00187979144919126,0.000266585757769278,-0.00574069370137531,5.77895125122296e-05,4.47604172366667e-05,-0.00113246549259127,-0.000373015498555063,-0.00992475429677864,-1.61524666681956e-05,-4.21596593813689e-05,-0.000300645082170092,-0.00258567695370004,-0.00327481658336914,-0.00200217022461402,-0.000919502717371845,-0.000501284971043958,-0.00397467656973216,-0.00246871000359317,-0.00343072163068303,-0.000932199301105996,-0.000306194675514959,-0.00139993088152757,0.00266741095566125,0.000302951178054123,1.82857924002633e-05,-0.000255280616766385,0.000164479087824354,-0.00125647857632671,0.000256532987371827,-0.000207225337465644,-0.00221828565798443,0.0805579161697838,-0.000214813040637196,-0.000430785993271954,-0.00145907199606654,-0.000920273998478827,-0.00130889576182458,-0.00106333210007215,0.000336005936572015,-0.00139434176356446,5.77895125122296e-05,-0.000917072761046356,-0.00223356627267535,0.000114297724041812,-0.000156047466138176,-0.0025515552189157,-0.00159440531769128,-0.0106135369966336
"9:93635367:G:C",3.86378141534749e-05,-8.53997743188728e-05,0.00373711224794793,-0.00251834827552511,-0.000217825397355043,-0.00407359482817693,0.00108268176822524,-0.000542001556497418,-0.000412999526794522,-0.000604370041494384,-1.84597932788577e-05,-0.000138655513264752,-2.36603476784225e-05,0.000232711846551936,-0.000445118336171113,-0.00105668037098727,3.86378141534749e-05,-0.00569326567651185,-0.00304453360902013,-0.0010471715619742,-0.000736420538336446,-3.61603912137909e-05,-0.0045347924660577,-0.000387109634492511,3.06482189236235e-05,-0.000256612220647767,-0.00132754399386048,-0.00386879857519951,-0.000138655513263863,-0.00169728843058792,-0.00151859743370419,-0.00031395153188285,0.00429288092345992,0.000343897768284585,-0.000214813040637196,0.000265456081596227,1.62433317827393e-05,-0.000216327907207159,0.000143392792736563,-0.00300398965344595,-0.000112496287777653,-0.00017582502386837,0.000997260716479431,-0.000214813040637196,0.0653561762023873,-0.000549899412851218,-0.00762757871932607,-0.000368274630146992,-0.00315289217453429,0.00108227438258446,-0.00716961421154316,-0.000117873132721158,5.02215421729346e-05,-0.0086827375689813,-0.00016387585050115,9.95181186489447e-05,-0.00257422672744045,-0.00578693434213751,6.23371067742795e-05,-0.00299990161481034
"9:93636875:A:G",-1.32209019030327e-05,-0.00116666875319726,-9.90060185594999e-05,-0.00256451566120131,5.60782947074401e-05,-0.0054545559300907,-0.000832943760760152,-0.00848724821212965,-0.00326951844815326,-0.000213559490080506,4.29237852461739e-06,-0.000454274165053725,-0.00013104229912031,-9.44086548155809e-05,-0.00120393296292409,-1.83277057352882e-05,-1.32209019030327e-05,-5.24393178160665e-05,-0.00218131115109266,-0.000687644215171979,-0.00049356741706541,1.1322091320487e-05,-0.00053031172518736,-0.000328844919298632,-0.00178331925992836,-0.00173311650918428,-0.00538104407760587,-0.00142835846327394,-0.00130344581120401,-0.00304882087797509,-0.00428263197372925,-0.00483060387512868,-0.000401134168252604,-0.00134978166791955,-0.000430785993271954,-0.000113550359848169,-4.29768537202335e-07,-0.00367863458811524,-0.00319412450872303,-7.6533908352161e-05,-0.00452433410534736,-0.00297398747613542,1.84410067891605e-05,-0.000430785993271954,-0.000549899412851218,0.0890504784066226,-0.00145087635996344,-0.00150018563944965,-2.67195727712277e-05,-0.00054201024907119,-0.00150999339891555,-0.00385355755353967,-1.83277057352882e-05,6.08690557184488e-05,-0.00195401457111721,-3.7891805735768e-05,-0.000421554915869926,-0.0052914348339872,-0.00159702374888226,-0.00119200546872955
"9:93639590:A:G",-3.99463915812248e-06,-0.00610434300096285,0.000236489894734682,-0.0138523086226043,-0.00394505411778923,-0.00208883714661567,-0.00534465285787178,0.000281763832280735,-0.00990995150017548,-0.00578380348318719,-0.00307957917688029,-0.0007802672919488,-0.0026556819126089,-8.73398195642139e-05,-0.0110909655697817,-0.000355986035036615,-0.000103611446123253,-0.00267913376425977,-0.0118886194526651,-0.012941003270778,-0.00633052711217763,8.52313621395595e-05,-0.00529901716208681,-0.00461709148976919,-0.0086675783174206,-0.000917873376870659,-0.00299952134018744,-0.00522406126644404,-0.00301708641179177,-0.00637827602453322,-0.00305775190949564,-0.00423972913764104,-0.00441845788116169,-0.00121252003255989,-0.00145907199606654,-0.00555097877218236,-0.00392359056746727,0.000118090675433891,-0.00262149118115262,-0.000143384465394636,-0.000778355466757308,-0.00782460304652144,0.000186514138443172,-0.00145907199606654,-0.00762757871932607,-0.00145087635996344,0.22221470002091,0.000244029857936034,-0.00104223648357271,0.000121973036874667,-0.00334415828957058,-0.00225534102730895,-0.000866144889005938,-0.00847943099938187,-0.00930746464546583,-0.000644663513309052,-0.00343192880815257,-0.00489098525974763,-0.00144125415618879,-0.005871557606
"9:93641296:C:T",-0.0007380977094682,-0.00574217925014953,0.000293377184604537,-0.00549054510391134,-0.00106859412899674,-0.000962711030934926,-0.000842224580903661,0.00220540635073441,6.12237036570207e-05,-0.000553739006577736,-4.35356364016926e-05,-0.00298541975923428,-0.000383758116535127,-0.000327853149290291,-0.00213603685145136,9.33104973759313e-05,7.45925637044564e-05,3.1288634262161e-05,-0.00117711492193262,-0.00152690500643615,-0.000859579013165135,-7.13655276678438e-05,-0.000521788129592693,0.000455148996801213,4.8951306221845e-05,-0.000126352442999078,-0.00213930660938422,-0.000240820476278714,-0.00511050971840366,-0.00371211672868954,-0.00299969517985987,0.000193499202373992,-0.000527270984128414,-0.000675318189280461,-0.000920273998478827,0.000492204242566352,2.59469820731439e-05,-0.00508552452254474,-0.00172747650015825,-8.43131673118336e-05,0.000341323934031745,-0.000359069204802331,0.00120520287858739,-0.000920273998478827,-0.000368274630146992,-0.00150018563944965,0.000244029857936034,0.0754865750421336,-0.00255083113594257,-0.00157008999401942,0.000273233293282438,-0.00621939072277522,-0.00149460161763049,0.000319280255086873,-0.00456791730106598,-0.00178749813573731,-0.00182341024799904,-0.00219338341346909,0.000112880007089977,-0.00782212345083932
"9:93645670:C:T",-1.65078928855422e-05,-0.00403412612378329,-0.00025856009785219,-0.00447847807514945,7.99653435814562e-05,-0.00234390784107319,-0.000988854364391223,0.000168348148393171,-0.00942142637548127,-0.00200270997205099,5.34252991091222e-06,-0.00444838163473005,8.09420638248071e-06,-0.00010879422802379,-0.00236276063517504,-0.0028591366597448,-1.65078928855422e-05,-0.00283808661147944,-0.0049414584754679,-0.00157324883711274,-0.00336438296846397,1.46314457589725e-05,-0.00462853191420987,-0.00345363699877499,-0.00167469634774076,-0.00241149897890836,-0.0136628356920991,-0.0116343573202391,4.58841708095292e-05,-0.00245611607029161,-0.00881559441476742,0.00010397705610643,-0.00256428926276708,-0.000989722987216002,-0.00130889576182458,-0.00116343089401738,-8.66076817285233e-06,7.92122320456556e-05,-6.71149559128281e-05,0.000193693237868331,-0.00124500982843445,6.51940319924549e-05,-2.67300340892618e-05,-0.00130889576182458,-0.00315289217453429,-2.67195727712277e-05,-0.00104223648357271,-0.00255083113594257,0.139982132231936,-0.000252059044097308,-0.000512813568322557,-0.00233111077335302,-2.28009595888423e-05,-0.000626674759007351,-0.000498602582786667,-0.00291853832614208,-0.00658029342920319,-0.00891245940269059,-0.00149096015812056,-0.00635013558761166
"9:93647272:A:G",6.36019050324066e-05,-0.0016050550410327,0.000741366749702266,-0.00609626697281618,-0.00520813556479194,-0.00212364380022834,-0.00193723057980488,-0.00135916952447701,-0.0021557358362978,-0.000504588689270946,-0.000123353119160008,-0.000536841638477448,-0.00428579087774761,0.000366364970838085,-0.00685549570370059,-0.00205970876871753,6.36019050324066e-05,-0.00471605694893995,-0.00898504133943145,-0.0053323603587625,-0.0105240275752192,-6.10641870357753e-05,-0.0102771681407878,-0.00239389508441246,-0.00202128261341183,-0.000283042825217628,-0.00372667604041643,-0.00103661564126289,-5.56126487447628e-05,-0.00241354756829271,-0.000421807255288176,-0.000607151377931103,0.000282826059187613,-0.000715783171056472,-0.00106333210007215,-0.00223412306540194,2.36130949122781e-05,-0.000383319886997135,-0.00197128652038003,-0.000151987206111315,-0.00150232231653646,-0.000310177255503419,-0.00206607849873386,-0.00106333210007215,0.00108227438258446,-0.00054201024907119,0.000121973036874667,-0.00157008999401942,-0.000252059044097308,0.139875112556155,0.000132018447431825,-0.0029412933523405,8.0440173178431e-05,-0.00713917830506183,-0.000413394561140201,-0.00628752150219203,-0.00283572582539993,-0.00866106266166611,-0.00679214163645625,-0.00623060830694211
"9:93651635:C:T",-7.03701908024712e-05,-0.00108645049219014,0.000242366155876361,-0.00342028977807063,-0.00284476822769442,-0.00410892086980041,-0.00112372821018347,-0.00384425071485239,-0.00181656804072183,-0.00383219903922694,-0.00115895598751692,-0.0015851927184336,-0.00218884558118582,0.000187340984070694,-0.00100901679685039,-0.000101958610391861,0.000515998904172754,0.00203999086416395,-0.00316644182389414,-0.000635506997694879,-0.00295364048009805,6.19091542537475e-05,-0.00554328224747902,0.000516465496552598,-0.00160487959063627,9.1384044671905e-05,-0.000408766416392314,-0.00363885878605297,-0.00654079816051567,-0.000504136136716848,-0.00109033860212371,0.000141933897935154,-0.00782196353721698,-0.00249407203686314,0.000336005936572015,0.000465196270301504,-0.00151810764440174,-0.00516452587685734,-0.000293312522391176,2.36739602703651e-05,-0.00322009153630187,-0.00168262434937994,0.000367688851372172,0.000336005936572015,-0.00716961421154316,-0.00150999339891555,-0.00334415828957058,0.000273233293282438,-0.000512813568322557,0.000132018447431825,0.0985154061345037,-0.000596276148968844,-0.00295176135311337,-0.00499820030781528,-0.000956117392365563,-0.000203984349207431,-0.00105884637786557,-0.00218179980181521,-0.000429158599858148,-0.0018610325297046
"9:93651885:G:C",-0.000137664995878417,-0.00270238270365164,0.000182555053878097,-0.00349270971589544,-0.00225419855513564,-0.00600175849363893,-0.00560044031261331,-0.00762269103488977,-0.00570974866893881,-0.0126475628372846,-0.00466564437522754,-0.00321283520975202,-0.0119618075319421,0.000415356926422028,-0.00600631661793338,-0.00454077264626651,-0.000137664995878417,-0.00508945830781826,-0.00211863214276775,-0.00317925700157007,-0.00171313527654116,0.000106107385599685,-0.000242938170149198,-0.00391678749717439,-0.00479256992225441,-0.00239593319416809,-0.00206961525595339,-0.00992330673557351,-0.0041825101327535,-0.00628863965022886,-0.00362180629892617,-0.00812282678215803,-0.000871509480081301,-0.00228894734796681,-0.00139434176356446,-0.00130773323224576,-0.00070210643512425,0.000341757147488853,-0.000392314543845362,-0.000547594131949047,-0.00194941179303187,-0.00238016978125088,-0.00278132197074665,-0.00139434176356446,-0.000117873132721158,-0.00385355755353967,-0.00225534102730895,-0.00621939072277522,-0.00233111077335302,-0.0029412933523405,-0.000596276148968844,0.220330895872232,-0.00266191785826386,-0.00525948047651159,-0.0064030159511117,-0.00026418582024279,-0.0134875634919718,-0.00597230991660203,-0.0105690423108262,-0.00808290654274924
"9:93652656:C:T",-1.15959004718391e-05,-0.00217827906774559,4.09349496903744e-05,-0.00548068762107157,5.89338638778969e-05,0.000177421083182416,4.96002809988738e-05,-0.000906741427122881,0.000335563981436415,-0.00498403432452665,3.92553746486612e-06,3.358646628282e-05,5.84534231773404e-06,-7.40217174142188e-05,-0.000468024549798329,0.000277121464686836,-1.15959004718391e-05,-5.38976821591319e-05,-0.000835338795975638,-0.000373347411879443,-0.00100732832504935,1.04289585749484e-05,6.77420797403627e-05,0.000195031436263982,-1.13664469001407e-05,1.65156242717401e-05,-0.00163715514300655,4.43664330784799e-05,-0.00227462039105841,-0.00481502311430226,-0.00429353714851644,-0.00174582676666191,6.97338887336585e-05,8.49384924617169e-06,5.77895125122296e-05,-8.70536120078924e-05,-5.9921786270678e-06,5.83653912311632e-05,-4.60825049408697e-05,-6.08637055368177e-05,-0.00220758785994857,4.7687705543531e-05,8.44829883401843e-05,5.77895125122296e-05,5.02215421729346e-05,-1.83277057352882e-05,-0.000866144889005938,-0.00149460161763049,-2.28009595888423e-05,8.0440173178431e-05,-0.00295176135311337,-0.00266191785826386,0.0510688230285261,-0.00841409212415289,-9.17125639698924e-05,-3.1837044558003e-05,-0.00247528107276906,-0.000172069371132899,-2.0437080398672e-05,-0.000109859858351768
"9:93654616:C:G",-0.000391288856119942,-0.00901661885494454,-0.000127386158371934,-0.00428356831459897,-0.00252033272895158,-0.0061049407700966,-0.00512843200459479,-0.000989291407225146,-0.00668235648240012,-0.00278291934361308,-0.00521799874648199,-0.00629209276885634,-0.00257895896931704,-6.59607800734818e-05,-0.0121340331076238,-0.00605086625019435,-0.000391288856119942,-0.00655043727923399,-0.0137610456179575,-0.000384347091291648,-0.00611562414539302,-1.82936995516414e-05,-0.00929226468062616,-0.00313865860349472,-0.00404530213247556,-9.41630016049189e-05,-0.00519986030738107,-0.00779512802024884,-0.018253364386918,-0.00474207521226377,-0.00385955702388907,-0.00216358588756727,-0.00960787275572361,-0.00887752638155037,-0.000917072761046356,-0.00324044542166213,-0.000689070611290532,-0.000240396245729357,0.00018715228379218,-0.00136092702015755,-0.001389329004577,-0.000312433064818762,-0.00397104086751021,-0.000917072761046356,-0.0086827375689813,6.08690557184488e-05,-0.00847943099938187,0.000319280255086873,-0.000626674759007351,-0.00713917830506183,-0.00499820030781528,-0.00525948047651159,-0.00841409212415289,0.268317400878526,-0.0105859883332204,-0.000507653014630627,-0.00697446197489704,-0.0111696915386554,-0.003477613763331,-0.00487427092288373
"9:93658952:T:C",-0.000103223403323582,-0.00151648645721369,-0.000128260975315264,-0.00357437937942917,-0.00276589726879539,-0.0107796884082827,-0.000162186583264834,-0.0148804573090686,-0.00259817644188942,-0.00539502614496179,-0.00605616766879713,-0.00264416707339343,-1.83750998834498e-05,0.000145250798201602,-0.000418121167980789,-0.004185410736258,2.91827599454564e-05,-0.0106522191398151,-0.000296010629229571,-0.00103736447031899,-0.00891405483627494,-2.90068892203621e-05,-0.00357750651504318,-0.00748756216408175,-0.00160513201594537,-0.00015663546636091,-0.00239778577586147,-0.00183601543147116,-0.00165548180470676,-0.00278150548981815,-0.00245915619586956,-0.00312676855865046,-0.000744205862780234,-0.00900392049029408,-0.00223356627267535,-0.00137987188507172,-0.00196664212634978,0.000895991643194982,-0.00107653707186905,-0.000294574308197681,-0.00253651960613066,-0.00421938414084799,-0.00351926157090787,-0.00223356627267535,-0.00016387585050115,-0.00195401457111721,-0.00930746464546583,-0.00456791730106598,-0.000498602582786667,-0.000413394561140201,-0.000956117392365563,-0.0064030159511117,-9.17125639698924e-05,-0.0105859883332204,0.192174479806893,-0.00597426911375809,-0.000158192882453001,-0.00752405602714212,-0.00557707435124932,-0.00662292977256262
"9:93659715:T:G",-2.2976024422583e-05,-7.71787603603968e-05,8.1113869833338e-05,-0.00428441610864372,0.000116736490988423,-3.64744337595369e-05,9.82034834793311e-05,-0.00115756140000212,-0.0100153977559474,-0.00162696272551255,7.12347407549885e-06,6.42750848065532e-05,1.11069283406096e-05,0.000338087342989013,-0.00685484717165918,-3.1837044558003e-05,-2.2976024422583e-05,-5.56471214983034e-05,-0.00274131141327949,-0.00740077672108397,-0.00451989325846069,2.06153396247188e-05,0.000134181670570221,-0.00558429348198608,-4.29338366902954e-06,3.22311785536655e-05,-0.00574601054271051,-0.0036946793511774,-0.00047223687398823,-0.00189131555606625,-0.00140901621416578,-0.00205622836380304,0.000138460418638076,-0.000572284124422673,0.000114297724041812,-0.00017262819122088,-0.00278690794368508,0.000115525061658239,-9.18925512998214e-05,-0.000194725199226475,-0.00930913704476399,9.41555802347338e-05,-0.00866186273934311,0.000114297724041812,9.95181186489447e-05,-3.7891805735768e-05,-0.000644663513309052,-0.00178749813573731,-0.00291853832614208,-0.00628752150219203,-0.000203984349207431,-0.00026418582024279,-3.1837044558003e-05,-0.000507653014630627,-0.00597426911375809,0.106200900742648,-0.00238116430035351,-0.00341265912411881,-4.11864598479639e-05,-0.00179201019820052
"9:93660309:T:C",-7.64433151685395e-05,-0.00217786949953513,4.24612120495382e-05,-0.00624251284076527,-0.00395929321904731,-0.0124521683408312,-0.00653630737424926,-0.00318319535817491,-0.00319832910161377,-0.00923466741722123,-0.00376426658022133,-0.000609175552871655,-0.00529760928383727,-0.000227773994065927,-0.00160381683045285,-0.00429213424266894,-0.000236067160066966,-0.00202534671972865,-0.00203067070043739,-0.00515401355805034,-0.000868541573997295,-3.49240335424383e-05,-0.000990407439847907,-0.00625026355684044,-0.000214463449164981,-0.000166259535543389,-0.00798754267364421,-0.0103485611291334,-0.00353392950622711,-0.00693323418923075,-0.00585825230909798,-0.00599711368310896,-0.00238646698434053,-0.00310666444042873,-0.000156047466138176,-0.00790051090450827,-0.00430031355093607,-0.000187314362745994,-0.0039930324322599,-0.00346128588342065,-0.00539610924039469,-0.000388311360056903,-0.00625150478113135,-0.000156047466138176,-0.00257422672744045,-0.000421554915869926,-0.00343192880815257,-0.00182341024799904,-0.00658029342920319,-0.00283572582539993,-0.00105884637786557,-0.0134875634919718,-0.00247528107276906,-0.00697446197489704,-0.000158192882453001,-0.00238116430035351,0.208714275307958,-0.00117780983744264,-0.00172524765001292,-0.00248226593729051
"9:93660311:C:T",-0.0001149223066923,-0.00758177450518005,-0.000984722940152949,-0.00504404145239157,-0.00335633009149472,-0.0045858542474928,-0.0048144216395869,-0.00144440087732178,-0.00633896646424459,-0.0044487307693073,-0.00167875959888253,-0.000286449961846458,3.63053845013894e-05,0.000647746223732426,-0.00536138118041452,-0.00520889065755004,-0.0001149223066923,-0.00154877933764475,-0.00832381245243496,-0.0067105871185813,-0.00361678409356347,9.90124050170849e-05,-0.00234481905489492,-0.00530999301787727,9.01339802457102e-05,-0.0044950200502516,-0.00836285883375609,-0.00929227056748205,-0.00395649848884982,-0.002353580992426,-0.00417752718723818,-0.0050299476735427,-0.00385950420954728,-0.00417327363618369,-0.0025515552189157,-3.98389953444322e-05,-0.00180341355719982,0.000532474189060217,0.000297337516597551,-0.00186107754132347,-0.00253740527431923,0.000144168743229756,-0.0086768335967391,-0.0025515552189157,-0.00578693434213751,-0.0052914348339872,-0.00489098525974763,-0.00219338341346909,-0.00891245940269059,-0.00866106266166611,-0.00218179980181521,-0.00597230991660203,-0.000172069371132899,-0.0111696915386554,-0.00752405602714212,-0.00341265912411881,-0.00117780983744264,0.222389275556294,-0.00145023676472533,-0.0104980565870627
"9:93660398:T:G",-1.48312311774035e-05,-0.00218204038798753,5.10619176088412e-05,-0.00439467677111027,-0.00134927425443632,-0.00317684123201989,6.15759994557763e-05,0.000156225744106564,-0.00141789380298007,-0.00498249071528445,4.87158305961799e-06,-0.00190596059563752,-0.00156213094105162,-9.69214786783468e-05,-0.000546292384646652,-2.0437080398672e-05,-1.48312311774035e-05,-0.00316601319201393,-0.00259395662208473,-0.00327512005839914,-0.00198130460658508,1.31985138205337e-05,-0.00321135184750077,-0.00147881631231161,-1.4720581475558e-05,2.07742039899372e-05,-0.00223639606898196,-0.00143199057306109,-0.00219639256064941,-0.00210034632625078,-0.00894788632340759,-0.00435306936934232,8.56379868627855e-05,-0.00135988360436068,-0.00159440531769128,-0.000389580098940634,-7.73934799003229e-06,-0.00537847595051666,-5.99133815875064e-05,-0.000136494272362953,-0.00465674396489035,-0.00181873307866987,-0.00843461992635941,-0.00159440531769128,6.23371067742795e-05,-0.00159702374888226,-0.00144125415618879,0.000112880007089977,-0.00149096015812056,-0.00679214163645625,-0.000429158599858148,-0.0105690423108262,-2.0437080398672e-05,-0.003477613763331,-0.00557707435124932,-4.11864598479639e-05,-0.00172524765001292,-0.00145023676472533,0.118117924664756,7.86976208377865e-06
"9:93661822:G:A",-8.03319266742264e-05,-0.00175362399864643,-6.0537019620277e-05,-0.00245123145743742,-0.00217555370699962,-0.00419383843397236,-6.87129612817472e-05,-0.00696857567875941,-0.0129779840398436,-0.00427245252074648,-0.00251028635413286,-0.00368574642577002,-0.008061933548837,-0.000214759184194335,-0.000175420001915949,4.71451227603836e-05,-8.03319266742264e-05,-0.000753491464399403,-0.00551384948437095,-0.00586032203238762,-0.0105329866334163,9.05141139666554e-05,-0.00894518126457333,-0.00550205950218219,-0.00259519073772019,-0.00335236355328128,-0.0109400117889278,-0.00335482022010636,-0.000991675070068698,-0.0151035914775166,-0.00676130908057804,-0.0183607243576533,-0.00398687649870855,-0.00497942179744282,-0.0106135369966336,-0.000668002861942352,-2.19060039627905e-05,-0.00354565867410983,-1.76448499820125e-05,-0.00582524940305706,-0.00279871435512069,-0.00111335415344538,-0.00319755888415596,-0.0106135369966336,-0.00299990161481034,-0.00119200546872955,-0.005871557606,-0.00782212345083932,-0.00635013558761166,-0.00623060830694211,-0.0018610325297046,-0.00808290654274924,-0.000109859858351768,-0.00487427092288373,-0.00662292977256262,-0.00179201019820052,-0.00248226593729051,-0.0104980565870627,7.86976208377865e-06,0.262324492712811
