"","12:98911156:A:G","12:98912826:A:G","12:98919807:G:A","12:98920170:A:T","12:98924357:G:T","12:98925255:T:C","12:98925362:G:C","12:98928103:C:T","12:98931111:T:C","12:98933078:G:A","12:98936507:G:A","12:98936774:G:A","12:98937637:T:C","12:98938295:G:C","12:98943078:A:G","12:98944718:A:G"
"12:98911156:A:G",0.0198233318262702,-0.000552233664172785,-0.000728380633804981,-0.000989207719824581,-0.00580887265006957,0.00115392591291918,-0.00119383460401856,-5.9161668923835e-05,-0.000612139669527778,-0.000811252156773357,0.000217341603488297,-0.00740134545777726,-0.00286898960944981,-0.00128923956685068,0.00115392591291918,-3.38678544036242e-05
"12:98912826:A:G",-0.000552233664172785,0.0139395814966208,1.88398720073479e-05,-0.000310186615862129,-0.0034366146910294,-0.000552233664173674,-0.00157728257709167,-2.91626444015591e-05,-0.00382184611509739,-0.00143977684220786,-0.000639674177635996,-7.05337361317504e-06,-0.00161596631075867,-1.1603474572297e-05,-0.000552233664173674,0.000587446446162154
"12:98919807:G:A",-0.000728380633804981,1.88398720073479e-05,0.0152485702864933,-0.00308970488831317,4.44957436052107e-05,-0.000728380633804093,-0.00103659547832535,5.88157297185532e-05,-0.00267503595699647,0.000160068330768759,-0.00142642263277182,-0.00267175632327366,-5.24116472035985e-05,-0.00237417096811399,-0.000728380633804093,-1.95501661819364e-05
"12:98920170:A:T",-0.000989207719824581,-0.000310186615862129,-0.00308970488831317,0.0171263909995489,-0.00141481440777458,-0.000989207719825025,-9.37730470189635e-05,-0.000259177108677733,-0.000289821699244186,-0.0020490168377405,0.000179242137976487,-0.00112397427698241,-0.00510195504665312,-0.000175079960220259,-0.000989207719825025,-0.000430506089563742
"12:98924357:G:T",-0.00580887265006957,-0.0034366146910294,4.44957436052107e-05,-0.00141481440777458,0.0281450687255171,-0.00580887265007046,-0.00249428047108857,-5.96068816625106e-05,0.00011791282634821,-0.000177179251101833,-0.000163790817233611,-1.59437907267801e-05,4.73567397545338e-05,-2.50790646072474e-05,-0.00580887265007046,-0.00314090670979006
"12:98925255:T:C",0.00115392591291918,-0.000552233664173674,-0.000728380633804093,-0.000989207719825025,-0.00580887265007046,0.0198233318262715,-0.00119383460401856,-5.9161668923835e-05,-0.000612139669527778,-0.000811252156773357,0.000217341603488297,-0.00740134545777726,-0.00286898960944981,-0.00128923956685068,0.00115392591291918,-3.38678544036242e-05
"12:98925362:G:C",-0.00119383460401856,-0.00157728257709167,-0.00103659547832535,-9.37730470189635e-05,-0.00249428047108857,-0.00119383460401856,0.0102976532390242,0.000106029307186617,-0.000259163860707012,0.000292692917836845,-0.000240254129664663,2.32098699450844e-05,-9.44785951517702e-05,4.36358346975751e-05,-0.00119383460401856,-0.00138588919758664
"12:98928103:C:T",-5.9161668923835e-05,-2.91626444015591e-05,5.88157297185532e-05,-0.000259177108677733,-5.96068816625106e-05,-5.9161668923835e-05,0.000106029307186617,-0.00111306681926493,0.000157465995714645,0.0010885012432853,0.000134853232415466,4.44172166131906e-05,6.27753607496118e-05,-3.31407289033692e-05,-5.9161668923835e-05,1.87811039982222e-05
"12:98931111:T:C",-0.000612139669527778,-0.00382184611509739,-0.00267503595699647,-0.000289821699244186,0.00011791282634821,-0.000612139669527778,-0.000259163860707012,0.000157465995714645,0.0187694156465104,-0.00360373143174986,-0.00180438983772024,3.20818555987756e-05,0.000548465390774133,-7.82851342213675e-05,-0.000612139669528222,-0.00525664867062581
"12:98933078:G:A",-0.000811252156773357,-0.00143977684220786,0.000160068330768759,-0.0020490168377405,-0.000177179251101833,-0.000811252156773357,0.000292692917836845,0.0010885012432853,-0.00360373143174986,0.0143201166661493,-0.000649511932243385,-7.31312043376064e-05,-0.00355368123995792,-9.9881006163649e-05,-0.000811252156773357,-0.00178171294221752
"12:98936507:G:A",0.000217341603488297,-0.000639674177635996,-0.00142642263277182,0.000179242137976487,-0.000163790817233611,0.000217341603488297,-0.000240254129664663,0.000134853232415466,-0.00180438983772024,-0.000649511932243385,0.0101946070980414,-0.00182314816515827,-0.00347163673480377,5.69882388781195e-05,0.000217341603487853,-0.000998887090544187
"12:98936774:G:A",-0.00740134545777726,-7.05337361317504e-06,-0.00267175632327366,-0.00112397427698241,-1.59437907267801e-05,-0.00740134545777726,2.32098699450844e-05,4.44172166131906e-05,3.20818555987756e-05,-7.31312043376064e-05,-0.00182314816515827,0.0278080075520895,1.46641472271725e-05,-8.52861492628421e-06,-0.00740134545777726,5.19148087629873e-06
"12:98937637:T:C",-0.00286898960944981,-0.00161596631075867,-5.24116472035985e-05,-0.00510195504665312,4.73567397545338e-05,-0.00286898960944981,-9.44785951517702e-05,6.27753607496118e-05,0.000548465390774133,-0.00355368123995792,-0.00347163673480377,1.46641472271725e-05,0.0253866267669824,-0.00216629424622994,-0.00286898960944981,-0.00139649575637968
"12:98938295:G:C",-0.00128923956685068,-1.1603474572297e-05,-0.00237417096811399,-0.000175079960220259,-2.50790646072474e-05,-0.00128923956685068,4.36358346975751e-05,-3.31407289033692e-05,-7.82851342213675e-05,-9.9881006163649e-05,5.69882388781195e-05,-8.52861492628421e-06,-0.00216629424622994,0.0087305524761998,-0.00128923956685068,8.60534873492469e-06
"12:98943078:A:G",0.00115392591291918,-0.000552233664173674,-0.000728380633804093,-0.000989207719825025,-0.00580887265007046,0.00115392591291918,-0.00119383460401856,-5.9161668923835e-05,-0.000612139669528222,-0.000811252156773357,0.000217341603487853,-0.00740134545777726,-0.00286898960944981,-0.00128923956685068,0.0198233318262724,-3.38678544036242e-05
"12:98944718:A:G",-3.38678544036242e-05,0.000587446446162154,-1.95501661819364e-05,-0.000430506089563742,-0.00314090670979006,-3.38678544036242e-05,-0.00138588919758664,1.87811039982222e-05,-0.00525664867062581,-0.00178171294221752,-0.000998887090544187,5.19148087629873e-06,-0.00139649575637968,8.60534873492469e-06,-3.38678544036242e-05,0.0138921758063288
