"","21:43482926:G:A","21:43483224:C:T","21:43485470:T:C","21:43486964:T:C","21:43488625:G:A","21:43492585:T:A","21:43493675:T:G","21:43495752:G:A","21:43496000:C:A","21:43497858:T:C","21:43498930:C:G","21:43499119:C:T","21:43499442:G:A","21:43501317:G:T","21:43501996:C:A","21:43502866:G:A","21:43503563:C:T","21:43505436:G:A","21:43509357:G:A","21:43509969:C:T","21:43514824:G:T","21:43516589:G:T","21:43517713:C:T","21:43517751:A:G","21:43522050:C:T","21:43522349:T:C","21:43529562:G:A","21:43530327:C:G","21:43531325:C:T","21:43531808:A:C","21:43532494:C:G","21:43532981:A:C","21:43534682:T:C","21:43534783:A:C","21:43536262:T:C","21:43538093:A:C","21:43540128:A:C","21:43540484:G:C","21:43542196:T:C","21:43545030:C:T","21:43545060:A:G","21:43548031:C:T","21:43549985:T:C","21:43554571:A:G","21:43554732:T:A","21:43555076:G:A","21:43555081:G:A","21:43556554:T:C","21:43556562:G:T","21:43557057:G:A","21:43557904:G:A","21:43558120:C:T","21:43559506:G:C","21:43561732:C:T","21:43561813:C:T","21:43562331:T:A","21:43562393:C:T","21:43562531:T:C"
"21:43482926:G:A",0.232831102878258,-0.00159592473120895,-0.000109563624762998,-0.00267687458911503,-0.00772794446004088,-0.00424318757969733,-0.00159592473120895,-0.00195508766311114,-0.00376862441948944,-0.00606450336230768,-0.00137238263513462,-0.000358326205200932,-0.00872324556983539,-0.0083539011267435,2.71875145507749e-07,-0.00877558220459607,-3.69824304904398e-05,-0.011629777988337,-0.000203048531932204,-0.00207907126391849,-0.00300304188921174,-0.0108466736621868,-0.0106516460953348,-0.00347074717417328,-0.000291814121911926,-0.00837512627361736,-0.00565982855085334,-0.0105456566037438,-6.97864894760869e-05,-0.00781969663072424,-4.84265859679311e-06,-0.00417575935721093,-0.0006248891504681,-0.00187179752187827,-0.00385028669182175,-0.00265717126155884,-0.00303200568822248,-0.0026925194507168,-0.00307383317876919,-0.0109386267999945,-0.00229715274083464,-0.00307252358754972,-0.00308791985280266,-0.00169186858623238,-0.00785409700910478,-0.00803861742038015,-0.00585822683315262,-1.31721427640841e-05,-0.00546844223200793,-0.00390602790807026,-0.000333363093385053,-6.06464473023038e-05,-0.00141888030261406,-0.00350262816725344,-0.00247427391956823,-0.00216833127331029,-0.00407624299166187,-0.0125832578778069
"21:43483224:C:T",-0.00159592473120895,0.0459831271950399,-1.86616060666722e-05,-0.000878962939105499,-1.71191437878804e-05,-0.00160975007169473,0.000601974998783561,-3.94228513034278e-06,1.27179012840983e-05,2.63563013964685e-05,-0.00150786154900739,4.79646493118935e-05,-5.52791518355633e-05,-0.00801221836323762,-3.13468242207904e-06,-0.000152480724457504,-9.00291225214289e-06,4.74694326841885e-05,-3.20840449958837e-05,-0.00154569685530248,0.000133168341435841,9.25719669879754e-05,5.78481586916979e-05,1.41281955743366e-05,8.95202797721595e-05,-0.00156274364864561,-1.09384277209301e-05,-0.00183172911841201,-1.17892195010683e-05,-0.00144674018346791,-7.69652941379206e-07,-0.0015782575987302,-0.000110788879751134,6.24968793694336e-06,-0.00149363498780186,-0.000844363228734046,-1.17892195010683e-05,-1.35221820904974e-05,4.79646493118935e-05,-0.00183459430349409,-0.0061719983547226,4.54263832248003e-05,-0.00187355612524609,-0.00143329356186062,-0.00143708834753209,-0.000986727410825949,6.47302699441354e-05,-1.26504072346378e-05,2.00964243592949e-05,-0.00449907740316036,-0.00154608298283954,-4.52702694895279e-05,1.48205897207987e-05,-0.00150697210639805,1.12725443015549e-05,3.07311851397429e-05,-7.51926797182279e-05,-0.0015664497945771
"21:43485470:T:C",-0.000109563624762998,-1.86616060666722e-05,0.00158466826716186,0.00011543319130336,-3.19046946630763e-05,0.000104211169527524,-1.86616060666722e-05,-7.49601251381904e-06,2.32475340036231e-05,4.8358300119844e-05,0.000183168814192669,8.93941904074325e-05,8.88344385874262e-06,0.000114168894219446,-5.96171788025401e-06,3.835312472944e-05,-1.70949840523349e-05,8.84067156068369e-05,-5.89935121428908e-05,-7.51058809411731e-05,0.000254715945590789,-0.000330866505602323,0.000108319292046133,2.59641338899996e-05,-0.00122451360716536,0.00013484939929409,-2.02496708441302e-05,0.000459405253538492,-2.18562957279289e-05,-0.000233743524513663,-1.46471590767305e-06,-0.000149633137158212,-0.000199948533835759,1.14040826559858e-05,6.51216786495823e-05,0.000126333109663257,-2.18562957279289e-05,-2.51265429946912e-05,8.93941904074325e-05,0.000182188702492425,-0.000926747580341392,8.43359753366357e-05,4.96249426014117e-05,0.000103673303635254,-0.000392073281820338,0.000223292000923969,-0.000267038945723108,-2.3481808076653e-05,3.687520864748e-05,9.03700090546522e-05,3.06111779773133e-05,-8.30253025991823e-05,2.72986605045489e-05,-2.39831235120391e-05,-0.000289022782936854,5.69098626526099e-05,-0.000137022683727395,0.000156117402611677
"21:43486964:T:C",-0.00267687458911503,-0.000878962939105499,0.00011543319130336,0.12578517215142,-0.00248076664817631,-0.00451141385211651,-0.000878962939105499,1.83661153583259e-05,-9.27030643191884e-05,0.000574482542647914,0.000480578529509668,-0.00244269771236638,-0.000680164512846915,-0.00438451231960713,-0.00164291595763633,-0.0112274394361864,4.17873449674033e-05,-0.000982455282949601,0.00019050464506698,-0.00206826161341178,-0.001458592319457,-0.00386419948552419,-0.00102136683806275,-0.00131111311086052,-0.00446023052930666,-0.00375024792736101,6.58034502860616e-05,-0.00315215379506473,-0.00131659597689637,-0.00189745838732502,3.59396365023912e-06,-0.0022803940740701,-0.00173974999410387,-4.51138340373802e-05,-0.00627619937937673,-0.0011739502866317,6.97795710040694e-05,7.78625624091589e-05,-0.000338718784886005,-0.00348529268605757,-0.00550407524100205,-0.000328989091292087,2.58233611312164e-05,-0.00332867410343018,-0.012542789981103,-0.00938567098901277,-0.00546882416261951,7.37990392636334e-05,-0.00341758043818086,-0.000891185748202794,-0.00208322670077266,1.03330186291828e-05,-0.00110343378979483,-0.0062373823722166,-0.00273112835170686,-0.000214899463126805,-0.000496296725453149,-0.00127965405276909
"21:43488625:G:A",-0.00772794446004088,-1.71191437878804e-05,-3.19046946630763e-05,-0.00248076664817631,0.117983629481457,-0.00210173512818601,-1.71191437878804e-05,-6.78013136923283e-06,2.06894392018597e-05,-0.0019989529265505,-0.00141789916751112,7.49075252510778e-05,-0.00457369382060069,-0.00224607946810007,-5.38482554013342e-06,-0.00799193050464719,-1.55976945697134e-05,-0.00299677645734775,-5.58902679888007e-05,-0.00197259573453046,-0.00107827596697341,-0.00205462242699461,-0.00523744814932403,2.30235870510853e-05,0.000131153074250712,-0.00604703982083654,-0.00350487838187341,-0.00504647880314302,-2.00918840675968e-05,-0.000650048825161065,-1.31755372922981e-06,-0.002012120787108,-0.000210053880367767,1.02459730619842e-05,-0.00399483447572546,-0.00393188254296772,-0.0030769916666511,-2.31522224325431e-05,-0.00142920805455038,-0.00068657370882752,-9.04732418951504e-05,-0.000346125735938507,-3.37527484894906e-05,-0.00522625557564149,-0.0075710951062451,-0.000941500213622604,-0.00463046017931035,-2.16108721451391e-05,-0.00189735921624212,7.56386428166778e-05,-0.00398031617162875,-8.01401418231151e-05,2.41657056712086e-05,-0.00507786226812579,1.82863639199837e-05,-0.00354978605353562,-0.00136934628272556,-0.00888246661718206
"21:43492585:T:A",-0.00424318757969733,-0.00160975007169473,0.000104211169527524,-0.00451141385211651,-0.00210173512818601,0.196386479748376,-0.00160975007169473,-3.02134778236152e-05,-0.00012454439135734,0.000231512265563172,-0.0011404375928965,-0.00470823185812597,-0.0027214339600361,-0.00255991472838168,-3.22717876874989e-05,-0.00263339743755964,-0.00745022278018803,-0.0037234970327642,-0.00389815747639766,-0.00143117727930431,-0.00592098509979255,-0.00504093899309943,-0.00483330068438637,-0.000971492034727461,-0.00585274490536714,-0.00114071770710877,-0.00428058750654081,-0.000792680971242188,-0.000211894114089617,-0.00552240686582017,4.4801268650474e-06,-0.00572432079983765,-0.00278540489224044,-0.000123608444116741,-0.00463089991078913,-0.00212715769273508,-0.00179453842141797,-0.00123135652068651,-0.00246867647072202,-0.0107317945921754,-0.0017584772380892,-0.0033248142780673,-0.00609450521559696,-0.00687545262188927,-0.00319070725624293,-0.00603732987992034,-0.00735961710799149,-0.0047531143828099,-0.00383566102792621,-0.00137943111561256,-0.00882762904744583,-0.00219603243752786,-0.000809794295362209,-0.00566599510318744,-0.00333207903083776,-0.0109820824480682,-0.0048003732138775,-0.00478874447707156
"21:43493675:T:G",-0.00159592473120895,0.000601974998783561,-1.86616060666722e-05,-0.000878962939105499,-1.71191437878804e-05,-0.00160975007169473,0.0459831271950399,-3.94228513034278e-06,1.27179012840983e-05,2.63563013964685e-05,-0.00150786154900739,4.79646493118935e-05,-5.52791518355633e-05,-0.00801221836323762,-3.13468242207904e-06,-0.000152480724457504,-9.00291225214289e-06,4.74694326841885e-05,-3.20840449958837e-05,-0.00154569685530248,0.000133168341435841,9.25719669879754e-05,5.78481586916979e-05,1.41281955743366e-05,8.95202797721595e-05,-0.00156274364864561,-1.09384277209301e-05,-0.00183172911841201,-1.17892195010683e-05,-0.00144674018346791,-7.69652941379206e-07,-0.0015782575987302,-0.000110788879751134,6.24968793694336e-06,-0.00149363498780186,-0.000844363228734046,-1.17892195010683e-05,-1.35221820904974e-05,4.79646493118935e-05,-0.00183459430349409,-0.0061719983547226,4.54263832248003e-05,-0.00187355612524609,-0.00143329356186062,-0.00143708834753209,-0.000986727410825949,6.47302699441354e-05,-1.26504072346378e-05,2.00964243592949e-05,-0.00449907740316036,-0.00154608298283954,-4.52702694895279e-05,1.48205897207987e-05,-0.00150697210639805,1.12725443015549e-05,3.07311851397429e-05,-7.51926797182279e-05,-0.0015664497945771
"21:43495752:G:A",-0.00195508766311114,-3.94228513034278e-06,-7.49601251381904e-06,1.83661153583259e-05,-6.78013136923283e-06,-3.02134778236152e-05,-3.94228513034278e-06,0.0479852314118929,4.65333963894921e-06,-0.00201581565511866,-0.00192881978492654,-0.00139676197960004,-0.00214382850332928,-6.57275271960245e-05,-1.17236798580223e-06,-0.00237325851068348,-3.43195686713926e-06,1.50354188992452e-05,-1.33831130524342e-05,-0.000562524431570566,-0.00114268647527016,-0.00373719782549653,1.74537522728002e-05,5.12498737847977e-06,-0.00122848716334634,-1.91851753461592e-05,-0.00168144155546823,-0.000101899904982439,-4.61503013227116e-06,-0.00213338423516074,-2.85601567284743e-07,-4.41600637124395e-05,-5.60716733177813e-05,2.33960501017094e-06,1.23306021801994e-05,-0.00145635934259136,-4.61503013227116e-06,-5.31148930882352e-06,1.51534617840454e-05,1.75013287009307e-05,-0.000296657138320278,1.45414391621301e-05,-0.00181589289051498,-0.0080289536690854,-6.96595751294993e-05,-0.00488135462012629,-0.00247182986057926,-4.96022646601091e-06,-0.00256594807479615,1.5269426114628e-05,-2.35390415426195e-06,-1.95826523121667e-05,5.35469331097715e-06,-0.00086097181064293,4.16472543740554e-06,1.04449356639336e-05,-0.00290595767713331,-9.09568923033177e-05
"21:43496000:C:A",-0.00376862441948944,1.27179012840983e-05,2.32475340036231e-05,-9.27030643191884e-05,2.06894392018597e-05,-0.00012454439135734,1.27179012840983e-05,4.65333963894921e-06,0.0813344581405193,-3.74387022610279e-05,-0.00186921845933874,-6.92494083871509e-05,-0.001622819496923,9.74184528432787e-05,3.70528725834873e-06,-0.00293665519877795,-0.00180841090607142,-0.00223316402483498,3.86312174853742e-05,-0.0021583570081809,-0.000929906908960554,-0.00461986376943813,-0.000677488965393103,-1.93016816636415e-05,-0.000140542642704133,-0.00419274115038437,1.36828494881058e-05,-0.00297485477970838,1.46565699239432e-05,-0.00165964701468013,9.13509867750406e-07,-0.00544613952867667,-0.00251207257207131,-8.51301664450688e-06,-0.00164489288100889,-0.00439050294079202,1.46565699239432e-05,1.66307731364057e-05,-6.92494083871509e-05,-0.00335661768235074,-0.000205305587368088,-0.00265258654962341,-3.82661446494126e-05,-0.00845989291573712,-0.00320329377637041,-0.00120845419900517,-0.00176910062145463,1.56391736005901e-05,-2.8038411187481e-05,-6.99030916706533e-05,-0.00338243847694031,5.30035055543721e-05,-0.00124803501640613,-0.00128019111146349,-1.57820093837913e-05,-4.30521477250423e-05,-0.00415719926539548,-0.00455236281782856
"21:43497858:T:C",-0.00606450336230768,2.63563013964685e-05,4.8358300119844e-05,0.000574482542647914,-0.0019989529265505,0.000231512265563172,2.63563013964685e-05,-0.00201581565511866,-3.74387022610279e-05,0.0838863699208039,-0.00182388314051085,0.00210666906883716,-5.53670035019493e-05,-0.000614361293820309,-0.00231933078547364,-0.0116582222374477,-0.001919215672185,-0.000144301622272636,-0.00142577626288443,-0.00246484414718928,0.000911536019639669,0.000203623815026255,-0.00216195533100816,-0.00126727714076225,-0.00140186400161113,-0.000146720418280566,2.82666549464849e-05,-0.000279566419481014,-0.00134643554778524,-0.00474709575969801,1.79771770270065e-06,-0.000497512441185677,7.018564189476e-05,-1.81380556778521e-05,-0.00385015582634995,-0.000251277073414879,3.01950652925598e-05,3.41070247840136e-05,-0.000145524942328557,-0.000559508147436549,-0.00824809197337473,-0.00141725213226884,-0.000859015020749254,-0.00713779372413814,-0.00513087413236724,-0.00308363332073247,-0.000291410066513009,3.2141773580463e-05,-0.00279678066296363,-0.000146734795831271,-0.00124221242429101,-1.93108931068053e-06,-4.24958756681804e-05,-0.0023790394515113,-0.003545528898937,-0.00128655830433289,6.8712666631221e-05,-0.00145627529072989
"21:43498930:C:G",-0.00137238263513462,-0.00150786154900739,0.000183168814192669,0.000480578529509668,-0.00141789916751112,-0.0011404375928965,-0.00150786154900739,-0.00192881978492654,-0.00186921845933874,-0.00182388314051085,0.19064977196811,-0.00335645476864332,-0.00382618548042268,-0.00571477626280492,-0.000715339610815491,-0.00838552664272507,-0.00244507882955025,-0.00291315460476893,-0.00242818013844293,-0.00429292025523509,-0.00297568251994784,-0.00963264257224816,-0.00222535973965776,-0.00016512454363049,-0.00168765611113209,-0.00809777220380647,-0.00443176143670776,-0.00232602090313838,-0.000496729794761563,-0.00188017239537386,-2.63879988970928e-07,-0.00821770603441152,-0.000453720583907469,-0.0015984060845371,-0.00123617370688667,-0.00425960244304591,-5.29964992006526e-05,-0.00448110075219876,-0.00130589231702416,-0.00161713748375147,-0.0053479031456658,-0.0014997397974077,-0.00582915207384715,-0.0103078513307779,-0.00628965658626202,-0.00478722818489663,-0.0057381011331028,-0.00636930678943504,-0.00749663596167993,-0.00425303507676267,-0.00803578745018596,-0.00140231987841899,-0.000372687182586873,-0.00386836905302346,-6.15025201846642e-05,-0.00650430272398994,-0.00138152080025966,-0.00798051714622616
"21:43499119:C:T",-0.000358326205200932,4.79646493118935e-05,8.93941904074325e-05,-0.00244269771236638,7.49075252510778e-05,-0.00470823185812597,4.79646493118935e-05,-0.00139676197960004,-6.92494083871509e-05,0.00210666906883716,-0.00335645476864332,0.068031027565878,-0.00244775804158426,-0.000543293861351657,1.20557580940428e-05,-0.000510060719021155,3.44877065323601e-05,-0.000699546570936072,0.000148852253404996,-0.000359650161284364,0.00166161051099234,-0.00114066679646907,-0.000162689780306202,-0.000909330116378726,-0.00275536412942046,-0.000154158342281718,5.12038575566365e-05,-0.000610008168950849,-0.00195658217823702,-0.00603413369955685,2.96477193284517e-06,0.000169959370522221,-0.00165283165495644,-3.38075766865842e-05,-0.00256206871652331,-0.00450912106749923,-0.00293055086650185,6.11371460506049e-05,-0.00070966020189811,-0.00152501448138409,-0.00121016756264547,-0.00430808082636425,-0.00340916333936914,-0.00482306159727042,-0.00623227308231655,-0.00187881621358743,-0.000815380057082926,5.77895125113415e-05,-0.000108976048800891,-0.000607680313724934,-0.00206856386072918,-0.00175165777718078,-7.72039117062917e-05,-0.000118428210542199,-0.000131919054387808,-0.000161492210866143,0.000332426971684008,-0.000689532378152613
"21:43499442:G:A",-0.00872324556983539,-5.52791518355633e-05,8.88344385874262e-06,-0.000680164512846915,-0.00457369382060069,-0.0027214339600361,-5.52791518355633e-05,-0.00214382850332928,-0.001622819496923,-5.53670035019493e-05,-0.00382618548042268,-0.00244775804158426,0.170515954956699,-0.00948574551893966,2.06754561382638e-06,-0.00188544773461841,-0.00198735877944856,-0.0031985710493645,-4.75451517720771e-05,-0.00680377929123166,-0.00856048424538614,-0.00756737241520611,-9.59592082461214e-05,-0.0028854785922352,-9.63623600540586e-05,-0.00294261392083106,6.37246730317287e-06,-0.00340721981865233,-0.00177554832295534,-0.00571557766069297,-0.00392481505471221,-0.00239943932191267,-0.00337010482027811,-0.00181867679053305,-0.000100273561147723,-0.00448230623495993,-0.00177554832295534,-0.000396543981961095,-6.94866816086659e-06,-0.0124584741138634,-0.00784424587695431,-0.000566424726288872,-0.00565535662934291,-0.00984410524058621,-0.00502062740587927,-0.00212108373474607,-0.00233910035986185,-0.00181889055462303,-0.00038019537011813,-0.00360484619027623,-1.14845052667789e-06,-0.000224980794001794,-0.00141081378909735,-0.00434305034823579,-0.000109808578909742,-0.000322882668099211,-0.00596214939436912,-0.0048703186686887
"21:43501317:G:T",-0.0083539011267435,-0.00801221836323762,0.000114168894219446,-0.00438451231960713,-0.00224607946810007,-0.00255991472838168,-0.00801221836323762,-6.57275271960245e-05,9.74184528432787e-05,-0.000614361293820309,-0.00571477626280492,-0.000543293861351657,-0.00948574551893966,0.175677810729688,1.47204860052597e-05,-0.00362744366197276,-0.00773890477706463,-0.00338459737712071,-0.00255241756750113,-0.00637947935522876,-0.00648466044576157,-0.0044330934307899,0.00167145173355987,-0.0045096112945302,-0.00377110454598029,-0.0110920596165363,6.57965100829827e-05,-0.0120332149992746,-0.00225623898327498,-0.00320146263579657,3.62420253630091e-06,-0.00489544755292792,-0.000929456176913313,-0.00140594743435862,-0.00452873983644819,-0.0027782443999369,6.9732703328107e-05,-3.42816133738211e-05,-0.00112374781594049,-0.00517366206637071,-0.00180998413282962,-0.000147194026125952,-4.79188035615863e-05,-0.00264344024240026,-0.00625850815877271,-0.000503473273643529,0.000111307668503535,-0.00205468780638629,-0.00134169603638412,-0.00443381760782735,-0.00128762035137076,-0.000148092703598834,-0.00224364618200124,-0.00461392264624205,-0.000213227759209289,-0.000227570546909917,-0.000295260496534056,-0.00722940618644685
"21:43501996:C:A",2.71875145507749e-07,-3.13468242207904e-06,-5.96171788025401e-06,-0.00164291595763633,-5.38482554013342e-06,-3.22717876874989e-05,-3.13468242207904e-06,-1.17236798580223e-06,3.70528725834873e-06,-0.00231933078547364,-0.000715339610815491,1.20557580940428e-05,2.06754561382638e-06,1.47204860052597e-05,0.0815315632396718,-0.00446797662771559,-2.72120485877991e-06,-0.00143592937748771,-0.003426339816607,-0.00208672411267496,1.97961891572618e-05,-0.00454088509550576,1.38844644954617e-05,4.07925330581094e-06,1.8214288893148e-05,-0.00425040492407014,-3.39914714597711e-06,-3.2784278050535e-05,-3.66819194308476e-06,-0.00483449465965613,-2.26514956125357e-07,-0.0086190563201507,-4.45544021125954e-05,1.86310748429008e-06,-0.000714708743611681,-0.000245450456272778,-3.66819194308476e-06,-4.22045053483089e-06,-0.00144397663617823,-0.00534025340208544,-0.00168079494963536,1.1570607793665e-05,-6.17352551559591e-05,-0.00340424966076736,-0.0050064271589445,-0.00799156452426875,-0.00425154347071022,-3.94192323227571e-06,5.69000038819212e-06,-0.00133995472282589,-0.00691058874498118,-1.556561859406e-05,4.26139990938879e-06,-0.00074228360366746,3.31791029406503e-06,8.31103193466021e-06,-2.78832412980989e-05,-0.00398875059993919
"21:43502866:G:A",-0.00877558220459607,-0.000152480724457504,3.835312472944e-05,-0.0112274394361864,-0.00799193050464719,-0.00263339743755964,-0.000152480724457504,-0.00237325851068348,-0.00293665519877795,-0.0116582222374477,-0.00838552664272507,-0.000510060719021155,-0.00188544773461841,-0.00362744366197276,-0.00446797662771559,0.244307386258027,-0.00158549214887538,-0.00124599592858088,-0.000476260260541039,-0.00402003274207807,-0.00517943017372735,-0.0121645607807399,-0.00162565092679401,-0.00204735998631378,-0.00894622503504516,-0.00677047078931103,-0.000102883044465152,-0.00330848258315886,1.44907161452323e-05,-0.00667230722583279,-0.00375123832214275,-0.0155780726243342,-0.0040798872593899,-0.000382425245662787,-0.00121084012008899,-0.00221295312565273,-0.00145760635695691,-0.0128016156728759,-0.00201773330036481,-0.00437918776394808,-0.00686767351328621,-0.00141834154809262,-0.00516821614750196,-0.00766667164575408,-0.00849243667021016,-0.00108432708648909,-0.00490079642504471,-0.00617886658505906,-0.0105506525336891,-0.000310262708276277,-0.00437095956964617,-0.00566712584059204,-0.00341018388586978,-0.00335583170848874,-0.00177614508515589,-0.000108028543986727,-4.28181515097492e-05,-0.00419627866850236
"21:43503563:C:T",-3.69824304904398e-05,-9.00291225214289e-06,-1.70949840523349e-05,4.17873449674033e-05,-1.55976945697134e-05,-0.00745022278018803,-9.00291225214289e-06,-3.43195686713926e-06,-0.00180841090607142,-0.001919215672185,-0.00244507882955025,3.44877065323601e-05,-0.00198735877944856,-0.00773890477706463,-2.72120485877991e-06,-0.00158549214887538,0.0759870984348212,-0.00284585617716004,-3.0595520805754e-05,-0.00270721980309219,-0.0022862255190601,-0.000422416201997677,3.97472200237559e-05,1.16294134420158e-05,-0.00111202651942754,-0.000808166426060186,-9.77695026094239e-06,-0.00106670595119107,-1.05646866792597e-05,-0.0014231194244223,-6.62594183964416e-07,-0.00143205006131852,-0.00313523064521792,5.29300079765704e-06,-0.00380869036945164,-0.0020204674585127,-1.05646866792597e-05,-1.21825660377439e-05,-0.0012915816858925,-0.000377650089517179,-0.000133530215558952,3.30631237526191e-05,-4.76755992080413e-05,-0.0046706858976937,-0.00323847548076062,-0.00334871418605243,-0.000792183781316957,-1.13664469001407e-05,1.62014593563242e-05,-0.00118734234217399,-0.000656947306687528,-4.48175904663728e-05,1.21630058131927e-05,-0.00432136707932118,-0.00187483070654348,-0.00142951296943927,-0.00305765504842626,-0.00152609473326315
"21:43505436:G:A",-0.011629777988337,4.74694326841885e-05,8.84067156068369e-05,-0.000982455282949601,-0.00299677645734775,-0.0037234970327642,4.74694326841885e-05,1.50354188992452e-05,-0.00223316402483498,-0.000144301622272636,-0.00291315460476893,-0.000699546570936072,-0.0031985710493645,-0.00338459737712071,-0.00143592937748771,-0.00124599592858088,-0.00284585617716004,0.106777970597608,0.00014711841992554,-0.0075147864631786,-0.000769194408116292,-0.00471651754718749,0.00144823192564214,-7.38910193041065e-05,-0.000492313107383957,-0.00692411113041302,5.06797600126063e-05,-0.00735969486024457,5.39251187232637e-05,-0.0036368519454868,2.94199448713783e-06,-0.00134451966819693,0.000471933590829643,-3.34668637798075e-05,-0.000338946643933191,-0.0088500253959034,5.39251187232637e-05,6.05232405437306e-05,-0.0013561550473673,-0.00603757580720998,-0.000235752832034475,-0.00172988008993524,-0.000638458629187433,-0.000323354002833121,-0.00497950531875002,-0.000454207710540278,-6.99334850056132e-05,5.72060832322308e-05,-0.000108007688090161,-0.00115616353372339,-0.00196763786083221,0.000204009920437009,-7.64979927829756e-05,-0.00335843822290327,-0.00366526892548613,-0.000160209868580452,-0.000131457876236141,-0.00359039933148786
"21:43509357:G:A",-0.000203048531932204,-3.20840449958837e-05,-5.89935121428908e-05,0.00019050464506698,-5.58902679888007e-05,-0.00389815747639766,-3.20840449958837e-05,-1.33831130524342e-05,3.86312174853742e-05,-0.00142577626288443,-0.00242818013844293,0.000148852253404996,-4.75451517720771e-05,-0.00255241756750113,-0.003426339816607,-0.000476260260541039,-3.0595520805754e-05,0.00014711841992554,0.0668044157248184,-0.000256336601147211,0.000410134265493411,-0.000338628715393696,0.000180134619954586,4.34537633378085e-05,0.000276771084766203,-0.00155332945306341,-3.49305601137218e-05,-0.00186678542409258,-3.78126299640513e-05,-0.00132948103703967,-2.61102580534356e-06,-0.000546041620490101,-0.000889237688713074,1.89874306864013e-05,-0.00212979563341431,-0.000800211662588701,-3.78126299640513e-05,-4.36861197403715e-05,0.000148852253404996,-0.000357384712270203,-0.00810693466589729,-0.00191716787639962,8.2268162694632e-05,-0.00921979430359166,-0.000862666050330141,-0.000894637523818353,-0.00181979875280902,-0.00381372564529681,6.13040619805716e-05,0.00015056456470397,-0.00137265950908994,-0.000144887052239362,-0.00265049784151028,-0.00764345796960253,3.36854174358692e-05,9.5142643111501e-05,-0.000242046887399816,-0.00523770522642586
"21:43509969:C:T",-0.00207907126391849,-0.00154569685530248,-7.51058809411731e-05,-0.00206826161341178,-0.00197259573453046,-0.00143117727930431,-0.00154569685530248,-0.000562524431570566,-0.0021583570081809,-0.00246484414718928,-0.00429292025523509,-0.000359650161284364,-0.00680377929123166,-0.00637947935522876,-0.00208672411267496,-0.00402003274207807,-0.00270721980309219,-0.0075147864631786,-0.000256336601147211,0.180014917438544,-0.00640258989769382,-0.00256657017590767,-0.00135484301248034,-0.000402994842424675,-0.00645017968451711,-0.00753948832486628,-0.00386939835757438,-0.00842506595345549,-0.00207560227138615,-0.00784153951074629,-2.56808000553832e-06,-0.00220836827624549,0.000112522759960321,-5.79470941364235e-05,-0.00769398286256928,-0.00194917183051713,-0.000115617069582186,-0.00733202306378367,-2.75032623271443e-05,-0.00191290544840816,-0.00155557141460827,-3.26875709344421e-06,-0.0027862960083489,-0.00410744908509741,-0.0024383365946905,-0.000193610081057116,-0.0102888587073839,-0.00139367778436394,-0.00877446123739301,-0.000836727289471817,-0.00302095522348367,-0.00311238157951177,-0.00124822054431828,-0.00827017351585946,-0.00198210648851838,-0.00611654224059421,-0.00253623632113298,-0.00290994845214687
"21:43514824:G:T",-0.00300304188921174,0.000133168341435841,0.000254715945590789,-0.001458592319457,-0.00107827596697341,-0.00592098509979255,0.000133168341435841,-0.00114268647527016,-0.000929906908960554,0.000911536019639669,-0.00297568251994784,0.00166161051099234,-0.00856048424538614,-0.00648466044576157,1.97961891572618e-05,-0.00517943017372735,-0.0022862255190601,-0.000769194408116292,0.000410134265493411,-0.00640258989769382,0.166316196535612,0.000178082100917631,-0.000907729269116864,-0.00170174705205195,-0.00194521418296389,-0.0112945299504958,0.00013883247830293,-0.013073447309075,-0.00162393989104714,-0.0104806909134956,4.8658683153846e-06,-0.000212009031248961,0.000657938047067042,-0.000914973524001716,-0.00682526783619064,-0.00672762845529462,0.000144561046599101,-0.00321903147471136,-0.000972963221726353,-0.0123483737993704,-0.00306488648966052,-0.00117735831094734,-0.00109911870530066,-0.0029072858722321,-0.00925867824677695,-0.00227318477350957,-0.00222155525168333,-0.00142006010504314,-0.000985942661198891,-0.000870273207987715,-0.00191069081989781,-0.00405812323031451,-0.00482647286373528,-0.00703808061167299,-0.000220774721091388,-0.000830371129997509,-0.00204339177715518,-0.00631905513220588
"21:43516589:G:T",-0.0108466736621868,9.25719669879754e-05,-0.000330866505602323,-0.00386419948552419,-0.00205462242699461,-0.00504093899309943,9.25719669879754e-05,-0.00373719782549653,-0.00461986376943813,0.000203623815026255,-0.00963264257224816,-0.00114066679646907,-0.00756737241520611,-0.0044330934307899,-0.00454088509550576,-0.0121645607807399,-0.000422416201997677,-0.00471651754718749,-0.000338628715393696,-0.00256657017590767,0.000178082100917631,0.220057675320291,-0.00116338412453754,-0.000893502383706668,0.000610255893996214,-0.00354097197701453,-0.00460270746963598,-0.00197561845074024,-0.00361316395263689,-0.00415251447400999,-0.00346048537362087,-0.00144104092437258,-0.00543760029991169,-1.65859286758163e-05,-0.00427664593862209,-0.00864525839133989,-7.84010695698001e-05,-0.00410943616141424,-0.000968320611524298,-0.00384748458883566,-0.00343256875882014,-0.00101573645374042,-0.000352127641909394,-0.00906572244764936,-0.00707780870026742,-0.00178492256827578,-0.003420898484086,6.17435331315974e-05,-0.00516296365575375,-0.0034655128355352,-0.0088760155580605,-0.00779724617051247,-7.11637636463536e-05,-0.00880347677926485,-0.00416673715913785,-0.0170022821841282,-0.00266082246165533,-0.00689968045493972
"21:43517713:C:T",-0.0106516460953348,5.78481586916979e-05,0.000108319292046133,-0.00102136683806275,-0.00523744814932403,-0.00483330068438637,5.78481586916979e-05,1.74537522728002e-05,-0.000677488965393103,-0.00216195533100816,-0.00222535973965776,-0.000162689780306202,-9.59592082461214e-05,0.00167145173355987,1.38844644954617e-05,-0.00162565092679401,3.97472200237559e-05,0.00144823192564214,0.000180134619954586,-0.00135484301248034,-0.000907729269116864,-0.00116338412453754,0.0676292182837113,-0.000327084288290536,-0.000588592035030366,-0.00292955071225531,6.16049646993133e-05,-0.00395391540718482,6.54038209972896e-05,-0.00127526177056669,3.4135160849047e-06,-0.00056290315607388,0.000589059409663584,-4.14195242566251e-05,-0.00592188964858131,-0.00379847067573102,6.54038209972896e-05,7.31305395449411e-05,-0.000304831119596116,0.000581740654328478,-0.00215129914316936,-0.000362406977989949,-0.000449891601508767,-0.00267184855766267,0.000422495268221468,-0.00244975846872286,-0.000680468352119767,6.92454373405482e-05,-0.000132830875863021,-0.000306637968330747,-0.00120352582164696,-0.00283772357252143,-9.3726206676692e-05,-0.00434309491839269,-0.000493756767984799,-0.00019515381342039,0.000404538857268655,-0.00336531039001109
"21:43517751:A:G",-0.00347074717417328,1.41281955743366e-05,2.59641338899996e-05,-0.00131111311086052,2.30235870510853e-05,-0.000971492034727461,1.41281955743366e-05,5.12498737847977e-06,-1.93016816636415e-05,-0.00126727714076225,-0.00016512454363049,-0.000909330116378726,-0.0028854785922352,-0.0045096112945302,4.07925330581094e-06,-0.00204735998631378,1.16294134420158e-05,-7.38910193041065e-05,4.34537633378085e-05,-0.000402994842424675,-0.00170174705205195,-0.000893502383706668,-0.000327084288290536,0.0660873175595871,-0.00590105711214495,-0.00281578325668264,1.52015690160212e-05,-0.00372099269226123,-0.00509132712326377,-0.00337492280452079,1.00456487217571e-06,-0.00171335188417743,-0.00189980452523475,-9.39372846175957e-06,-6.12434567015541e-05,-0.000838025706048739,1.62856359535724e-05,1.8486480030333e-05,-7.45821459009477e-05,-0.00474589839013273,-0.000707016417744732,0.000174678215807411,-4.17098641847247e-05,-0.000253918363804395,-0.00470152735273999,-0.000668651908320328,-0.00332105528650839,-0.00250452074440144,-0.000249803025080375,-7.52656836917609e-05,-8.37135181246396e-05,6.00734530298297e-05,-2.21160985738322e-05,2.99657282729626e-05,-1.73755451733371e-05,-4.68060681440008e-05,-0.0021979057706405,-0.000450721002406063
"21:43522050:C:T",-0.000291814121911926,8.95202797721595e-05,-0.00122451360716536,-0.00446023052930666,0.000131153074250712,-0.00585274490536714,8.95202797721595e-05,-0.00122848716334634,-0.000140542642704133,-0.00140186400161113,-0.00168765611113209,-0.00275536412942046,-9.63623600540586e-05,-0.00377110454598029,1.8214288893148e-05,-0.00894622503504516,-0.00111202651942754,-0.000492313107383957,0.000276771084766203,-0.00645017968451711,-0.00194521418296389,0.000610255893996214,-0.000588592035030366,-0.00590105711214495,0.12016098749057,-0.00153280656026888,9.45209617553289e-05,-0.00190466571206471,-0.00740684971415195,-0.0063701148562112,4.47764661881678e-06,-0.00396597927411957,-0.0048044601271755,-0.000956289907226626,-0.00100186818194725,-0.00298935978721548,9.95778068162423e-05,-0.00142929778095535,-0.000494127617853835,-0.00388293593911326,0.00177422351815038,-0.000484838443855828,-0.00100298329174997,-0.00500790782439076,-0.00632857012904342,-0.00415912109543504,-0.00502845576051403,-0.00154883402870443,-0.000766090601761249,-0.000495921214755946,-0.000476173112782696,-0.00252883069016008,-0.000151880500409263,-0.00339610150015623,-0.000132762898652494,-0.00218655646775456,-0.000231074888406013,-0.00433807262401276
"21:43522349:T:C",-0.00837512627361736,-0.00156274364864561,0.00013484939929409,-0.00375024792736101,-0.00604703982083654,-0.00114071770710877,-0.00156274364864561,-1.91851753461592e-05,-0.00419274115038437,-0.000146720418280566,-0.00809777220380647,-0.000154158342281718,-0.00294261392083106,-0.0110920596165363,-0.00425040492407014,-0.00677047078931103,-0.000808166426060186,-0.00692411113041302,-0.00155332945306341,-0.00753948832486628,-0.0112945299504958,-0.00354097197701453,-0.00292955071225531,-0.00281578325668264,-0.00153280656026888,0.241405304746861,-0.001596100985509,-0.00594818984524004,-0.00210153983465489,-0.0227090910400825,4.18506960286891e-06,-0.00290442951269343,-0.00331568355426048,-0.000155863536538625,-0.00263283797712965,-0.00256103260802432,-0.000214922720525479,-0.000257404614412593,5.29672045326279e-05,-0.008761584930705,-0.00710681284519632,-0.00103117095625871,-0.00218188639499806,-0.00794341820015676,-0.00778429335438302,-0.0098458269275512,-0.00584399265752333,-0.00281501420296948,-0.00183305825934932,-8.85256367357812e-05,-0.00676864979400893,-0.0079527816584819,-0.00558864859551811,-0.00847465944342884,-0.000528361968123114,-0.00134808054480029,-0.00174839578479169,-0.0105115646780569
"21:43529562:G:A",-0.00565982855085334,-1.09384277209301e-05,-2.02496708441302e-05,6.58034502860616e-05,-0.00350487838187341,-0.00428058750654081,-1.09384277209301e-05,-0.00168144155546823,1.36828494881058e-05,2.82666549464849e-05,-0.00443176143670776,5.12038575566365e-05,6.37246730317287e-06,6.57965100829827e-05,-3.39914714597711e-06,-0.000102883044465152,-9.77695026094239e-06,5.06797600126063e-05,-3.49305601137218e-05,-0.00386939835757438,0.00013883247830293,-0.00460270746963598,6.16049646993133e-05,1.52015690160212e-05,9.45209617553289e-05,-0.001596100985509,0.0842175392193658,-0.00148258990366035,-1.27803761511558e-05,-0.00406459956569005,-8.34084366907462e-07,-0.00177293935103506,-0.000122614286222955,6.73373931014964e-06,-0.00485832033676914,-0.00671163104118211,-1.27803761511558e-05,-1.46692046607555e-05,-0.00361207287904719,0.000169698929120443,-0.000748809831498498,4.85158685235021e-05,-0.00893223219301831,-0.00885738088114074,-0.00165463310906144,-0.00451669188359283,6.87709626632227e-05,-1.37188200355354e-05,-0.00210888381617735,5.17214553177325e-05,-0.00398917631222506,-4.94343672832187e-05,1.59467735638685e-05,-6.27258084815452e-05,1.2125179062572e-05,3.29436296953034e-05,-8.26435056593411e-05,-0.00171397887452684
"21:43530327:C:G",-0.0105456566037438,-0.00183172911841201,0.000459405253538492,-0.00315215379506473,-0.00504647880314302,-0.000792680971242188,-0.00183172911841201,-0.000101899904982439,-0.00297485477970838,-0.000279566419481014,-0.00232602090313838,-0.000610008168950849,-0.00340721981865233,-0.0120332149992746,-3.2784278050535e-05,-0.00330848258315886,-0.00106670595119107,-0.00735969486024457,-0.00186678542409258,-0.00842506595345549,-0.013073447309075,-0.00197561845074024,-0.00395391540718482,-0.00372099269226123,-0.00190466571206471,-0.00594818984524004,-0.00148258990366035,0.254949315576239,-0.00287011625401767,-0.0172917962041002,-0.00335446650096838,-0.00136823546846054,-0.00198041609510691,8.27518319761467e-05,-0.00294081648332423,-0.00248495700547569,-0.00010408497517389,-0.00233753933354741,0.000107080235374646,-0.00760026322387741,-0.0067621643127489,-0.00161161734644155,-0.0053742579456002,-0.00968016033412722,-0.0093772578631186,-0.0105989839198339,-0.00453826772676225,-0.00798062870843186,-0.00386142691171187,-0.000308801501408773,-0.00418570648548311,-0.00931228157464004,-0.00953312578421972,-0.0169037987128946,-0.000419340581803151,-0.000630394099259135,-0.00187179362711953,-0.0112637021428461
"21:43531325:C:T",-6.97864894760869e-05,-1.17892195010683e-05,-2.18562957279289e-05,-0.00131659597689637,-2.00918840675968e-05,-0.000211894114089617,-1.17892195010683e-05,-4.61503013227116e-06,1.46565699239432e-05,-0.00134643554778524,-0.000496729794761563,-0.00195658217823702,-0.00177554832295534,-0.00225623898327498,-3.66819194308476e-06,1.44907161452323e-05,-1.05646866792597e-05,5.39251187232637e-05,-3.78126299640513e-05,-0.00207560227138615,-0.00162393989104714,-0.00361316395263689,6.54038209972896e-05,-0.00509132712326377,-0.00740684971415195,-0.00210153983465489,-1.27803761511558e-05,-0.00287011625401767,0.0741937018296017,-0.00274027718633452,-8.99621857897159e-07,-0.00404386894864128,-0.00108350586900041,7.22210661852074e-06,4.12628696508932e-05,-0.00511998845165262,-1.37843575265251e-05,-1.58317910168293e-05,5.44786163105826e-05,-0.00241702925896004,-0.00205169087401469,-0.000192082757074274,3.0935675845889e-05,-1.24294629051391e-05,-0.00352360191413581,-0.004659097699931,-0.00205396316949447,-0.0014537291760135,-0.00218752296007274,5.50250949862274e-05,-0.00173814573514885,-5.3651947453659e-05,1.70845784310814e-05,-0.000288293046215138,1.29845720779898e-05,3.51796316273578e-05,-0.00355936201205598,-0.00304027697913245
"21:43531808:A:C",-0.00781969663072424,-0.00144674018346791,-0.000233743524513663,-0.00189745838732502,-0.000650048825161065,-0.00552240686582017,-0.00144674018346791,-0.00213338423516074,-0.00165964701468013,-0.00474709575969801,-0.00188017239537386,-0.00603413369955685,-0.00571557766069297,-0.00320146263579657,-0.00483449465965613,-0.00667230722583279,-0.0014231194244223,-0.0036368519454868,-0.00132948103703967,-0.00784153951074629,-0.0104806909134956,-0.00415251447400999,-0.00127526177056669,-0.00337492280452079,-0.0063701148562112,-0.0227090910400825,-0.00406459956569005,-0.0172917962041002,-0.00274027718633452,0.251455861146709,-0.00390137852799199,-0.00690114432162892,-0.000168866201533113,-0.00173218507739481,-0.00251721051718379,-0.0128970886279269,-0.0134887257477132,-7.69850679276374e-05,-0.00337863609316003,-0.00452816738522843,-0.00760913849196676,-0.0044703841201903,-6.71559425393653e-05,-0.00293566031964199,-0.00580057945202794,-0.00521451374772175,-0.00573669233144392,-0.00132354364003717,-6.15791013132139e-05,-0.00367021915360866,-0.00263131009898254,-2.52444155446341e-06,-0.000242576155139673,-0.00206511125327902,-0.00820270334658613,-0.000108082280708466,-0.0044631568183684,-0.00467517226427594
"21:43532494:C:G",-4.84265859679311e-06,-7.69652941379206e-07,-1.46471590767305e-06,3.59396365023912e-06,-1.31755372922981e-06,4.4801268650474e-06,-7.69652941379206e-07,-2.85601567284743e-07,9.13509867750406e-07,1.79771770270065e-06,-2.63879988970928e-07,2.96477193284517e-06,-0.00392481505471221,3.62420253630091e-06,-2.26514956125357e-07,-0.00375123832214275,-6.62594183964416e-07,2.94199448713783e-06,-2.61102580534356e-06,-2.56808000553832e-06,4.8658683153846e-06,-0.00346048537362087,3.4135160849047e-06,1.00456487217571e-06,4.47764661881678e-06,4.18506960286891e-06,-8.34084366907462e-07,-0.00335446650096838,-8.99621857897159e-07,-0.00390137852799199,0.039202138145459,-6.89954645594071e-06,-1.09173774012206e-05,4.59453442402946e-07,-0.00394256732789344,-2.76568213237738e-05,-8.99621857897159e-07,-1.03411766527728e-06,-0.00512204673232564,-6.88374097359556e-05,-8.66299146142779e-05,2.84672904804495e-06,-0.00359680780872118,-3.19237570938213e-05,-2.4665569793747e-05,-0.00395062039241623,-5.44444050021298e-05,-9.66290887305377e-07,1.40191756514696e-06,2.98715306534802e-06,-0.00380000110402801,-3.81791372561224e-06,1.04892504904086e-06,-1.8507524224276e-07,8.19219116543479e-07,2.04477934051539e-06,-6.83211591478994e-06,-0.000104356556239082
"21:43532981:A:C",-0.00417575935721093,-0.0015782575987302,-0.000149633137158212,-0.0022803940740701,-0.002012120787108,-0.00572432079983765,-0.0015782575987302,-4.41600637124395e-05,-0.00544613952867667,-0.000497512441185677,-0.00821770603441152,0.000169959370522221,-0.00239943932191267,-0.00489544755292792,-0.0086190563201507,-0.0155780726243342,-0.00143205006131852,-0.00134451966819693,-0.000546041620490101,-0.00220836827624549,-0.000212009031248961,-0.00144104092437258,-0.00056290315607388,-0.00171335188417743,-0.00396597927411957,-0.00290442951269343,-0.00177293935103506,-0.00136823546846054,-0.00404386894864128,-0.00690114432162892,-6.89954645594071e-06,0.209402935902697,0.000121039311011817,-0.000220054265489544,-0.00487427126407658,-0.00857864935788433,-0.000170309804036428,-0.00401614192753641,-0.000775035753648012,-0.00699055720098496,-0.0061325034519113,-0.0015245027675026,-0.000637598939964512,-0.0098169121118481,-0.00383050223163028,-0.00276110862526391,-0.00406117455778121,-0.00302203690002045,-0.00144758489619079,-0.00280891218437951,-0.00569896957838045,-0.00793500825398041,-0.00471442372296327,-0.0107581374157859,-0.00337237132181301,-0.0116733489462177,-0.000275572131905655,-0.00997818868771949
"21:43534682:T:C",-0.0006248891504681,-0.000110788879751134,-0.000199948533835759,-0.00173974999410387,-0.000210053880367767,-0.00278540489224044,-0.000110788879751134,-5.60716733177813e-05,-0.00251207257207131,7.018564189476e-05,-0.000453720583907469,-0.00165283165495644,-0.00337010482027811,-0.000929456176913313,-4.45544021125954e-05,-0.0040798872593899,-0.00313523064521792,0.000471933590829643,-0.000889237688713074,0.000112522759960321,0.000657938047067042,-0.00543760029991169,0.000589059409663584,-0.00189980452523475,-0.0048044601271755,-0.00331568355426048,-0.000122614286222955,-0.00198041609510691,-0.00108350586900041,-0.000168866201533113,-1.09173774012206e-05,0.000121039311011817,0.0790877085576041,-0.000170862131988692,-0.00254257940769698,-0.00601024752514556,-0.000134599482002784,-0.00117777335688007,0.000479851640077911,-0.00633002286795037,-0.00191243938224028,0.000123081132480607,-0.00230414495666853,-0.00120356483607553,-0.00186036876220452,-0.000290969571530297,-0.0025472400122073,-0.00113871432191992,-0.00353485343497528,0.000487663116713222,-0.00178418753723708,0.000749718266471078,0.000144553437327666,-0.00292171902739735,-9.26539338115262e-05,-0.00202382910929533,-0.00108757692867911,-0.00229824830195202
"21:43534783:A:C",-0.00187179752187827,6.24968793694336e-06,1.14040826559858e-05,-4.51138340373802e-05,1.02459730619842e-05,-0.000123608444116741,6.24968793694336e-06,2.33960501017094e-06,-8.51301664450688e-06,-1.81380556778521e-05,-0.0015984060845371,-3.38075766865842e-05,-0.00181867679053305,-0.00140594743435862,1.86310748429008e-06,-0.000382425245662787,5.29300079765704e-06,-3.34668637798075e-05,1.89874306864013e-05,-5.79470941364235e-05,-0.000914973524001716,-1.65859286758163e-05,-4.14195242566251e-05,-9.39372846175957e-06,-0.000956289907226626,-0.000155863536538625,6.73373931014964e-06,8.27518319761467e-05,7.22210661852074e-06,-0.00173218507739481,4.59453442402946e-07,-0.000220054265489544,-0.000170862131988692,0.04173794950146,-2.6769382093228e-05,-0.00268454874681456,7.22210661852074e-06,-0.00228064196550282,-3.38075766865842e-05,-0.000573966070341214,-0.0029928631742635,-3.20671585942733e-05,-1.85591546433272e-05,-0.00650993023980639,-0.00361399220315572,-0.00081783794972079,-4.82079356478593e-05,-0.00239509599227361,-0.00318803808641643,-3.41447184837307e-05,-0.00281661987396031,2.60600649566456e-05,-9.82775557378801e-06,-0.000163120186282839,-7.61503153068332e-06,-2.09964302131382e-05,4.06940413055779e-05,-0.00208760020317023
"21:43536262:T:C",-0.00385028669182175,-0.00149363498780186,6.51216786495823e-05,-0.00627619937937673,-0.00399483447572546,-0.00463089991078913,-0.00149363498780186,1.23306021801994e-05,-0.00164489288100889,-0.00385015582634995,-0.00123617370688667,-0.00256206871652331,-0.000100273561147723,-0.00452873983644819,-0.000714708743611681,-0.00121084012008899,-0.00380869036945164,-0.000338946643933191,-0.00212979563341431,-0.00769398286256928,-0.00682526783619064,-0.00427664593862209,-0.00592188964858131,-6.12434567015541e-05,-0.00100186818194725,-0.00263283797712965,-0.00485832033676914,-0.00294081648332423,4.12628696508932e-05,-0.00251721051718379,-0.00394256732789344,-0.00487427126407658,-0.00254257940769698,-2.6769382093228e-05,0.15776773269836,-0.00264049316763959,-0.00166870942976782,4.62891257448916e-05,0.000873785203423516,-0.00248098421521004,-0.00313771378747418,-0.000192414976957878,-0.00130097257519424,-0.0011877391946804,-0.0126157565421643,-0.00366972123317932,-0.00789476925217336,-0.000353631176586156,-0.0016104133337782,-0.00119185085528972,-0.00516781826769996,-0.00191027765592455,-6.62401749886854e-05,-0.00691678458151657,-0.000260408316491656,-0.00275538254181296,-0.00513816332302586,-0.0026652304834931
"21:43538093:A:C",-0.00265717126155884,-0.000844363228734046,0.000126333109663257,-0.0011739502866317,-0.00393188254296772,-0.00212715769273508,-0.000844363228734046,-0.00145635934259136,-0.00439050294079202,-0.000251277073414879,-0.00425960244304591,-0.00450912106749923,-0.00448230623495993,-0.0027782443999369,-0.000245450456272778,-0.00221295312565273,-0.0020204674585127,-0.0088500253959034,-0.000800211662588701,-0.00194917183051713,-0.00672762845529462,-0.00864525839133989,-0.00379847067573102,-0.000838025706048739,-0.00298935978721548,-0.00256103260802432,-0.00671163104118211,-0.00248495700547569,-0.00511998845165262,-0.0128970886279269,-2.76568213237738e-05,-0.00857864935788433,-0.00601024752514556,-0.00268454874681456,-0.00264049316763959,0.216095528776151,-0.00511998845165262,-0.00577504437235721,-0.000310985163819666,-0.00364084170189249,-0.0113092027225008,-0.00735499882913659,-0.00234487412038886,-0.0101345710816361,-0.00501626940460609,-0.00354884645285836,-0.00320227993855626,-0.00353068911413068,-0.000788068743674319,8.26284995980586e-05,-0.00534582408754325,-0.00278370897849456,-0.00551411023258552,-0.00247423030482219,-0.00163821013899623,-0.00451323065121922,-0.00674362321381672,-0.00271527463897581
"21:43540128:A:C",-0.00303200568822248,-1.17892195010683e-05,-2.18562957279289e-05,6.97795710040694e-05,-0.0030769916666511,-0.00179453842141797,-1.17892195010683e-05,-4.61503013227116e-06,1.46565699239432e-05,3.01950652925598e-05,-5.29964992006526e-05,-0.00293055086650185,-0.00177554832295534,6.9732703328107e-05,-3.66819194308476e-06,-0.00145760635695691,-1.05646866792597e-05,5.39251187232637e-05,-3.78126299640513e-05,-0.000115617069582186,0.000144561046599101,-7.84010695698001e-05,6.54038209972896e-05,1.62856359535724e-05,9.95778068162423e-05,-0.000214922720525479,-1.27803761511558e-05,-0.00010408497517389,-1.37843575265251e-05,-0.0134887257477132,-8.99621857897159e-07,-0.000170309804036428,-0.000134599482002784,7.22210661852074e-06,-0.00166870942976782,-0.00511998845165262,0.0530886334219529,-1.58317910168293e-05,5.44786163105826e-05,-0.000248447932152729,-0.000840964768773489,5.16381796451526e-05,3.0935675845889e-05,-0.00372905695944947,-0.00206692945627474,-0.0021401682365747,-0.00205396316949447,-1.48014111820416e-05,2.30930730182877e-05,5.50250949862274e-05,2.01605916059222e-05,-0.00122534687822107,1.70845784310814e-05,-0.00395270657087909,1.29845720779898e-05,3.51796316273578e-05,-9.01952621470414e-05,-0.00223698424367758
"21:43540484:G:C",-0.0026925194507168,-1.35221820904974e-05,-2.51265429946912e-05,7.78625624091589e-05,-2.31522224325431e-05,-0.00123135652068651,-1.35221820904974e-05,-5.31148930882352e-06,1.66307731364057e-05,3.41070247840136e-05,-0.00448110075219876,6.11371460506049e-05,-0.000396543981961095,-3.42816133738211e-05,-4.22045053483089e-06,-0.0128016156728759,-1.21825660377439e-05,6.05232405437306e-05,-4.36861197403715e-05,-0.00733202306378367,-0.00321903147471136,-0.00410943616141424,7.31305395449411e-05,1.8486480030333e-05,-0.00142929778095535,-0.000257404614412593,-1.46692046607555e-05,-0.00233753933354741,-1.58317910168293e-05,-7.69850679276374e-05,-1.03411766527728e-06,-0.00401614192753641,-0.00117777335688007,-0.00228064196550282,4.62891257448916e-05,-0.00577504437235721,-1.58317910168293e-05,0.0853012484420033,6.11371460506049e-05,-0.0108132138649975,-0.000451023435883435,5.79833719083211e-05,-0.0022095928944923,-0.000188977509155919,-0.00161679939397263,-2.78045366961521e-05,-0.00455251790470879,-0.00254416577134453,2.61475800025224e-05,6.17429564631067e-05,-0.00188435656141461,-0.00130471718192293,1.93957690086677e-05,-0.00381165733440358,1.47238832095553e-05,3.97238177995973e-05,-0.00282680863188567,9.81929326195896e-05
"21:43542196:T:C",-0.00307383317876919,4.79646493118935e-05,8.93941904074325e-05,-0.000338718784886005,-0.00142920805455038,-0.00246867647072202,4.79646493118935e-05,1.51534617840454e-05,-6.92494083871509e-05,-0.000145524942328557,-0.00130589231702416,-0.00070966020189811,-6.94866816086659e-06,-0.00112374781594049,-0.00144397663617823,-0.00201773330036481,-0.0012915816858925,-0.0013561550473673,0.000148852253404996,-2.75032623271443e-05,-0.000972963221726353,-0.000968320611524298,-0.000304831119596116,-7.45821459009477e-05,-0.000494127617853835,5.29672045326279e-05,-0.00361207287904719,0.000107080235374646,5.44786163105826e-05,-0.00337863609316003,-0.00512204673232564,-0.000775035753648012,0.000479851640077911,-3.38075766865842e-05,0.000873785203423516,-0.000310985163819666,5.44786163105826e-05,6.11371460506049e-05,0.0488364348018639,-0.000994549167361747,0.000758295891245986,-0.00430808082636425,-0.00209212089381605,-0.00093858346401543,-0.00613154752747747,0.00113447391141852,-1.33847920302799e-06,-0.00297133289919405,-0.000108976048800891,0.00321315503933572,-0.00241058912010317,-0.0025566854722765,-7.72039117062917e-05,8.77310341018678e-05,-6.37943231627247e-05,-0.000161492210866143,-0.00158369218056365,0.00119260667073018
"21:43545030:C:T",-0.0109386267999945,-0.00183459430349409,0.000182188702492425,-0.00348529268605757,-0.00068657370882752,-0.0107317945921754,-0.00183459430349409,1.75013287009307e-05,-0.00335661768235074,-0.000559508147436549,-0.00161713748375147,-0.00152501448138409,-0.0124584741138634,-0.00517366206637071,-0.00534025340208544,-0.00437918776394808,-0.000377650089517179,-0.00603757580720998,-0.000357384712270203,-0.00191290544840816,-0.0123483737993704,-0.00384748458883566,0.000581740654328478,-0.00474589839013273,-0.00388293593911326,-0.008761584930705,0.000169698929120443,-0.00760026322387741,-0.00241702925896004,-0.00452816738522843,-6.88374097359556e-05,-0.00699055720098496,-0.00633002286795037,-0.000573966070341214,-0.00248098421521004,-0.00364084170189249,-0.000248447932152729,-0.0108132138649975,-0.000994549167361747,0.222036600954305,-0.00623697205964113,-0.00421707461913057,-0.00510715080702173,-0.00806754786883612,-0.00528910701874441,-0.00682422372164204,0.000174802088147352,-0.00442868855787015,-0.00103801887109833,0.000242984876876129,-0.00508533286759949,-0.00131281317029774,-0.000569013219995362,-0.0132291780243805,-0.000349462065483586,-0.00430131913223697,-0.000870733965575354,-0.00359887602492792
"21:43545060:A:G",-0.00229715274083464,-0.0061719983547226,-0.000926747580341392,-0.00550407524100205,-9.04732418951504e-05,-0.0017584772380892,-0.0061719983547226,-0.000296657138320278,-0.000205305587368088,-0.00824809197337473,-0.0053479031456658,-0.00121016756264547,-0.00784424587695431,-0.00180998413282962,-0.00168079494963536,-0.00686767351328621,-0.000133530215558952,-0.000235752832034475,-0.00810693466589729,-0.00155557141460827,-0.00306488648966052,-0.00343256875882014,-0.00215129914316936,-0.000707016417744732,0.00177422351815038,-0.00710681284519632,-0.000748809831498498,-0.0067621643127489,-0.00205169087401469,-0.00760913849196676,-8.66299146142779e-05,-0.0061325034519113,-0.00191243938224028,-0.0029928631742635,-0.00313771378747418,-0.0113092027225008,-0.000840964768773489,-0.000451023435883435,0.000758295891245986,-0.00623697205964113,0.169760264512747,-0.0032315828556051,-0.00347830505627078,-0.00341719477043023,0.000831028422532576,0.000654043496309153,-0.000132860132566304,-0.0048526426021569,-0.000841568959535799,-0.00519971726275514,-0.00471850117678141,-0.00150022482854562,-0.000170210603208432,-0.00161254115058096,4.83696017492541e-05,-0.0029668747721443,-0.00219648386561788,-0.00630928178462664
"21:43548031:C:T",-0.00307252358754972,4.54263832248003e-05,8.43359753366357e-05,-0.000328989091292087,-0.000346125735938507,-0.0033248142780673,4.54263832248003e-05,1.45414391621301e-05,-0.00265258654962341,-0.00141725213226884,-0.0014997397974077,-0.00430808082636425,-0.000566424726288872,-0.000147194026125952,1.1570607793665e-05,-0.00141834154809262,3.30631237526191e-05,-0.00172988008993524,-0.00191716787639962,-3.26875709344421e-06,-0.00117735831094734,-0.00101573645374042,-0.000362406977989949,0.000174678215807411,-0.000484838443855828,-0.00103117095625871,4.85158685235021e-05,-0.00161161734644155,-0.000192082757074274,-0.0044703841201903,2.84672904804495e-06,-0.0015245027675026,0.000123081132480607,-3.20671585942733e-05,-0.000192414976957878,-0.00735499882913659,5.16381796451526e-05,5.79833719083211e-05,-0.00430808082636425,-0.00421707461913057,-0.0032315828556051,0.0914675537427647,-0.000141584847085596,-0.00247302041121955,-0.00632745044080396,-0.00233805693133737,-0.00255729492501189,-0.0055349733626624,-0.00584354703399459,-0.00460008196751183,-0.00183003045599417,0.000193438124213685,-7.3593091635793e-05,-0.00138908393858372,-6.05816695893324e-05,-0.000948354569087151,-0.000735164411060474,-0.00356257479907107
"21:43549985:T:C",-0.00308791985280266,-0.00187355612524609,4.96249426014117e-05,2.58233611312164e-05,-3.37527484894906e-05,-0.00609450521559696,-0.00187355612524609,-0.00181589289051498,-3.82661446494126e-05,-0.000859015020749254,-0.00582915207384715,-0.00340916333936914,-0.00565535662934291,-4.79188035615863e-05,-6.17352551559591e-05,-0.00516821614750196,-4.76755992080413e-05,-0.000638458629187433,8.2268162694632e-05,-0.0027862960083489,-0.00109911870530066,-0.000352127641909394,-0.000449891601508767,-4.17098641847247e-05,-0.00100298329174997,-0.00218188639499806,-0.00893223219301831,-0.0053742579456002,3.0935675845889e-05,-6.71559425393653e-05,-0.00359680780872118,-0.000637598939964512,-0.00230414495666853,-1.85591546433272e-05,-0.00130097257519424,-0.00234487412038886,3.0935675845889e-05,-0.0022095928944923,-0.00209212089381605,-0.00510715080702173,-0.00347830505627078,-0.000141584847085596,0.101441042221819,-0.000702565842400471,-0.000767302760388056,-0.00221861493074238,-0.00146078064877564,-0.00218395953847583,-6.0891764461779e-05,-0.000149105612741174,-0.00215163438827659,-0.0022598708485857,-4.34052555480235e-05,-4.57539678309082e-05,-0.00286221892887006,-9.23777431740547e-05,-0.000441430559519951,-0.00416720500625312
"21:43554571:A:G",-0.00169186858623238,-0.00143329356186062,0.000103673303635254,-0.00332867410343018,-0.00522625557564149,-0.00687545262188927,-0.00143329356186062,-0.0080289536690854,-0.00845989291573712,-0.00713779372413814,-0.0103078513307779,-0.00482306159727042,-0.00984410524058621,-0.00264344024240026,-0.00340424966076736,-0.00766667164575408,-0.0046706858976937,-0.000323354002833121,-0.00921979430359166,-0.00410744908509741,-0.0029072858722321,-0.00906572244764936,-0.00267184855766267,-0.000253918363804395,-0.00500790782439076,-0.00794341820015676,-0.00885738088114074,-0.00968016033412722,-1.24294629051391e-05,-0.00293566031964199,-3.19237570938213e-05,-0.0098169121118481,-0.00120356483607553,-0.00650993023980639,-0.0011877391946804,-0.0101345710816361,-0.00372905695944947,-0.000188977509155919,-0.00093858346401543,-0.00806754786883612,-0.00341719477043023,-0.00247302041121955,-0.000702565842400471,0.231416264000558,-0.00376989815404638,-0.00169427362409325,-0.000261142222514277,-0.00136674286774596,-0.00558481776709385,0.000228009432490239,-0.000516862528419537,-0.000134948236500509,-0.00504216416200798,-0.00491204274772938,-0.00298058917167143,-0.00344946403337332,-0.00239215251175917,-0.00127938707272257
"21:43554732:T:A",-0.00785409700910478,-0.00143708834753209,-0.000392073281820338,-0.012542789981103,-0.0075710951062451,-0.00319070725624293,-0.00143708834753209,-6.96595751294993e-05,-0.00320329377637041,-0.00513087413236724,-0.00628965658626202,-0.00623227308231655,-0.00502062740587927,-0.00625850815877271,-0.0050064271589445,-0.00849243667021016,-0.00323847548076062,-0.00497950531875002,-0.000862666050330141,-0.0024383365946905,-0.00925867824677695,-0.00707780870026742,0.000422495268221468,-0.00470152735273999,-0.00632857012904342,-0.00778429335438302,-0.00165463310906144,-0.0093772578631186,-0.00352360191413581,-0.00580057945202794,-2.4665569793747e-05,-0.00383050223163028,-0.00186036876220452,-0.00361399220315572,-0.0126157565421643,-0.00501626940460609,-0.00206692945627474,-0.00161679939397263,-0.00613154752747747,-0.00528910701874441,0.000831028422532576,-0.00632745044080396,-0.000767302760388056,-0.00376989815404638,0.23599265751853,-3.71741187707997e-05,-0.000109100455139899,-0.00140685912091865,-0.00121024643190726,-0.00691568080192617,-0.00340868222715507,-0.00137661575864989,-0.000472364981045637,-0.00653956487760743,-0.00760911639050921,-0.00272698889537537,-0.00108374260829258,-0.00426482563480501
"21:43555076:G:A",-0.00803861742038015,-0.000986727410825949,0.000223292000923969,-0.00938567098901277,-0.000941500213622604,-0.00603732987992034,-0.000986727410825949,-0.00488135462012629,-0.00120845419900517,-0.00308363332073247,-0.00478722818489663,-0.00187881621358743,-0.00212108373474607,-0.000503473273643529,-0.00799156452426875,-0.00108432708648909,-0.00334871418605243,-0.000454207710540278,-0.000894637523818353,-0.000193610081057116,-0.00227318477350957,-0.00178492256827578,-0.00244975846872286,-0.000668651908320328,-0.00415912109543504,-0.0098458269275512,-0.00451669188359283,-0.0105989839198339,-0.004659097699931,-0.00521451374772175,-0.00395062039241623,-0.00276110862526391,-0.000290969571530297,-0.00081783794972079,-0.00366972123317932,-0.00354884645285836,-0.0021401682365747,-2.78045366961521e-05,0.00113447391141852,-0.00682422372164204,0.000654043496309153,-0.00233805693133737,-0.00221861493074238,-0.00169427362409325,-3.71741187707997e-05,0.172744848175355,-0.00143045905399974,-0.000821493146489161,-0.000426375359269926,0.000639318736006977,-0.0186891598192394,-0.00475776808956985,-0.000606099429616869,-0.00265555464194955,-0.000337972450024537,-0.00525188885426964,0.00123224229639485,-0.00635359647070821
"21:43555081:G:A",-0.00585822683315262,6.47302699441354e-05,-0.000267038945723108,-0.00546882416261951,-0.00463046017931035,-0.00735961710799149,6.47302699441354e-05,-0.00247182986057926,-0.00176910062145463,-0.000291410066513009,-0.0057381011331028,-0.000815380057082926,-0.00233910035986185,0.000111307668503535,-0.00425154347071022,-0.00490079642504471,-0.000792183781316957,-6.99334850056132e-05,-0.00181979875280902,-0.0102888587073839,-0.00222155525168333,-0.003420898484086,-0.000680468352119767,-0.00332105528650839,-0.00502845576051403,-0.00584399265752333,6.87709626632227e-05,-0.00453826772676225,-0.00205396316949447,-0.00573669233144392,-5.44444050021298e-05,-0.00406117455778121,-0.0025472400122073,-4.82079356478593e-05,-0.00789476925217336,-0.00320227993855626,-0.00205396316949447,-0.00455251790470879,-1.33847920302799e-06,0.000174802088147352,-0.000132860132566304,-0.00255729492501189,-0.00146078064877564,-0.000261142222514277,-0.000109100455139899,-0.00143045905399974,0.155972126760166,-0.002119641434839,-0.00284374311647273,0.000113599499051986,-0.000873022207122709,-0.00277144390059814,-0.000109777456795079,-0.00613311140279782,-0.00373968798891866,-0.00368229333819414,-0.000619586907490088,-0.0113326337026121
"21:43556554:T:C",-1.31721427640841e-05,-1.26504072346378e-05,-2.3481808076653e-05,7.37990392636334e-05,-2.16108721451391e-05,-0.0047531143828099,-1.26504072346378e-05,-4.96022646601091e-06,1.56391736005901e-05,3.2141773580463e-05,-0.00636930678943504,5.77895125113415e-05,-0.00181889055462303,-0.00205468780638629,-3.94192323227571e-06,-0.00617886658505906,-1.13664469001407e-05,5.72060832322308e-05,-0.00381372564529681,-0.00139367778436394,-0.00142006010504314,6.17435331315974e-05,6.92454373405482e-05,-0.00250452074440144,-0.00154883402870443,-0.00281501420296948,-1.37188200355354e-05,-0.00798062870843186,-0.0014537291760135,-0.00132354364003717,-9.66290887305377e-07,-0.00302203690002045,-0.00113871432191992,-0.00239509599227361,-0.000353631176586156,-0.00353068911413068,-1.48014111820416e-05,-0.00254416577134453,-0.00297133289919405,-0.00442868855787015,-0.0048526426021569,-0.0055349733626624,-0.00218395953847583,-0.00136674286774596,-0.00140685912091865,-0.000821493146489161,-0.002119641434839,0.103805922867353,2.46129950625118e-05,-0.00326144426481978,-0.00414771268143976,-5.79240400382375e-05,-0.00207261107471801,-0.0102569519661211,1.38507858942205e-05,3.74395664906046e-05,-9.78499929971122e-05,-0.00012230903096544
"21:43556562:G:T",-0.00546844223200793,2.00964243592949e-05,3.687520864748e-05,-0.00341758043818086,-0.00189735921624212,-0.00383566102792621,2.00964243592949e-05,-0.00256594807479615,-2.8038411187481e-05,-0.00279678066296363,-0.00749663596167993,-0.000108976048800891,-0.00038019537011813,-0.00134169603638412,5.69000038819212e-06,-0.0105506525336891,1.62014593563242e-05,-0.000108007688090161,6.13040619805716e-05,-0.00877446123739301,-0.000985942661198891,-0.00516296365575375,-0.000132830875863021,-0.000249803025080375,-0.000766090601761249,-0.00183305825934932,-0.00210888381617735,-0.00386142691171187,-0.00218752296007274,-6.15791013132139e-05,1.40191756514696e-06,-0.00144758489619079,-0.00353485343497528,-0.00318803808641643,-0.0016104133337782,-0.000788068743674319,2.30930730182877e-05,2.61475800025224e-05,-0.000108976048800891,-0.00103801887109833,-0.000841568959535799,-0.00584354703399459,-6.0891764461779e-05,-0.00558481776709385,-0.00121024643190726,-0.000426375359269926,-0.00284374311647273,2.46129950625118e-05,0.100055368064707,-0.000109933826109021,8.1937150112843e-05,8.4310432583834e-05,-3.19844143152892e-05,-0.000445116681136337,-0.00146483251537255,0.000162624250732435,-0.00221056943660258,-0.00170964151392816
"21:43557057:G:A",-0.00390602790807026,-0.00449907740316036,9.03700090546522e-05,-0.000891185748202794,7.56386428166778e-05,-0.00137943111561256,-0.00449907740316036,1.5269426114628e-05,-6.99030916706533e-05,-0.000146734795831271,-0.00425303507676267,-0.000607680313724934,-0.00360484619027623,-0.00443381760782735,-0.00133995472282589,-0.000310262708276277,-0.00118734234217399,-0.00115616353372339,0.00015056456470397,-0.000836727289471817,-0.000870273207987715,-0.0034655128355352,-0.000306637968330747,-7.52656836917609e-05,-0.000495921214755946,-8.85256367357812e-05,5.17214553177325e-05,-0.000308801501408773,5.50250949862274e-05,-0.00367021915360866,2.98715306534802e-06,-0.00280891218437951,0.000487663116713222,-3.41447184837307e-05,-0.00119185085528972,8.26284995980586e-05,5.50250949862274e-05,6.17429564631067e-05,0.00321315503933572,0.000242984876876129,-0.00519971726275514,-0.00460008196751183,-0.000149105612741174,0.000228009432490239,-0.00691568080192617,0.000639318736006977,0.000113599499051986,-0.00326144426481978,-0.000109933826109021,0.0724061635582931,-0.00013237884891204,-0.00284504232578442,-7.79019783845314e-05,-0.00146801626316106,-0.00399430404503409,-0.000162759996118034,-0.00147474155695271,-0.00114342619468566
"21:43557904:G:A",-0.000333363093385053,-0.00154608298283954,3.06111779773133e-05,-0.00208322670077266,-0.00398031617162875,-0.00882762904744583,-0.00154608298283954,-2.35390415426195e-06,-0.00338243847694031,-0.00124221242429101,-0.00803578745018596,-0.00206856386072918,-1.14845052667789e-06,-0.00128762035137076,-0.00691058874498118,-0.00437095956964617,-0.000656947306687528,-0.00196763786083221,-0.00137265950908994,-0.00302095522348367,-0.00191069081989781,-0.0088760155580605,-0.00120352582164696,-8.37135181246396e-05,-0.000476173112782696,-0.00676864979400893,-0.00398917631222506,-0.00418570648548311,-0.00173814573514885,-0.00263131009898254,-0.00380000110402801,-0.00569896957838045,-0.00178418753723708,-0.00281661987396031,-0.00516781826769996,-0.00534582408754325,2.01605916059222e-05,-0.00188435656141461,-0.00241058912010317,-0.00508533286759949,-0.00471850117678141,-0.00183003045599417,-0.00215163438827659,-0.000516862528419537,-0.00340868222715507,-0.0186891598192394,-0.000873022207122709,-0.00414771268143976,8.1937150112843e-05,-0.00013237884891204,0.168806884450105,-0.00420651323781485,-3.26477002312586e-05,-0.00377712909738248,-0.0016535366519701,9.01263012664799e-07,-0.000197450084716166,-0.00411185316120033
"21:43558120:C:T",-6.06464473023038e-05,-4.52702694895279e-05,-8.30253025991823e-05,1.03330186291828e-05,-8.01401418231151e-05,-0.00219603243752786,-4.52702694895279e-05,-1.95826523121667e-05,5.30035055543721e-05,-1.93108931068053e-06,-0.00140231987841899,-0.00175165777718078,-0.000224980794001794,-0.000148092703598834,-1.556561859406e-05,-0.00566712584059204,-4.48175904663728e-05,0.000204009920437009,-0.000144887052239362,-0.00311238157951177,-0.00405812323031451,-0.00779724617051247,-0.00283772357252143,6.00734530298297e-05,-0.00252883069016008,-0.0079527816584819,-4.94343672832187e-05,-0.00931228157464004,-5.3651947453659e-05,-2.52444155446341e-06,-3.81791372561224e-06,-0.00793500825398041,0.000749718266471078,2.60600649566456e-05,-0.00191027765592455,-0.00278370897849456,-0.00122534687822107,-0.00130471718192293,-0.0025566854722765,-0.00131281317029774,-0.00150022482854562,0.000193438124213685,-0.0022598708485857,-0.000134948236500509,-0.00137661575864989,-0.00475776808956985,-0.00277144390059814,-5.79240400382375e-05,8.4310432583834e-05,-0.00284504232578442,-0.00420651323781485,0.0911444212169044,6.35409880125337e-05,-0.000773919663885625,-8.56320348257e-05,0.000131957139044125,-0.00376582293840766,0.000483560375593051
"21:43559506:G:C",-0.00141888030261406,1.48205897207987e-05,2.72986605045489e-05,-0.00110343378979483,2.41657056712086e-05,-0.000809794295362209,1.48205897207987e-05,5.35469331097715e-06,-0.00124803501640613,-4.24958756681804e-05,-0.000372687182586873,-7.72039117062917e-05,-0.00141081378909735,-0.00224364618200124,4.26139990938879e-06,-0.00341018388586978,1.21630058131927e-05,-7.64979927829756e-05,-0.00265049784151028,-0.00124822054431828,-0.00482647286373528,-7.11637636463536e-05,-9.3726206676692e-05,-2.21160985738322e-05,-0.000151880500409263,-0.00558864859551811,1.59467735638685e-05,-0.00953312578421972,1.70845784310814e-05,-0.000242576155139673,1.04892504904086e-06,-0.00471442372296327,0.000144553437327666,-9.82775557378801e-06,-6.62401749886854e-05,-0.00551411023258552,1.70845784310814e-05,1.93957690086677e-05,-7.72039117062917e-05,-0.000569013219995362,-0.000170210603208432,-7.3593091635793e-05,-4.34052555480235e-05,-0.00504216416200798,-0.000472364981045637,-0.000606099429616869,-0.000109777456795079,-0.00207261107471801,-3.19844143152892e-05,-7.79019783845314e-05,-3.26477002312586e-05,6.35409880125337e-05,0.0579390413897487,-0.000967634998312761,-1.81615566576809e-05,-4.86523558240748e-05,0.000101745097744299,-0.00106219752821612
"21:43561732:C:T",-0.00350262816725344,-0.00150697210639805,-2.39831235120391e-05,-0.0062373823722166,-0.00507786226812579,-0.00566599510318744,-0.00150697210639805,-0.00086097181064293,-0.00128019111146349,-0.0023790394515113,-0.00386836905302346,-0.000118428210542199,-0.00434305034823579,-0.00461392264624205,-0.00074228360366746,-0.00335583170848874,-0.00432136707932118,-0.00335843822290327,-0.00764345796960253,-0.00827017351585946,-0.00703808061167299,-0.00880347677926485,-0.00434309491839269,2.99657282729626e-05,-0.00339610150015623,-0.00847465944342884,-6.27258084815452e-05,-0.0169037987128946,-0.000288293046215138,-0.00206511125327902,-1.8507524224276e-07,-0.0107581374157859,-0.00292171902739735,-0.000163120186282839,-0.00691678458151657,-0.00247423030482219,-0.00395270657087909,-0.00381165733440358,8.77310341018678e-05,-0.0132291780243805,-0.00161254115058096,-0.00138908393858372,-4.57539678309082e-05,-0.00491204274772938,-0.00653956487760743,-0.00265555464194955,-0.00613311140279782,-0.0102569519661211,-0.000445116681136337,-0.00146801626316106,-0.00377712909738248,-0.000773919663885625,-0.000967634998312761,0.208119310268331,-0.000922358082152464,-1.62932074601052e-05,6.2831049472134e-05,-0.00210438482039521
"21:43561813:C:T",-0.00247427391956823,1.12725443015549e-05,-0.000289022782936854,-0.00273112835170686,1.82863639199837e-05,-0.00333207903083776,1.12725443015549e-05,4.16472543740554e-06,-1.57820093837913e-05,-0.003545528898937,-6.15025201846642e-05,-0.000131919054387808,-0.000109808578909742,-0.000213227759209289,3.31791029406503e-06,-0.00177614508515589,-0.00187483070654348,-0.00366526892548613,3.36854174358692e-05,-0.00198210648851838,-0.000220774721091388,-0.00416673715913785,-0.000493756767984799,-1.73755451733371e-05,-0.000132762898652494,-0.000528361968123114,1.2125179062572e-05,-0.000419340581803151,1.29845720779898e-05,-0.00820270334658613,8.19219116543479e-07,-0.00337237132181301,-9.26539338115262e-05,-7.61503153068332e-06,-0.000260408316491656,-0.00163821013899623,1.29845720779898e-05,1.47238832095553e-05,-6.37943231627247e-05,-0.000349462065483586,4.83696017492541e-05,-6.05816695893324e-05,-0.00286221892887006,-0.00298058917167143,-0.00760911639050921,-0.000337972450024537,-0.00373968798891866,1.38507858942205e-05,-0.00146483251537255,-0.00399430404503409,-0.0016535366519701,-8.56320348257e-05,-1.81615566576809e-05,-0.000922358082152464,0.0740141197830622,-3.92141531060375e-05,6.96645599882473e-05,-0.00634448379161956
"21:43562331:T:A",-0.00216833127331029,3.07311851397429e-05,5.69098626526099e-05,-0.000214899463126805,-0.00354978605353562,-0.0109820824480682,3.07311851397429e-05,1.04449356639336e-05,-4.30521477250423e-05,-0.00128655830433289,-0.00650430272398994,-0.000161492210866143,-0.000322882668099211,-0.000227570546909917,8.31103193466021e-06,-0.000108028543986727,-0.00142951296943927,-0.000160209868580452,9.5142643111501e-05,-0.00611654224059421,-0.000830371129997509,-0.0170022821841282,-0.00019515381342039,-4.68060681440008e-05,-0.00218655646775456,-0.00134808054480029,3.29436296953034e-05,-0.000630394099259135,3.51796316273578e-05,-0.000108082280708466,2.04477934051539e-06,-0.0116733489462177,-0.00202382910929533,-2.09964302131382e-05,-0.00275538254181296,-0.00451323065121922,3.51796316273578e-05,3.97238177995973e-05,-0.000161492210866143,-0.00430131913223697,-0.0029668747721443,-0.000948354569087151,-9.23777431740547e-05,-0.00344946403337332,-0.00272698889537537,-0.00525188885426964,-0.00368229333819414,3.74395664906046e-05,0.000162624250732435,-0.000162759996118034,9.01263012664799e-07,0.000131957139044125,-4.86523558240748e-05,-1.62932074601052e-05,-3.92141531060375e-05,0.10190974860834,-0.000152646371247123,-0.00200962779933977
"21:43562393:C:T",-0.00407624299166187,-7.51926797182279e-05,-0.000137022683727395,-0.000496296725453149,-0.00136934628272556,-0.0048003732138775,-7.51926797182279e-05,-0.00290595767713331,-0.00415719926539548,6.8712666631221e-05,-0.00138152080025966,0.000332426971684008,-0.00596214939436912,-0.000295260496534056,-2.78832412980989e-05,-4.28181515097492e-05,-0.00305765504842626,-0.000131457876236141,-0.000242046887399816,-0.00253623632113298,-0.00204339177715518,-0.00266082246165533,0.000404538857268655,-0.0021979057706405,-0.000231074888406013,-0.00174839578479169,-8.26435056593411e-05,-0.00187179362711953,-0.00355936201205598,-0.0044631568183684,-6.83211591478994e-06,-0.000275572131905655,-0.00108757692867911,4.06940413055779e-05,-0.00513816332302586,-0.00674362321381672,-9.01952621470414e-05,-0.00282680863188567,-0.00158369218056365,-0.000870733965575354,-0.00219648386561788,-0.000735164411060474,-0.000441430559519951,-0.00239215251175917,-0.00108374260829258,0.00123224229639485,-0.000619586907490088,-9.78499929971122e-05,-0.00221056943660258,-0.00147474155695271,-0.000197450084716166,-0.00376582293840766,0.000101745097744299,6.2831049472134e-05,6.96645599882473e-05,-0.000152646371247123,0.0833957295367598,-0.00108934701664287
"21:43562531:T:C",-0.0125832578778069,-0.0015664497945771,0.000156117402611677,-0.00127965405276909,-0.00888246661718206,-0.00478874447707156,-0.0015664497945771,-9.09568923033177e-05,-0.00455236281782856,-0.00145627529072989,-0.00798051714622616,-0.000689532378152613,-0.0048703186686887,-0.00722940618644685,-0.00398875059993919,-0.00419627866850236,-0.00152609473326315,-0.00359039933148786,-0.00523770522642586,-0.00290994845214687,-0.00631905513220588,-0.00689968045493972,-0.00336531039001109,-0.000450721002406063,-0.00433807262401276,-0.0105115646780569,-0.00171397887452684,-0.0112637021428461,-0.00304027697913245,-0.00467517226427594,-0.000104356556239082,-0.00997818868771949,-0.00229824830195202,-0.00208760020317023,-0.0026652304834931,-0.00271527463897581,-0.00223698424367758,9.81929326195896e-05,0.00119260667073018,-0.00359887602492792,-0.00630928178462664,-0.00356257479907107,-0.00416720500625312,-0.00127938707272257,-0.00426482563480501,-0.00635359647070821,-0.0113326337026121,-0.00012230903096544,-0.00170964151392816,-0.00114342619468566,-0.00411185316120033,0.000483560375593051,-0.00106219752821612,-0.00210438482039521,-0.00634448379161956,-0.00200962779933977,-0.00108934701664287,0.212284160634931
