"","7:152342202:C:T","7:152342216:G:T","7:152343802:T:G","7:152343821:C:T","7:152343853:C:T","7:152344102:C:A","7:152345544:G:A","7:152346663:G:A","7:152347092:A:G","7:152352139:C:G","7:152354138:G:A","7:152359751:G:A","7:152359812:T:C","7:152360420:T:A","7:152361704:C:T","7:152364798:A:T","7:152368278:C:T","7:152369196:T:C","7:152369302:T:C","7:152369689:G:T","7:152370197:T:A","7:152371422:C:T","7:152373705:G:T"
"7:152342202:C:T",-0.000437241277517764,-3.92154326060989e-05,-0.00024504346338805,-1.19135520062486e-05,-9.62872741228082e-05,5.86538083338084e-05,-1.69215039713677e-05,2.71117295014278e-05,-2.17637737822685e-05,-0.000469016865904948,0.00065009347883116,-5.38744497875498e-05,-1.52710110139509e-05,-9.75651796046861e-05,0.000107862531732117,-3.92154326034344e-05,0.000889014578723923,-1.85535924321911e-05,-1.52710110139509e-05,-1.89681679643172e-05,-7.08098025032911e-05,-3.76842321330173e-05,-2.81201047664936e-05
"7:152342216:G:T",-3.92154326060989e-05,0.00828088662873139,5.35469331097715e-06,-6.7245135877414e-06,-5.71494901668856e-05,3.55222749286455e-05,-9.82775557556437e-06,1.59467735638685e-05,-1.2834773697179e-05,-0.002010974676252,-0.00152918134822855,-0.0027726737368603,-8.80425685689801e-06,-0.00217083077211022,6.21560098519325e-05,-2.30785079429197e-05,-0.00146036502350988,-1.08405650456334e-05,-8.80425685689801e-06,-9.57606496765351e-06,-4.15760807985777e-05,-2.21160985756086e-05,0.00179470697325179
"7:152343802:T:G",-0.00024504346338805,5.35469331097715e-06,0.0119901267799172,1.53309880968067e-06,-0.00172722616972543,-1.07887056213229e-05,-0.00199935191801082,-4.27576135386687e-06,3.10528250935249e-06,-0.00224702832869905,-3.90764071855898e-05,-0.00212373290509138,2.07544683039629e-06,-8.04773300711048e-06,-1.90552578533953e-05,-0.0016843075720816,-6.73717712516009e-05,2.59922868650619e-06,2.07544683039629e-06,1.64585113626714e-06,-0.00184199314299338,5.12498737847977e-06,3.65832085336137e-06
"7:152343821:C:T",-1.19135520062486e-05,-6.7245135877414e-06,1.53309880968067e-06,0.0134955180643139,-1.77895796609207e-05,9.33063700170322e-06,-0.00173525275263842,4.2875859094238e-06,-3.67711621596101e-06,-0.000808547373008395,-0.00274180028861082,-2.97318142212788e-05,-2.44216150324661e-06,-0.00197986167808928,1.45078762745499e-05,-0.00142708873440256,-0.00286674867019432,-3.06313312758988e-06,-2.44216150324661e-06,-2.2416348608445e-06,-1.24701958332807e-05,-6.41312562876806e-06,-0.00186696877721637
"7:152343853:C:T",-9.62872741228082e-05,-5.71494901668856e-05,-0.00172722616972543,-1.77895796609207e-05,0.0156601253048372,-0.00119263829779026,-2.4635256126615e-05,-0.000876739509648949,-3.12707491145758e-05,-0.00034358013598812,-0.000294586340046976,-0.000318452990142326,-0.00307612030290194,6.00181626282392e-05,-0.00243248958752851,-5.71494901642211e-05,-0.00011929698282831,-2.68699662919758e-05,-2.23771969949382e-05,4.7192334935886e-05,-0.00158322124005394,-0.0034275970431894,-4.1858199914202e-05
"7:152344102:C:A",5.86538083338084e-05,3.55222749286455e-05,-1.07887056213229e-05,9.33063700170322e-06,-0.00119263829779026,0.0204021139312065,-0.00182348115464226,-2.92224083251469e-05,2.08211161947247e-05,-0.00384006786819313,-0.000854798385180544,-0.00036860364384772,-6.67200024109249e-05,-0.00184922763192308,-0.000130494420980121,-0.0014900584323545,-0.000687300324759832,1.71337686500905e-05,1.33060229234871e-05,-0.0049452306913782,-0.000989746645388756,-0.000204679067000946,-0.00207382387944222
"7:152345544:G:A",-1.69215039713677e-05,-9.82775557556437e-06,-0.00199935191801082,-0.00173525275263842,-2.4635256126615e-05,-0.00182348115464226,0.0245825249307758,6.73373931014964e-06,-5.46561927272649e-06,-0.00211139442931874,-0.00314129289209131,-0.00175648410395635,-0.00168710332464794,-0.0025728240909384,2.5503072187405e-05,-0.00132438668591561,-0.00326696810041227,-4.5784345807931e-06,-3.67455191074839e-06,-0.00167214896436807,-1.77125293605584e-05,-0.00143455839190754,-6.69928262730934e-06
"7:152346663:G:A",2.71117295014278e-05,1.59467735638685e-05,-4.27576135386687e-06,4.2875859094238e-06,-0.000876739509648949,-2.92224083251469e-05,6.73373931014964e-06,0.00389956327014129,9.09020117845216e-06,-0.000403361945939373,-0.000181761944629599,-0.00166772417280114,5.92856881009851e-06,-2.21880098179028e-05,-4.82167707644976e-05,1.59467735638685e-05,-0.000201235812507861,7.52894712441332e-06,5.92856881009851e-06,3.98019609626488e-06,-0.000593048635594506,1.52015690160212e-05,1.05270483574671e-05
"7:152347092:A:G",-2.17637737822685e-05,-1.2834773697179e-05,3.10528250935249e-06,-3.67711621596101e-06,-3.12707491145758e-05,2.08211161947247e-05,-5.46561927272649e-06,9.09020117845216e-06,-0.000633913571698841,0.000151158761779513,0.000244685340134332,-1.66186139169966e-05,-4.87614766786493e-06,1.58932697651437e-05,3.60905043423898e-05,-1.28347736954026e-05,0.000322070719315448,-6.04854356645035e-06,-4.87614766786493e-06,-4.79974578215803e-06,-2.28041241614463e-05,-1.22843831880104e-05,-8.84711179161002e-06
"7:152352139:C:G",-0.000469016865904948,-0.002010974676252,-0.00224702832869905,-0.000808547373008395,-0.00034358013598812,-0.00384006786819313,-0.00211139442931874,-0.000403361945939373,0.000151158761779513,0.0255420663197161,0.000399236757921528,8.70019175991388e-05,-0.00197397917203368,-0.000621789043979248,-0.00039784383447472,-0.00164351999316192,0.000504703073468615,-0.00256149764263913,-0.00453414905420058,-0.00267126145150343,-0.000218877070444101,8.65381962373846e-05,8.61838590182629e-05
"7:152354138:G:A",0.00065009347883116,-0.00152918134822855,-3.90764071855898e-05,-0.00274180028861082,-0.000294586340046976,-0.000854798385180544,-0.00314129289209131,-0.000181761944629599,0.000244685340134332,0.000399236757921528,0.0315660691866677,-0.000149152110013873,-0.00339079046787827,-0.00222240836822163,6.62618957925076e-07,-0.00361186349858666,-0.0023873178689664,-0.00139937797738821,-0.00151834474881607,-0.000705336854039729,-0.000536736388319525,-0.00282841575733705,-0.00532850573697186
"7:152359751:G:A",-5.38744497875498e-05,-0.0027726737368603,-0.00212373290509138,-2.97318142212788e-05,-0.000318452990142326,-0.00036860364384772,-0.00175648410395635,-0.00166772417280114,-1.66186139169966e-05,8.70019175991388e-05,-0.000149152110013873,0.0206971460560563,-5.75072647173158e-05,-0.00409914155507263,6.51478423900897e-05,-0.00146127060789958,-0.000833713950716408,-1.40276865900901e-05,-1.14015295613612e-05,-6.77779539834944e-05,-0.000198621237504248,-0.000174460130776488,-0.00467432535858503
"7:152359812:T:C",-1.52710110139509e-05,-8.80425685689801e-06,2.07544683039629e-06,-2.44216150324661e-06,-0.00307612030290194,-6.67200024109249e-05,-0.00168710332464794,5.92856881009851e-06,-4.87614766786493e-06,-0.00197397917203368,-0.00339079046787827,-5.75072647173158e-05,0.0192329229554362,-2.8414300321522e-05,2.1884457298782e-05,-0.0013801800261426,-0.0032226215661435,-4.07845553240804e-06,-3.26722690680015e-06,3.83901507623463e-05,-0.00291015910355785,-0.00146289428414725,-5.97250475387057e-06
"7:152360420:T:A",-9.75651796046861e-05,-0.00217083077211022,-8.04773300711048e-06,-0.00197986167808928,6.00181626282392e-05,-0.00184922763192308,-0.0025728240909384,-2.21880098179028e-05,1.58932697651437e-05,-0.000621789043979248,-0.00222240836822163,-0.00409914155507263,-2.8414300321522e-05,0.0258820073407691,-0.000294156061912076,-0.00296575344322303,-0.00196373642234615,1.31415032713633e-05,1.02873413627691e-05,-0.00246823070387148,4.51002221675267e-05,-0.000111900440787238,-0.00255037240473843
"7:152361704:C:T",0.000107862531732117,6.21560098519325e-05,-1.90552578533953e-05,1.45078762745499e-05,-0.00243248958752851,-0.000130494420980121,2.5503072187405e-05,-4.82167707644976e-05,3.60905043423898e-05,-0.00039784383447472,6.62618957925076e-07,6.51478423900897e-05,2.1884457298782e-05,-0.000294156061912076,0.00292084267940762,6.21560098528207e-05,1.43482408612172e-05,2.9076394186589e-05,2.1884457298782e-05,1.61094327211231e-06,-0.000157814733014128,5.87759087489204e-05,3.75611198641934e-05
"7:152364798:A:T",-3.92154326034344e-05,-2.30785079429197e-05,-0.0016843075720816,-0.00142708873440256,-5.71494901642211e-05,-0.0014900584323545,-0.00132438668591561,1.59467735638685e-05,-1.28347736954026e-05,-0.00164351999316192,-0.00361186349858666,-0.00146127060789958,-0.0013801800261426,-0.00296575344322303,6.21560098528207e-05,0.0233671432189801,-0.00374721065453887,-1.08405650447452e-05,-8.80425685600983e-06,-0.00136482522247938,-4.15760807976895e-05,-0.00113516309077166,-1.61189337344325e-05
"7:152368278:C:T",0.000889014578723923,-0.00146036502350988,-6.73717712516009e-05,-0.00286674867019432,-0.00011929698282831,-0.000687300324759832,-0.00326696810041227,-0.000201235812507861,0.000322070719315448,0.000504703073468615,-0.0023873178689664,-0.000833713950716408,-0.0032226215661435,-0.00196373642234615,1.43482408612172e-05,-0.00374721065453887,0.0305237379207441,-0.0013212624474237,-0.00143947847860737,-0.00057280393118031,-0.000350900298602852,-0.00266995250353297,-0.00507558972559075
"7:152369196:T:C",-1.85535924321911e-05,-1.08405650456334e-05,2.59922868650619e-06,-3.06313312758988e-06,-2.68699662919758e-05,1.71337686500905e-05,-4.5784345807931e-06,7.52894712441332e-06,-6.04854356645035e-06,-0.00256149764263913,-0.00139937797738821,-1.40276865900901e-05,-4.07845553240804e-06,1.31415032713633e-05,2.9076394186589e-05,-1.08405650447452e-05,-0.0013212624474237,0.0053567802988459,-4.07845553240804e-06,-3.92881922905985e-06,-1.94261671335738e-05,-1.03670743758499e-05,-7.42061483105516e-06
"7:152369302:T:C",-1.52710110139509e-05,-8.80425685689801e-06,2.07544683039629e-06,-2.44216150324661e-06,-2.23771969949382e-05,1.33060229234871e-05,-3.67455191074839e-06,5.92856881009851e-06,-4.87614766786493e-06,-0.00453414905420058,-0.00151834474881607,-1.14015295613612e-05,-3.26722690680015e-06,1.02873413627691e-05,2.1884457298782e-05,-8.80425685600983e-06,-0.00143947847860737,-4.07845553240804e-06,0.00755692766132743,-3.07538158228482e-06,-1.59821454985831e-05,-8.41039028998125e-06,-5.97250475387057e-06
"7:152369689:G:T",-1.89681679643172e-05,-9.57606496765351e-06,1.64585113626714e-06,-2.2416348608445e-06,4.7192334935886e-05,-0.0049452306913782,-0.00167214896436807,3.98019609626488e-06,-4.79974578215803e-06,-0.00267126145150343,-0.000705336854039729,-6.77779539834944e-05,3.83901507623463e-05,-0.00246823070387148,1.61094327211231e-06,-0.00136482522247938,-0.00057280393118031,-3.92881922905985e-06,-3.07538158228482e-06,0.0166036256354047,2.30058321069038e-05,7.85558420748345e-05,-0.00228780119859895
"7:152370197:T:A",-7.08098025032911e-05,-4.15760807985777e-05,-0.00184199314299338,-1.24701958332807e-05,-0.00158322124005394,-0.000989746645388756,-1.77125293605584e-05,-0.000593048635594506,-2.28041241614463e-05,-0.000218877070444101,-0.000536736388319525,-0.000198621237504248,-0.00291015910355785,4.51002221675267e-05,-0.000157814733014128,-4.15760807976895e-05,-0.000350900298602852,-1.94261671335738e-05,-1.59821454985831e-05,2.30058321069038e-05,0.0128380590495389,-0.00325295821198957,-2.97312702635111e-05
"7:152371422:C:T",-3.76842321330173e-05,-2.21160985756086e-05,5.12498737847977e-06,-6.41312562876806e-06,-0.0034275970431894,-0.000204679067000946,-0.00143455839190754,1.52015690160212e-05,-1.22843831880104e-05,8.65381962373846e-05,-0.00282841575733705,-0.000174460130776488,-0.00146289428414725,-0.000111900440787238,5.87759087489204e-05,-0.00113516309077166,-0.00266995250353297,-1.03670743758499e-05,-8.41039028998125e-06,7.85558420748345e-05,-0.00325295821198957,0.0165710657655112,-1.54080433354409e-05
"7:152373705:G:T",-2.81201047664936e-05,0.00179470697325179,3.65832085336137e-06,-0.00186696877721637,-4.1858199914202e-05,-0.00207382387944222,-6.69928262730934e-06,1.05270483574671e-05,-8.84711179161002e-06,8.61838590182629e-05,-0.00532850573697186,-0.00467432535858503,-5.97250475387057e-06,-0.00255037240473843,3.75611198641934e-05,-1.61189337344325e-05,-0.00507558972559075,-7.42061483105516e-06,-5.97250475387057e-06,-0.00228780119859895,-2.97312702635111e-05,-1.54080433354409e-05,0.0220908983305703
